Record_ID,Hour_of_Day,Road_Type,Weather,Traffic_Density,Speed_Limit,Reported_Severity,NLP_Risk_Flag,Corrected_Severity
0,18,Urban,Clear,79,40,0,0,0
1,17,Rural,Fog,78,60,0,0,0
2,13,Rural,Clear,47,60,0,0,0
3,5,Highway,Clear,59,100,0,0,0
4,3,Rural,Clear,36,60,0,0,0
5,1,Rural,Snow,26,60,0,0,0
6,10,Urban,Clear,69,40,0,0,0
7,1,Highway,Fog,59,100,1,1,1
8,21,Highway,Rain,52,100,0,0,0
9,15,Highway,Clear,45,100,0,0,0
10,15,Rural,Fog,28,60,0,0,0
11,18,Urban,Rain,76,40,0,0,0
12,2,Rural,Clear,39,60,0,0,0
13,2,Highway,Clear,35,100,0,0,0
14,6,Rural,Rain,47,60,0,0,0
15,21,Highway,Clear,38,100,0,0,0
16,11,Highway,Clear,58,100,0,0,0
17,20,Highway,Clear,40,100,0,0,0
18,5,Rural,Clear,20,60,0,0,0
19,9,Highway,Rain,76,100,0,0,0
20,23,Highway,Clear,47,100,0,0,0
21,9,Highway,Clear,86,100,0,0,0
22,1,Urban,Clear,37,40,0,0,0
23,9,Highway,Clear,79,100,0,0,0
24,12,Urban,Rain,22,40,0,0,0
25,21,Rural,Clear,43,60,0,0,0
26,0,Rural,Clear,44,60,0,0,0
27,3,Urban,Snow,41,40,0,0,0
28,4,Urban,Clear,34,40,0,0,0
29,23,Highway,Rain,46,100,1,1,1
30,5,Rural,Rain,38,60,0,0,0
31,2,Highway,Clear,49,100,0,0,0
32,4,Highway,Clear,38,100,0,0,0
33,11,Highway,Clear,41,100,0,0,0
34,4,Rural,Clear,27,60,0,0,0
35,3,Rural,Clear,23,60,0,0,0
36,10,Highway,Clear,92,100,0,0,0
37,21,Urban,Snow,29,40,0,0,0
38,12,Rural,Clear,22,60,0,0,0
39,13,Rural,Rain,23,60,0,0,0
40,22,Urban,Clear,39,40,0,0,0
41,8,Highway,Clear,92,100,0,0,0
42,6,Urban,Rain,20,40,0,0,0
43,16,Urban,Clear,27,40,0,0,0
44,0,Rural,Clear,34,60,0,0,0
45,8,Rural,Rain,74,60,0,0,0
46,18,Rural,Rain,89,60,0,0,0
47,15,Rural,Clear,31,60,0,0,0
48,5,Urban,Fog,49,40,0,0,0
49,23,Urban,Clear,32,40,0,0,0
50,8,Rural,Clear,79,60,0,0,0
51,15,Highway,Rain,55,100,0,0,0
52,4,Highway,Clear,50,100,0,0,0
53,3,Urban,Rain,20,40,0,0,0
54,14,Highway,Clear,38,100,0,0,0
55,16,Rural,Clear,22,60,0,0,0
56,1,Highway,Clear,42,100,1,1,1
57,3,Rural,Rain,25,60,0,0,0
58,20,Highway,Clear,57,100,0,0,0
59,0,Urban,Clear,34,40,0,0,0
60,5,Rural,Rain,25,60,0,0,0
61,23,Urban,Rain,23,40,0,0,0
62,23,Urban,Clear,37,40,0,0,0
63,23,Rural,Clear,43,60,0,0,0
64,0,Highway,Rain,41,100,1,1,1
65,1,Highway,Clear,37,100,1,1,1
66,7,Rural,Clear,31,60,0,0,0
67,7,Urban,Rain,31,40,0,0,0
68,22,Rural,Clear,36,60,0,0,0
69,14,Rural,Snow,48,60,0,0,0
70,2,Rural,Clear,45,60,0,0,0
71,23,Urban,Clear,48,40,0,0,0
72,14,Rural,Clear,24,60,0,0,0
73,11,Highway,Clear,32,100,0,0,0
74,2,Urban,Rain,24,40,0,0,0
75,15,Rural,Snow,27,60,0,0,0
76,18,Urban,Clear,71,40,0,0,0
77,17,Highway,Rain,99,100,1,1,1
78,23,Highway,Clear,32,100,0,0,0
79,13,Urban,Rain,42,40,0,0,0
80,14,Highway,Rain,47,100,0,0,0
81,23,Highway,Rain,53,100,1,1,1
82,17,Urban,Fog,83,40,0,0,0
83,9,Urban,Clear,78,40,0,0,0
84,10,Highway,Clear,100,100,0,0,0
85,3,Highway,Rain,46,100,1,1,1
86,11,Highway,Rain,55,100,0,0,0
87,9,Rural,Clear,83,60,0,0,0
88,6,Highway,Rain,31,100,1,1,1
89,14,Highway,Clear,52,100,0,0,0
90,6,Highway,Fog,38,100,0,0,0
91,8,Highway,Rain,79,100,0,0,0
92,15,Rural,Rain,27,60,0,0,0
93,0,Highway,Clear,45,100,0,0,0
94,15,Urban,Clear,22,40,0,0,0
95,10,Rural,Clear,76,60,0,0,0
96,12,Rural,Snow,43,60,0,0,0
97,20,Rural,Clear,25,60,0,0,0
98,14,Rural,Clear,45,60,0,0,0
99,5,Highway,Snow,50,100,1,1,1
100,5,Urban,Clear,23,40,0,0,0
101,7,Rural,Clear,25,60,0,0,0
102,4,Rural,Clear,35,60,0,0,0
103,17,Rural,Clear,69,60,0,0,0
104,10,Rural,Clear,83,60,0,0,0
105,6,Rural,Rain,37,60,0,0,0
106,5,Highway,Rain,57,100,0,0,0
107,2,Urban,Rain,21,40,0,0,0
108,4,Highway,Clear,46,100,0,0,0
109,18,Rural,Clear,77,60,0,0,0
110,12,Rural,Rain,41,60,0,0,0
111,3,Urban,Rain,21,40,0,0,0
112,6,Highway,Clear,55,100,0,0,0
113,20,Highway,Clear,51,100,0,0,0
114,1,Rural,Clear,24,60,0,0,0
115,15,Urban,Clear,30,40,0,0,0
116,19,Urban,Clear,85,40,0,0,0
117,3,Highway,Clear,51,100,0,0,0
118,3,Highway,Clear,36,100,0,0,0
119,1,Highway,Clear,47,100,0,0,0
120,12,Urban,Clear,42,40,0,0,0
121,10,Rural,Clear,79,60,0,0,0
122,12,Highway,Clear,60,100,0,0,0
123,3,Urban,Fog,22,40,0,0,0
124,17,Highway,Clear,99,100,0,0,0
125,2,Urban,Clear,44,40,0,0,0
126,5,Urban,Clear,24,40,0,0,0
127,14,Rural,Snow,31,60,0,0,0
128,23,Urban,Fog,44,40,0,0,0
129,9,Urban,Clear,72,40,0,0,0
130,7,Highway,Clear,45,100,0,0,0
131,8,Urban,Clear,79,40,0,0,0
132,12,Rural,Clear,21,60,0,0,0
133,2,Urban,Clear,20,40,0,0,0
134,14,Rural,Clear,38,60,0,0,0
135,5,Rural,Clear,49,60,0,0,0
136,22,Rural,Fog,35,60,0,0,0
137,2,Rural,Rain,33,60,0,0,0
138,3,Highway,Rain,30,100,1,1,1
139,20,Urban,Rain,32,40,0,0,0
140,2,Urban,Clear,47,40,0,0,0
141,12,Urban,Snow,26,40,0,0,0
142,13,Rural,Fog,39,60,0,0,0
143,22,Rural,Clear,39,60,0,0,0
144,16,Rural,Rain,39,60,0,0,0
145,22,Rural,Rain,33,60,0,0,0
146,22,Highway,Clear,57,100,0,0,0
147,7,Urban,Rain,35,40,0,0,0
148,3,Rural,Clear,38,60,0,0,0
149,11,Urban,Fog,29,40,0,0,0
150,5,Urban,Rain,32,40,0,0,0
151,9,Urban,Clear,66,40,0,0,0
152,0,Highway,Rain,58,100,1,1,1
153,13,Rural,Clear,37,60,0,0,0
154,16,Rural,Fog,31,60,0,0,0
155,6,Urban,Rain,37,40,0,0,0
156,5,Urban,Clear,24,40,0,0,0
157,7,Highway,Clear,44,100,0,0,0
158,14,Urban,Rain,31,40,0,0,0
159,23,Rural,Rain,27,60,0,0,0
160,6,Urban,Clear,35,40,0,0,0
161,4,Highway,Clear,56,100,0,0,0
162,1,Urban,Clear,26,40,0,0,0
163,5,Urban,Snow,38,40,0,0,0
164,7,Rural,Fog,33,60,0,0,0
165,1,Rural,Clear,40,60,0,0,0
166,12,Highway,Clear,56,100,0,0,0
167,18,Rural,Rain,67,60,0,0,0
168,13,Highway,Clear,32,100,0,0,0
169,9,Rural,Clear,74,60,0,0,0
170,10,Urban,Snow,77,40,0,0,0
171,7,Urban,Clear,37,40,0,0,0
172,17,Highway,Fog,84,100,0,0,0
173,11,Rural,Rain,23,60,0,0,0
174,14,Highway,Rain,43,100,0,0,0
175,3,Rural,Rain,37,60,0,0,0
176,9,Highway,Fog,70,100,0,0,0
177,23,Urban,Rain,28,40,0,0,0
178,5,Urban,Clear,20,40,0,0,0
179,9,Highway,Rain,75,100,0,0,0
180,14,Highway,Clear,52,100,0,0,0
181,6,Rural,Rain,45,60,0,0,0
182,1,Rural,Rain,37,60,0,0,0
183,22,Rural,Fog,36,60,0,0,0
184,13,Highway,Rain,44,100,0,0,0
185,20,Urban,Clear,36,40,0,0,0
186,16,Highway,Rain,45,100,0,0,0
187,23,Urban,Clear,46,40,0,0,0
188,19,Highway,Clear,78,100,0,0,0
189,20,Urban,Rain,38,40,0,0,0
190,15,Urban,Clear,25,40,0,0,0
191,0,Urban,Rain,38,40,0,0,0
192,17,Urban,Clear,68,40,0,0,0
193,3,Urban,Clear,47,40,0,0,0
194,11,Rural,Clear,29,60,0,0,0
195,9,Highway,Rain,94,100,0,0,0
196,23,Urban,Rain,44,40,0,0,0
197,15,Highway,Clear,41,100,0,0,0
198,18,Highway,Clear,87,100,0,0,0
199,4,Urban,Clear,43,40,0,0,0
200,3,Rural,Rain,32,60,0,0,0
201,12,Highway,Clear,32,100,0,0,0
202,8,Urban,Rain,69,40,0,0,0
203,4,Highway,Clear,39,100,1,1,1
204,5,Rural,Clear,22,60,0,0,0
205,20,Rural,Clear,48,60,0,0,0
206,17,Rural,Clear,82,60,0,0,0
207,11,Rural,Clear,30,60,0,0,0
208,3,Highway,Clear,54,100,1,1,1
209,21,Highway,Rain,49,100,1,1,1
210,6,Highway,Rain,46,100,0,0,0
211,6,Rural,Clear,43,60,0,0,0
212,13,Urban,Clear,44,40,0,0,0
213,11,Rural,Clear,35,60,0,0,0
214,11,Highway,Clear,49,100,0,0,0
215,20,Rural,Clear,48,60,0,0,0
216,5,Highway,Clear,44,100,0,0,0
217,23,Rural,Clear,47,60,0,0,0
218,23,Highway,Snow,44,100,1,1,1
219,1,Highway,Clear,51,100,1,1,1
220,17,Highway,Clear,92,100,0,0,0
221,5,Rural,Rain,50,60,0,0,0
222,22,Urban,Clear,32,40,0,0,0
223,12,Rural,Clear,34,60,0,0,0
224,9,Urban,Clear,75,40,0,0,0
225,5,Rural,Clear,44,60,0,0,0
226,21,Rural,Clear,39,60,0,0,0
227,0,Urban,Fog,30,40,0,0,0
228,10,Rural,Clear,60,60,0,0,0
229,12,Urban,Clear,26,40,0,0,0
230,15,Highway,Clear,38,100,0,0,0
231,14,Highway,Clear,45,100,0,0,0
232,23,Highway,Fog,51,100,1,1,1
233,7,Urban,Clear,49,40,0,0,0
234,22,Urban,Clear,31,40,0,0,0
235,23,Highway,Rain,35,100,1,1,1
236,0,Urban,Rain,22,40,0,0,0
237,11,Urban,Clear,42,40,0,0,0
238,0,Highway,Clear,58,100,0,0,0
239,9,Rural,Clear,67,60,0,0,0
240,8,Highway,Clear,88,100,0,0,0
241,7,Highway,Clear,32,100,0,0,0
242,21,Rural,Clear,28,60,0,0,0
243,22,Highway,Rain,48,100,1,1,1
244,5,Urban,Clear,49,40,0,0,0
245,14,Urban,Clear,24,40,0,0,0
246,14,Highway,Clear,50,100,0,0,0
247,10,Urban,Clear,87,40,0,0,0
248,21,Urban,Fog,34,40,0,0,0
249,13,Urban,Fog,25,40,0,0,0
250,22,Rural,Rain,36,60,0,0,0
251,7,Highway,Clear,49,100,0,0,0
252,11,Highway,Clear,56,100,0,0,0
253,0,Rural,Clear,21,60,0,0,0
254,1,Highway,Clear,60,100,1,1,1
255,3,Rural,Clear,44,60,0,0,0
256,3,Rural,Clear,34,60,0,0,0
257,11,Urban,Rain,32,40,0,0,0
258,14,Rural,Clear,31,60,0,0,0
259,21,Highway,Clear,50,100,0,0,0
260,21,Rural,Rain,31,60,0,0,0
261,6,Highway,Clear,55,100,0,0,0
262,1,Highway,Clear,30,100,1,1,1
263,12,Urban,Clear,37,40,0,0,0
264,0,Rural,Clear,42,60,0,0,0
265,18,Urban,Clear,71,40,0,0,0
266,4,Highway,Clear,33,100,0,0,0
267,20,Urban,Clear,24,40,0,0,0
268,7,Urban,Clear,45,40,0,0,0
269,7,Highway,Clear,41,100,0,0,0
270,18,Rural,Clear,68,60,0,0,0
271,2,Urban,Snow,31,40,0,0,0
272,14,Rural,Clear,44,60,0,0,0
273,17,Urban,Rain,63,40,0,0,0
274,7,Urban,Clear,23,40,0,0,0
275,6,Highway,Clear,44,100,0,0,0
276,10,Urban,Clear,77,40,0,0,0
277,5,Urban,Clear,38,40,0,0,0
278,17,Rural,Clear,79,60,0,0,0
279,20,Urban,Rain,29,40,0,0,0
280,14,Rural,Clear,50,60,0,0,0
281,6,Urban,Clear,27,40,0,0,0
282,15,Highway,Clear,39,100,0,0,0
283,0,Urban,Clear,42,40,0,0,0
284,0,Urban,Clear,48,40,0,0,0
285,10,Urban,Rain,86,40,0,0,0
286,18,Rural,Clear,86,60,0,0,0
287,14,Highway,Fog,58,100,0,0,0
288,22,Urban,Clear,21,40,0,0,0
289,4,Urban,Rain,31,40,0,0,0
290,21,Highway,Clear,55,100,0,0,0
291,19,Rural,Clear,84,60,0,0,0
292,17,Urban,Clear,76,40,0,0,0
293,17,Highway,Clear,99,100,0,0,0
294,13,Highway,Clear,39,100,0,0,0
295,18,Highway,Rain,98,100,0,0,0
296,13,Rural,Clear,22,60,0,0,0
297,9,Rural,Clear,87,60,0,0,0
298,23,Highway,Clear,53,100,1,1,1
299,0,Rural,Rain,46,60,0,0,0
300,7,Highway,Clear,52,100,0,0,0
301,8,Rural,Clear,71,60,0,0,0
302,0,Urban,Clear,38,40,0,0,0
303,8,Rural,Rain,68,60,0,0,0
304,21,Urban,Clear,31,40,0,0,0
305,9,Rural,Clear,81,60,0,0,0
306,0,Urban,Clear,28,40,0,0,0
307,3,Urban,Fog,47,40,0,0,0
308,13,Urban,Rain,47,40,0,0,0
309,7,Rural,Clear,24,60,0,0,0
310,14,Highway,Clear,39,100,0,0,0
311,11,Rural,Rain,25,60,0,0,0
312,18,Rural,Clear,79,60,0,0,0
313,12,Rural,Fog,22,60,0,0,0
314,5,Highway,Rain,54,100,0,0,0
315,16,Rural,Rain,43,60,0,0,0
316,8,Highway,Clear,72,100,0,0,0
317,15,Highway,Rain,31,100,1,1,1
318,22,Highway,Rain,37,100,1,1,1
319,20,Rural,Clear,30,60,0,0,0
320,23,Urban,Clear,44,40,0,0,0
321,0,Rural,Clear,50,60,0,0,0
322,21,Urban,Fog,23,40,0,0,0
323,5,Rural,Rain,35,60,0,0,0
324,19,Rural,Clear,80,60,0,0,0
325,8,Urban,Clear,63,40,0,0,0
326,22,Highway,Rain,31,100,1,1,1
327,7,Rural,Clear,23,60,0,0,0
328,11,Highway,Clear,33,100,0,0,0
329,10,Highway,Clear,74,100,0,0,0
330,23,Urban,Rain,37,40,0,0,0
331,17,Rural,Clear,66,60,0,0,0
332,4,Highway,Clear,59,100,1,1,1
333,8,Rural,Clear,88,60,0,0,0
334,23,Rural,Clear,31,60,0,0,0
335,5,Rural,Clear,30,60,0,0,0
336,22,Highway,Clear,53,100,1,1,1
337,17,Rural,Fog,85,60,0,0,0
338,23,Highway,Clear,58,100,0,0,0
339,14,Highway,Rain,55,100,0,0,0
340,16,Rural,Fog,34,60,0,0,0
341,16,Urban,Clear,26,40,0,0,0
342,3,Urban,Rain,43,40,0,0,0
343,2,Urban,Clear,23,40,0,0,0
344,12,Highway,Clear,42,100,0,0,0
345,11,Highway,Rain,37,100,0,0,0
346,22,Highway,Clear,49,100,1,1,1
347,6,Rural,Fog,35,60,0,0,0
348,16,Urban,Clear,39,40,0,0,0
349,11,Rural,Clear,29,60,0,0,0
350,8,Rural,Rain,90,60,0,0,0
351,15,Highway,Snow,36,100,0,0,0
352,9,Urban,Clear,71,40,0,0,0
353,19,Urban,Rain,82,40,0,0,0
354,10,Highway,Clear,84,100,0,0,0
355,18,Highway,Rain,93,100,0,0,0
356,10,Rural,Clear,69,60,0,0,0
357,9,Urban,Fog,69,40,0,0,0
358,17,Urban,Snow,76,40,0,0,0
359,2,Urban,Fog,28,40,0,0,0
360,8,Urban,Rain,63,40,0,0,0
361,3,Urban,Clear,26,40,0,0,0
362,1,Highway,Clear,36,100,1,1,1
363,7,Highway,Clear,32,100,0,0,0
364,22,Highway,Rain,56,100,1,1,1
365,1,Rural,Rain,36,60,0,0,0
366,10,Rural,Snow,85,60,0,0,0
367,5,Highway,Clear,39,100,0,0,0
368,10,Highway,Clear,85,100,0,0,0
369,2,Urban,Clear,34,40,0,0,0
370,6,Highway,Clear,37,100,0,0,0
371,19,Rural,Clear,77,60,0,0,0
372,7,Highway,Clear,43,100,0,0,0
373,0,Urban,Rain,36,40,0,0,0
374,2,Urban,Clear,43,40,0,0,0
375,5,Highway,Clear,32,100,0,0,0
376,16,Rural,Clear,36,60,0,0,0
377,15,Rural,Rain,29,60,0,0,0
378,12,Urban,Clear,27,40,0,0,0
379,8,Rural,Clear,68,60,0,0,0
380,19,Urban,Rain,90,40,0,0,0
381,1,Highway,Clear,34,100,0,0,0
382,10,Rural,Rain,68,60,0,0,0
383,20,Highway,Clear,46,100,0,0,0
384,13,Urban,Clear,44,40,0,0,0
385,8,Rural,Clear,86,60,0,0,0
386,14,Rural,Fog,22,60,0,0,0
387,15,Rural,Clear,47,60,0,0,0
388,19,Urban,Clear,64,40,0,0,0
389,1,Urban,Fog,43,40,0,0,0
390,14,Urban,Clear,46,40,0,0,0
391,17,Rural,Clear,90,60,0,0,0
392,15,Urban,Rain,40,40,0,0,0
393,4,Highway,Clear,30,100,0,0,0
394,15,Highway,Rain,42,100,1,1,1
395,19,Rural,Rain,72,60,0,0,0
396,8,Urban,Clear,80,40,0,0,0
397,0,Rural,Rain,22,60,0,0,0
398,10,Rural,Clear,73,60,0,0,0
399,14,Urban,Clear,48,40,0,0,0
400,7,Rural,Clear,36,60,0,0,0
401,15,Urban,Rain,43,40,0,0,0
402,6,Rural,Clear,47,60,0,0,0
403,9,Urban,Rain,85,40,0,0,0
404,23,Urban,Clear,44,40,0,0,0
405,22,Highway,Clear,39,100,0,0,0
406,7,Highway,Clear,60,100,0,0,0
407,1,Rural,Clear,50,60,0,0,0
408,2,Highway,Clear,54,100,0,0,0
409,5,Highway,Rain,31,100,0,0,0
410,7,Urban,Rain,33,40,0,0,0
411,19,Rural,Clear,68,60,0,0,0
412,8,Highway,Clear,97,100,0,0,0
413,0,Rural,Clear,42,60,0,0,0
414,22,Highway,Clear,42,100,0,0,0
415,5,Urban,Clear,22,40,0,0,0
416,14,Urban,Clear,41,40,0,0,0
417,12,Rural,Fog,21,60,0,0,0
418,19,Urban,Snow,78,40,0,0,0
419,22,Rural,Clear,28,60,0,0,0
420,15,Highway,Clear,58,100,0,0,0
421,14,Highway,Clear,36,100,0,0,0
422,19,Highway,Rain,78,100,0,0,0
423,16,Highway,Clear,34,100,0,0,0
424,0,Urban,Snow,38,40,0,0,0
425,22,Rural,Clear,45,60,0,0,0
426,12,Urban,Rain,39,40,0,0,0
427,9,Rural,Rain,75,60,0,0,0
428,22,Rural,Clear,34,60,0,0,0
429,8,Rural,Snow,63,60,0,0,0
430,2,Urban,Clear,47,40,0,0,0
431,6,Urban,Rain,49,40,0,0,0
432,22,Rural,Rain,35,60,0,0,0
433,3,Highway,Snow,58,100,0,1,1
434,12,Urban,Rain,47,40,0,0,0
435,3,Urban,Clear,31,40,0,0,0
436,16,Rural,Rain,42,60,0,0,0
437,9,Highway,Rain,78,100,0,0,0
438,6,Highway,Rain,51,100,0,0,0
439,18,Highway,Clear,98,100,0,0,0
440,3,Rural,Clear,45,60,0,0,0
441,13,Urban,Snow,32,40,0,0,0
442,3,Highway,Clear,48,100,1,1,1
443,23,Rural,Clear,26,60,0,0,0
444,13,Rural,Clear,22,60,0,0,0
445,18,Urban,Rain,60,40,0,0,0
446,19,Rural,Clear,69,60,0,0,0
447,4,Rural,Snow,38,60,0,0,0
448,15,Urban,Clear,31,40,0,0,0
449,1,Urban,Rain,21,40,0,0,0
450,10,Rural,Rain,82,60,0,0,0
451,15,Urban,Snow,42,40,0,0,0
452,20,Highway,Clear,36,100,0,0,0
453,19,Highway,Clear,73,100,0,0,0
454,13,Urban,Snow,26,40,0,0,0
455,3,Rural,Clear,23,60,0,0,0
456,5,Urban,Snow,43,40,0,0,0
457,16,Highway,Rain,38,100,0,0,0
458,6,Highway,Clear,57,100,0,0,0
459,0,Highway,Fog,50,100,1,1,1
460,13,Urban,Fog,42,40,0,0,0
461,14,Highway,Rain,53,100,0,0,0
462,6,Urban,Fog,43,40,0,0,0
463,12,Urban,Clear,34,40,0,0,0
464,22,Urban,Clear,29,40,0,0,0
465,15,Rural,Clear,24,60,0,0,0
466,1,Urban,Rain,33,40,0,0,0
467,22,Urban,Clear,24,40,0,0,0
468,5,Rural,Clear,32,60,0,0,0
469,5,Highway,Clear,52,100,0,0,0
470,2,Highway,Clear,36,100,0,0,0
471,23,Urban,Clear,44,40,0,0,0
472,21,Urban,Clear,22,40,0,0,0
473,16,Urban,Clear,24,40,0,0,0
474,18,Rural,Clear,70,60,0,0,0
475,19,Rural,Clear,64,60,0,0,0
476,4,Rural,Rain,29,60,0,0,0
477,2,Rural,Clear,46,60,0,0,0
478,22,Highway,Fog,53,100,1,1,1
479,10,Highway,Clear,100,100,0,0,0
480,0,Urban,Clear,31,40,0,0,0
481,14,Urban,Rain,46,40,0,0,0
482,10,Urban,Clear,88,40,0,0,0
483,3,Urban,Clear,25,40,0,0,0
484,2,Highway,Snow,38,100,1,1,1
485,16,Highway,Clear,32,100,0,0,0
486,22,Urban,Rain,40,40,0,0,0
487,20,Highway,Snow,41,100,1,1,1
488,3,Rural,Clear,39,60,0,0,0
489,4,Rural,Rain,35,60,0,0,0
490,20,Urban,Rain,43,40,0,0,0
491,0,Highway,Clear,44,100,1,1,1
492,17,Urban,Clear,81,40,0,0,0
493,2,Highway,Fog,36,100,1,1,1
494,3,Rural,Clear,42,60,0,0,0
495,12,Rural,Clear,38,60,0,0,0
496,15,Rural,Rain,20,60,0,0,0
497,3,Urban,Clear,28,40,0,0,0
498,22,Rural,Rain,25,60,0,0,0
499,22,Highway,Clear,51,100,0,0,0
500,13,Urban,Clear,24,40,0,0,0
501,21,Highway,Rain,47,100,1,1,1
502,11,Urban,Rain,45,40,0,0,0
503,14,Urban,Clear,41,40,0,0,0
504,14,Rural,Clear,42,60,0,0,0
505,7,Highway,Clear,49,100,0,0,0
506,2,Rural,Rain,32,60,0,0,0
507,9,Highway,Fog,83,100,0,0,0
508,12,Urban,Rain,39,40,0,0,0
509,9,Highway,Clear,83,100,0,0,0
510,0,Urban,Rain,38,40,0,0,0
511,23,Rural,Rain,49,60,0,0,0
512,17,Highway,Clear,79,100,0,0,0
513,18,Highway,Clear,83,100,0,0,0
514,9,Rural,Clear,89,60,0,0,0
515,10,Urban,Clear,88,40,0,0,0
516,0,Urban,Clear,30,40,0,0,0
517,10,Urban,Clear,76,40,0,0,0
518,23,Rural,Clear,27,60,0,0,0
519,19,Urban,Clear,72,40,0,0,0
520,7,Rural,Clear,37,60,0,0,0
521,14,Rural,Clear,35,60,0,0,0
522,3,Highway,Snow,48,100,1,1,1
523,14,Urban,Clear,37,40,0,0,0
524,3,Highway,Clear,50,100,0,0,0
525,23,Highway,Clear,37,100,1,1,1
526,17,Rural,Clear,60,60,0,0,0
527,19,Urban,Clear,74,40,0,0,0
528,6,Urban,Rain,41,40,0,0,0
529,1,Highway,Snow,58,100,1,1,1
530,8,Rural,Rain,70,60,0,0,0
531,12,Rural,Clear,42,60,0,0,0
532,15,Highway,Rain,52,100,0,0,0
533,17,Rural,Clear,88,60,0,0,0
534,8,Urban,Clear,66,40,0,0,0
535,12,Rural,Clear,38,60,0,0,0
536,17,Urban,Clear,65,40,0,0,0
537,2,Urban,Clear,21,40,0,0,0
538,11,Urban,Clear,21,40,0,0,0
539,16,Urban,Rain,42,40,0,0,0
540,19,Urban,Clear,86,40,0,0,0
541,14,Highway,Fog,32,100,1,1,1
542,9,Urban,Clear,85,40,0,0,0
543,4,Urban,Fog,21,40,0,0,0
544,3,Rural,Clear,28,60,0,0,0
545,6,Urban,Clear,30,40,0,0,0
546,11,Rural,Clear,36,60,0,0,0
547,21,Urban,Clear,47,40,0,0,0
548,22,Rural,Clear,39,60,0,0,0
549,12,Rural,Clear,40,60,0,0,0
550,13,Highway,Clear,55,100,0,0,0
551,7,Rural,Fog,29,60,0,0,0
552,7,Rural,Rain,34,60,0,0,0
553,15,Highway,Clear,59,100,0,0,0
554,1,Highway,Rain,33,100,1,1,1
555,12,Highway,Rain,44,100,0,0,0
556,11,Highway,Clear,34,100,0,0,0
557,10,Highway,Rain,100,100,0,0,0
558,11,Urban,Clear,22,40,0,0,0
559,15,Rural,Snow,41,60,0,0,0
560,9,Rural,Rain,86,60,0,0,0
561,8,Rural,Clear,66,60,0,0,0
562,6,Highway,Rain,31,100,0,0,0
563,1,Urban,Clear,24,40,0,0,0
564,1,Highway,Clear,39,100,0,0,0
565,10,Rural,Clear,60,60,0,0,0
566,1,Rural,Rain,49,60,0,0,0
567,15,Urban,Clear,46,40,0,0,0
568,10,Urban,Clear,83,40,0,0,0
569,1,Rural,Clear,33,60,0,0,0
570,8,Rural,Rain,71,60,0,0,0
571,23,Urban,Clear,31,40,0,0,0
572,8,Urban,Clear,60,40,0,0,0
573,10,Urban,Rain,89,40,0,0,0
574,14,Rural,Clear,23,60,0,0,0
575,23,Urban,Clear,29,40,0,0,0
576,9,Highway,Rain,77,100,0,0,0
577,3,Highway,Clear,41,100,0,0,0
578,19,Urban,Rain,85,40,0,0,0
579,4,Highway,Clear,30,100,0,0,0
580,0,Highway,Clear,45,100,1,1,1
581,11,Urban,Fog,31,40,0,0,0
582,16,Rural,Fog,37,60,0,0,0
583,13,Rural,Rain,43,60,0,0,0
584,15,Highway,Rain,44,100,0,0,0
585,4,Highway,Clear,49,100,1,1,1
586,2,Rural,Rain,37,60,0,0,0
587,5,Rural,Clear,23,60,0,0,0
588,19,Rural,Clear,77,60,0,0,0
589,15,Urban,Clear,44,40,0,0,0
590,19,Urban,Rain,70,40,0,0,0
591,4,Rural,Clear,49,60,0,0,0
592,18,Highway,Clear,98,100,0,0,0
593,16,Highway,Clear,44,100,0,0,0
594,7,Highway,Rain,47,100,0,1,1
595,11,Urban,Rain,23,40,0,0,0
596,15,Urban,Rain,42,40,0,0,0
597,3,Urban,Clear,35,40,0,0,0
598,15,Highway,Fog,35,100,0,0,0
599,18,Rural,Rain,83,60,0,0,0
600,13,Rural,Clear,28,60,0,0,0
601,5,Highway,Clear,52,100,0,0,0
602,0,Highway,Rain,51,100,1,1,1
603,12,Highway,Clear,32,100,0,0,0
604,6,Rural,Clear,24,60,0,0,0
605,22,Urban,Fog,24,40,0,0,0
606,14,Highway,Clear,42,100,0,0,0
607,21,Urban,Clear,32,40,0,0,0
608,3,Rural,Clear,45,60,0,0,0
609,15,Highway,Clear,56,100,0,0,0
610,13,Urban,Clear,39,40,0,0,0
611,14,Highway,Clear,42,100,0,0,0
612,0,Rural,Clear,34,60,0,0,0
613,2,Rural,Clear,32,60,0,0,0
614,1,Highway,Clear,47,100,0,0,0
615,14,Urban,Clear,46,40,0,0,0
616,14,Urban,Clear,30,40,0,0,0
617,8,Highway,Clear,81,100,0,0,0
618,13,Highway,Snow,41,100,1,1,1
619,23,Urban,Fog,47,40,0,0,0
620,18,Rural,Clear,69,60,0,0,0
621,19,Rural,Clear,79,60,0,0,0
622,3,Rural,Clear,42,60,0,0,0
623,7,Rural,Clear,35,60,0,0,0
624,8,Highway,Clear,75,100,0,0,0
625,7,Urban,Rain,33,40,0,0,0
626,9,Highway,Clear,78,100,0,0,0
627,9,Urban,Rain,70,40,0,0,0
628,2,Rural,Clear,44,60,0,0,0
629,1,Urban,Clear,43,40,0,0,0
630,19,Highway,Rain,98,100,0,0,0
631,14,Rural,Clear,36,60,0,0,0
632,19,Highway,Rain,98,100,1,1,1
633,1,Highway,Clear,55,100,0,1,1
634,12,Urban,Rain,33,40,0,0,0
635,15,Urban,Clear,31,40,0,0,0
636,4,Highway,Clear,37,100,0,0,0
637,19,Urban,Clear,70,40,0,0,0
638,18,Rural,Rain,63,60,0,0,0
639,22,Rural,Snow,25,60,0,0,0
640,3,Rural,Rain,28,60,0,0,0
641,8,Highway,Fog,70,100,0,0,0
642,8,Urban,Clear,86,40,0,0,0
643,16,Highway,Clear,48,100,0,0,0
644,0,Rural,Clear,32,60,0,0,0
645,2,Rural,Rain,50,60,0,0,0
646,3,Urban,Clear,37,40,0,0,0
647,1,Highway,Clear,45,100,0,1,1
648,7,Urban,Clear,33,40,0,0,0
649,6,Urban,Snow,27,40,0,0,0
650,20,Highway,Clear,32,100,0,0,0
651,7,Urban,Clear,40,40,0,0,0
652,15,Urban,Clear,22,40,0,0,0
653,5,Urban,Rain,30,40,0,0,0
654,13,Urban,Fog,26,40,0,0,0
655,2,Highway,Clear,49,100,0,1,1
656,1,Urban,Snow,39,40,0,0,0
657,13,Urban,Clear,49,40,0,0,0
658,9,Rural,Fog,68,60,0,0,0
659,7,Urban,Clear,47,40,0,0,0
660,13,Rural,Clear,46,60,0,0,0
661,1,Rural,Clear,28,60,0,0,0
662,3,Rural,Clear,39,60,0,0,0
663,20,Urban,Fog,49,40,0,0,0
664,4,Urban,Rain,45,40,0,0,0
665,17,Rural,Rain,81,60,0,0,0
666,0,Urban,Clear,28,40,0,0,0
667,19,Highway,Clear,74,100,0,0,0
668,10,Urban,Rain,77,40,0,0,0
669,3,Rural,Rain,31,60,0,0,0
670,1,Urban,Fog,21,40,0,0,0
671,22,Urban,Clear,31,40,0,0,0
672,3,Urban,Clear,34,40,0,0,0
673,8,Urban,Rain,87,40,0,0,0
674,16,Highway,Clear,49,100,0,0,0
675,14,Rural,Clear,29,60,0,0,0
676,2,Highway,Snow,48,100,1,1,1
677,8,Urban,Snow,60,40,0,0,0
678,12,Urban,Clear,35,40,0,0,0
679,20,Highway,Clear,36,100,0,0,0
680,7,Rural,Clear,37,60,0,0,0
681,7,Urban,Clear,28,40,0,0,0
682,8,Highway,Clear,89,100,0,0,0
683,5,Highway,Clear,35,100,0,0,0
684,6,Urban,Clear,48,40,0,0,0
685,20,Highway,Fog,33,100,0,0,0
686,2,Highway,Rain,59,100,1,1,1
687,16,Rural,Clear,24,60,0,0,0
688,2,Rural,Clear,49,60,0,0,0
689,4,Rural,Rain,20,60,0,0,0
690,16,Urban,Rain,34,40,0,0,0
691,5,Urban,Snow,44,40,0,0,0
692,8,Highway,Clear,70,100,0,0,0
693,12,Highway,Clear,39,100,0,0,0
694,7,Highway,Snow,59,100,1,1,1
695,3,Urban,Clear,40,40,0,0,0
696,2,Highway,Clear,60,100,0,0,0
697,22,Highway,Clear,36,100,0,0,0
698,20,Rural,Fog,43,60,0,0,0
699,10,Rural,Rain,87,60,0,0,0
700,10,Highway,Clear,84,100,0,0,0
701,20,Urban,Rain,50,40,0,0,0
702,14,Highway,Rain,57,100,0,0,0
703,23,Highway,Clear,57,100,0,0,0
704,5,Urban,Fog,34,40,0,0,0
705,22,Highway,Clear,43,100,0,0,0
706,14,Urban,Snow,25,40,0,0,0
707,5,Urban,Clear,28,40,0,0,0
708,13,Highway,Clear,54,100,0,0,0
709,4,Rural,Clear,27,60,0,0,0
710,15,Rural,Rain,33,60,0,0,0
711,0,Urban,Clear,46,40,0,0,0
712,15,Highway,Clear,51,100,0,0,0
713,16,Urban,Rain,41,40,0,0,0
714,0,Urban,Rain,29,40,0,0,0
715,14,Highway,Rain,38,100,0,0,0
716,1,Highway,Clear,40,100,0,0,0
717,17,Rural,Fog,86,60,0,0,0
718,6,Highway,Clear,49,100,0,0,0
719,6,Urban,Rain,32,40,0,0,0
720,10,Urban,Clear,75,40,0,0,0
721,0,Urban,Clear,21,40,0,0,0
722,18,Urban,Clear,88,40,0,0,0
723,17,Urban,Clear,66,40,0,0,0
724,21,Highway,Clear,60,100,0,0,0
725,17,Highway,Clear,72,100,0,0,0
726,21,Urban,Clear,36,40,0,0,0
727,10,Rural,Fog,61,60,0,0,0
728,12,Highway,Rain,57,100,0,0,0
729,11,Rural,Rain,37,60,0,0,0
730,0,Rural,Clear,32,60,0,0,0
731,21,Highway,Clear,36,100,0,0,0
732,11,Highway,Clear,56,100,0,0,0
733,14,Urban,Rain,23,40,0,0,0
734,19,Rural,Clear,84,60,0,0,0
735,21,Highway,Clear,46,100,0,0,0
736,12,Highway,Rain,33,100,0,0,0
737,21,Urban,Clear,44,40,0,0,0
738,9,Highway,Rain,86,100,1,1,1
739,4,Highway,Fog,35,100,1,1,1
740,21,Rural,Clear,27,60,0,0,0
741,21,Urban,Snow,42,40,0,0,0
742,12,Highway,Clear,41,100,0,0,0
743,16,Rural,Rain,42,60,0,0,0
744,4,Urban,Clear,26,40,0,0,0
745,23,Urban,Clear,24,40,0,0,0
746,4,Urban,Clear,22,40,0,0,0
747,11,Highway,Rain,42,100,1,1,1
748,17,Highway,Rain,80,100,0,0,0
749,12,Urban,Clear,26,40,0,0,0
750,2,Highway,Snow,31,100,1,1,1
751,17,Highway,Snow,80,100,0,0,0
752,12,Rural,Clear,42,60,0,0,0
753,13,Highway,Clear,34,100,0,0,0
754,8,Rural,Clear,84,60,0,0,0
755,22,Highway,Clear,43,100,1,1,1
756,13,Rural,Clear,32,60,0,0,0
757,4,Rural,Clear,44,60,0,0,0
758,22,Urban,Clear,38,40,0,0,0
759,18,Rural,Fog,81,60,0,0,0
760,10,Rural,Clear,76,60,0,0,0
761,11,Urban,Clear,31,40,0,0,0
762,5,Urban,Clear,50,40,0,0,0
763,9,Urban,Clear,68,40,0,0,0
764,1,Highway,Rain,52,100,1,1,1
765,4,Rural,Fog,21,60,0,0,0
766,6,Rural,Clear,24,60,0,0,0
767,17,Urban,Rain,66,40,0,0,0
768,13,Highway,Clear,38,100,0,0,0
769,18,Rural,Fog,62,60,0,0,0
770,14,Highway,Clear,55,100,0,0,0
771,19,Rural,Clear,69,60,0,0,0
772,17,Urban,Clear,85,40,0,0,0
773,12,Highway,Clear,52,100,0,0,0
774,16,Highway,Clear,41,100,0,0,0
775,16,Rural,Clear,26,60,0,0,0
776,6,Rural,Rain,38,60,0,0,0
777,18,Urban,Clear,62,40,0,0,0
778,7,Highway,Rain,46,100,0,1,1
779,3,Highway,Rain,55,100,0,1,1
780,11,Rural,Clear,37,60,0,0,0
781,22,Rural,Clear,46,60,0,0,0
782,13,Urban,Rain,23,40,0,0,0
783,9,Urban,Fog,88,40,0,0,0
784,11,Highway,Snow,54,100,0,1,1
785,12,Urban,Clear,28,40,0,0,0
786,21,Highway,Clear,39,100,0,0,0
787,19,Urban,Clear,87,40,0,0,0
788,13,Rural,Clear,35,60,0,0,0
789,10,Rural,Clear,75,60,0,0,0
790,9,Urban,Clear,89,40,0,0,0
791,23,Urban,Rain,33,40,0,0,0
792,10,Highway,Rain,99,100,0,0,0
793,10,Highway,Clear,87,100,0,0,0
794,20,Rural,Rain,43,60,0,0,0
795,0,Urban,Clear,50,40,0,0,0
796,12,Highway,Clear,45,100,0,0,0
797,11,Highway,Clear,52,100,0,0,0
798,19,Urban,Clear,69,40,0,0,0
799,3,Rural,Rain,39,60,0,0,0
800,20,Urban,Clear,50,40,0,0,0
801,22,Rural,Snow,33,60,0,0,0
802,7,Rural,Clear,25,60,0,0,0
803,9,Rural,Snow,66,60,0,0,0
804,21,Rural,Clear,29,60,0,0,0
805,23,Highway,Rain,60,100,1,1,1
806,10,Rural,Clear,72,60,0,0,0
807,22,Highway,Clear,55,100,0,0,0
808,17,Urban,Clear,75,40,0,0,0
809,15,Urban,Fog,46,40,0,0,0
810,17,Rural,Clear,69,60,0,0,0
811,19,Rural,Snow,63,60,0,0,0
812,6,Rural,Rain,47,60,0,0,0
813,6,Urban,Rain,27,40,0,0,0
814,3,Highway,Clear,41,100,0,0,0
815,8,Highway,Clear,81,100,0,0,0
816,2,Rural,Clear,49,60,0,0,0
817,7,Highway,Rain,46,100,0,0,0
818,16,Urban,Snow,27,40,0,0,0
819,2,Rural,Rain,22,60,0,0,0
820,2,Rural,Rain,49,60,0,0,0
821,15,Urban,Clear,48,40,0,0,0
822,18,Rural,Clear,60,60,0,0,0
823,13,Urban,Clear,42,40,0,0,0
824,18,Rural,Snow,71,60,0,0,0
825,12,Rural,Clear,30,60,0,0,0
826,1,Rural,Rain,49,60,0,0,0
827,11,Highway,Clear,46,100,0,0,0
828,1,Rural,Clear,45,60,0,0,0
829,19,Rural,Clear,72,60,0,0,0
830,15,Highway,Fog,35,100,0,0,0
831,20,Rural,Clear,20,60,0,0,0
832,17,Highway,Rain,82,100,0,0,0
833,6,Urban,Clear,23,40,0,0,0
834,22,Rural,Rain,50,60,0,0,0
835,8,Highway,Clear,77,100,0,0,0
836,15,Highway,Clear,36,100,0,0,0
837,19,Rural,Clear,85,60,0,0,0
838,0,Urban,Clear,36,40,0,0,0
839,16,Urban,Rain,48,40,0,0,0
840,19,Highway,Clear,70,100,0,0,0
841,11,Urban,Clear,23,40,0,0,0
842,2,Rural,Rain,33,60,0,0,0
843,5,Rural,Fog,48,60,0,0,0
844,20,Urban,Clear,29,40,0,0,0
845,16,Highway,Rain,36,100,0,0,0
846,17,Urban,Rain,89,40,0,0,0
847,4,Urban,Rain,32,40,0,0,0
848,3,Urban,Clear,32,40,0,0,0
849,4,Urban,Clear,28,40,0,0,0
850,23,Highway,Snow,35,100,1,1,1
851,8,Highway,Rain,89,100,0,0,0
852,13,Rural,Clear,36,60,0,0,0
853,20,Highway,Rain,36,100,0,1,1
854,19,Urban,Clear,66,40,0,0,0
855,21,Urban,Clear,38,40,0,0,0
856,10,Highway,Rain,77,100,1,1,1
857,8,Urban,Rain,65,40,0,0,0
858,12,Highway,Clear,35,100,0,0,0
859,22,Rural,Rain,34,60,0,0,0
860,2,Rural,Clear,50,60,0,0,0
861,15,Rural,Clear,36,60,0,0,0
862,6,Rural,Fog,42,60,0,0,0
863,2,Rural,Rain,45,60,1,1,1
864,18,Rural,Rain,80,60,0,0,0
865,19,Rural,Clear,69,60,0,0,0
866,8,Rural,Rain,68,60,0,0,0
867,12,Highway,Clear,54,100,0,0,0
868,10,Rural,Snow,89,60,0,0,0
869,23,Rural,Fog,50,60,0,0,0
870,9,Rural,Clear,60,60,0,0,0
871,23,Rural,Rain,20,60,0,0,0
872,0,Highway,Clear,56,100,1,1,1
873,14,Rural,Rain,28,60,0,0,0
874,22,Rural,Clear,35,60,0,0,0
875,17,Urban,Clear,77,40,0,0,0
876,5,Rural,Clear,41,60,0,0,0
877,19,Highway,Snow,90,100,0,0,0
878,10,Urban,Clear,86,40,0,0,0
879,16,Rural,Fog,36,60,0,0,0
880,3,Urban,Clear,28,40,0,0,0
881,1,Urban,Clear,44,40,0,0,0
882,12,Highway,Clear,51,100,0,0,0
883,8,Highway,Rain,91,100,1,1,1
884,8,Urban,Clear,79,40,0,0,0
885,20,Highway,Clear,54,100,0,0,0
886,7,Urban,Clear,21,40,0,0,0
887,22,Urban,Clear,22,40,0,0,0
888,21,Urban,Clear,40,40,0,0,0
889,1,Highway,Clear,32,100,0,0,0
890,21,Urban,Clear,43,40,0,0,0
891,20,Urban,Clear,29,40,0,0,0
892,20,Rural,Clear,29,60,0,0,0
893,10,Rural,Rain,66,60,0,0,0
894,23,Highway,Clear,50,100,0,0,0
895,8,Highway,Clear,99,100,0,0,0
896,15,Rural,Clear,42,60,0,0,0
897,23,Highway,Fog,60,100,1,1,1
898,23,Urban,Rain,28,40,0,0,0
899,4,Highway,Rain,60,100,1,1,1
900,15,Highway,Fog,30,100,0,0,0
901,2,Highway,Clear,57,100,0,0,0
902,5,Rural,Clear,28,60,0,0,0
903,19,Urban,Clear,88,40,0,0,0
904,22,Highway,Clear,46,100,1,1,1
905,9,Highway,Clear,92,100,0,0,0
906,2,Urban,Clear,35,40,0,0,0
907,3,Rural,Fog,31,60,0,0,0
908,23,Rural,Rain,38,60,0,0,0
909,7,Rural,Clear,20,60,0,0,0
910,10,Rural,Snow,87,60,0,0,0
911,13,Rural,Clear,36,60,0,0,0
912,9,Urban,Clear,61,40,0,0,0
913,18,Rural,Clear,71,60,0,0,0
914,18,Rural,Rain,62,60,0,0,0
915,7,Urban,Clear,35,40,0,0,0
916,5,Rural,Clear,21,60,0,0,0
917,7,Highway,Fog,32,100,0,1,1
918,21,Highway,Clear,32,100,0,0,0
919,2,Highway,Clear,34,100,0,0,0
920,18,Highway,Clear,86,100,0,0,0
921,20,Urban,Fog,20,40,0,0,0
922,11,Highway,Rain,39,100,0,0,0
923,11,Rural,Snow,44,60,0,0,0
924,3,Rural,Clear,40,60,0,0,0
925,17,Highway,Clear,81,100,0,0,0
926,7,Urban,Clear,35,40,0,0,0
927,16,Urban,Clear,42,40,0,0,0
928,5,Highway,Clear,48,100,0,0,0
929,18,Rural,Snow,89,60,0,0,0
930,12,Highway,Clear,39,100,0,0,0
931,9,Highway,Clear,94,100,0,0,0
932,20,Urban,Clear,24,40,0,0,0
933,9,Highway,Snow,96,100,0,0,0
934,0,Highway,Rain,31,100,1,1,1
935,9,Highway,Clear,90,100,0,0,0
936,8,Urban,Fog,84,40,0,0,0
937,15,Highway,Fog,56,100,0,0,0
938,1,Highway,Clear,52,100,0,0,0
939,9,Highway,Rain,93,100,0,0,0
940,0,Highway,Clear,42,100,0,0,0
941,18,Urban,Rain,81,40,0,0,0
942,11,Rural,Fog,42,60,0,0,0
943,17,Urban,Fog,82,40,0,0,0
944,19,Urban,Clear,63,40,0,0,0
945,18,Rural,Clear,79,60,0,0,0
946,17,Urban,Snow,67,40,0,0,0
947,18,Highway,Rain,81,100,1,1,1
948,12,Rural,Clear,36,60,0,0,0
949,15,Urban,Snow,33,40,0,0,0
950,5,Highway,Rain,52,100,0,0,0
951,20,Rural,Rain,43,60,0,0,0
952,22,Rural,Clear,20,60,0,0,0
953,14,Highway,Snow,57,100,0,0,0
954,18,Urban,Rain,79,40,0,0,0
955,0,Urban,Rain,30,40,0,0,0
956,3,Rural,Rain,36,60,0,0,0
957,17,Highway,Clear,91,100,0,0,0
958,3,Urban,Clear,43,40,0,0,0
959,8,Rural,Clear,63,60,0,0,0
960,16,Rural,Rain,34,60,0,0,0
961,22,Urban,Clear,36,40,0,0,0
962,14,Urban,Rain,20,40,0,0,0
963,17,Rural,Clear,87,60,0,0,0
964,0,Highway,Clear,34,100,0,0,0
965,21,Highway,Rain,60,100,0,0,0
966,12,Highway,Clear,34,100,0,0,0
967,3,Urban,Clear,46,40,0,0,0
968,20,Highway,Clear,41,100,0,0,0
969,21,Highway,Fog,60,100,1,1,1
970,14,Rural,Clear,29,60,0,0,0
971,11,Rural,Clear,25,60,0,0,0
972,0,Rural,Clear,33,60,0,0,0
973,13,Highway,Clear,58,100,0,0,0
974,23,Highway,Fog,34,100,1,1,1
975,20,Highway,Clear,60,100,0,0,0
976,15,Urban,Rain,20,40,0,0,0
977,16,Rural,Rain,25,60,0,0,0
978,16,Rural,Fog,43,60,0,0,0
979,14,Highway,Rain,37,100,0,0,0
980,15,Urban,Snow,30,40,0,0,0
981,2,Highway,Rain,51,100,1,1,1
982,3,Urban,Clear,32,40,0,0,0
983,9,Highway,Clear,77,100,0,0,0
984,16,Rural,Clear,33,60,0,0,0
985,4,Rural,Rain,31,60,0,0,0
986,22,Rural,Clear,34,60,0,0,0
987,10,Urban,Snow,71,40,0,0,0
988,2,Highway,Clear,50,100,1,1,1
989,22,Urban,Rain,38,40,0,0,0
990,23,Highway,Clear,55,100,0,0,0
991,23,Rural,Clear,44,60,0,0,0
992,23,Highway,Clear,36,100,1,1,1
993,13,Highway,Clear,34,100,0,0,0
994,8,Rural,Clear,62,60,0,0,0
995,13,Rural,Rain,34,60,0,0,0
996,21,Rural,Rain,31,60,0,0,0
997,0,Rural,Rain,24,60,0,0,0
998,13,Urban,Clear,38,40,0,0,0
999,4,Urban,Clear,46,40,0,0,0
1000,14,Urban,Clear,48,40,0,0,0
1001,7,Urban,Clear,29,40,0,0,0
1002,21,Urban,Clear,27,40,0,0,0
1003,12,Highway,Snow,47,100,0,0,0
1004,16,Rural,Clear,23,60,0,0,0
1005,0,Rural,Rain,45,60,0,0,0
1006,22,Highway,Rain,37,100,1,1,1
1007,2,Urban,Clear,40,40,0,0,0
1008,2,Rural,Clear,27,60,0,0,0
1009,14,Rural,Clear,43,60,0,0,0
1010,2,Highway,Clear,46,100,0,0,0
1011,6,Urban,Clear,36,40,0,0,0
1012,15,Rural,Clear,50,60,0,0,0
1013,5,Rural,Clear,21,60,0,0,0
1014,7,Urban,Clear,45,40,0,0,0
1015,16,Highway,Clear,60,100,0,0,0
1016,12,Highway,Clear,42,100,0,0,0
1017,6,Highway,Fog,53,100,0,0,0
1018,22,Urban,Clear,38,40,0,0,0
1019,19,Highway,Clear,77,100,0,0,0
1020,14,Urban,Clear,48,40,0,0,0
1021,3,Highway,Clear,59,100,0,0,0
1022,16,Rural,Rain,48,60,0,0,0
1023,10,Rural,Clear,86,60,0,0,0
1024,7,Highway,Clear,38,100,0,0,0
1025,16,Highway,Clear,33,100,0,0,0
1026,20,Highway,Clear,44,100,0,0,0
1027,21,Rural,Clear,20,60,0,0,0
1028,6,Highway,Clear,51,100,0,0,0
1029,4,Highway,Clear,40,100,0,1,1
1030,3,Urban,Clear,46,40,0,0,0
1031,3,Urban,Rain,39,40,0,0,0
1032,8,Rural,Fog,78,60,0,0,0
1033,22,Highway,Clear,37,100,1,1,1
1034,3,Highway,Clear,56,100,0,0,0
1035,9,Urban,Clear,90,40,0,0,0
1036,11,Rural,Rain,35,60,0,0,0
1037,11,Urban,Rain,20,40,0,0,0
1038,2,Rural,Rain,24,60,0,0,0
1039,6,Urban,Rain,30,40,0,0,0
1040,22,Urban,Fog,21,40,0,0,0
1041,12,Urban,Clear,43,40,0,0,0
1042,18,Urban,Clear,72,40,0,0,0
1043,7,Rural,Snow,32,60,0,0,0
1044,5,Rural,Clear,39,60,0,0,0
1045,2,Urban,Rain,29,40,0,0,0
1046,22,Rural,Clear,50,60,0,0,0
1047,18,Rural,Fog,87,60,0,0,0
1048,9,Urban,Rain,81,40,0,0,0
1049,17,Highway,Rain,100,100,0,0,0
1050,9,Urban,Clear,64,40,0,0,0
1051,19,Urban,Fog,72,40,0,0,0
1052,4,Rural,Snow,21,60,1,1,1
1053,3,Highway,Clear,33,100,0,0,0
1054,2,Rural,Rain,23,60,0,0,0
1055,0,Urban,Rain,49,40,0,0,0
1056,16,Highway,Clear,32,100,0,0,0
1057,20,Rural,Clear,36,60,0,0,0
1058,8,Rural,Clear,69,60,0,0,0
1059,19,Rural,Clear,78,60,0,0,0
1060,9,Urban,Clear,65,40,0,0,0
1061,19,Urban,Clear,82,40,0,0,0
1062,13,Rural,Rain,41,60,0,0,0
1063,17,Rural,Clear,67,60,0,0,0
1064,23,Rural,Clear,38,60,0,0,0
1065,19,Urban,Fog,82,40,0,0,0
1066,7,Urban,Clear,41,40,0,0,0
1067,7,Rural,Fog,37,60,0,0,0
1068,10,Highway,Fog,82,100,0,0,0
1069,18,Urban,Fog,78,40,0,0,0
1070,21,Urban,Clear,31,40,0,0,0
1071,18,Highway,Rain,94,100,0,0,0
1072,23,Urban,Fog,35,40,0,0,0
1073,0,Urban,Clear,24,40,0,0,0
1074,10,Urban,Rain,69,40,0,0,0
1075,11,Urban,Rain,43,40,0,0,0
1076,0,Urban,Clear,28,40,0,0,0
1077,4,Urban,Clear,28,40,0,0,0
1078,6,Highway,Rain,53,100,0,0,0
1079,20,Highway,Clear,48,100,0,0,0
1080,3,Rural,Rain,22,60,0,0,0
1081,10,Highway,Fog,70,100,0,0,0
1082,6,Urban,Clear,42,40,0,0,0
1083,18,Rural,Clear,88,60,0,0,0
1084,4,Rural,Clear,21,60,0,0,0
1085,21,Rural,Rain,21,60,0,0,0
1086,3,Highway,Clear,30,100,0,0,0
1087,6,Urban,Rain,20,40,0,0,0
1088,11,Rural,Clear,36,60,0,0,0
1089,4,Urban,Clear,32,40,0,0,0
1090,3,Urban,Rain,30,40,0,0,0
1091,5,Rural,Rain,35,60,0,0,0
1092,22,Rural,Clear,41,60,0,0,0
1093,11,Highway,Rain,52,100,0,0,0
1094,16,Highway,Clear,53,100,0,0,0
1095,12,Highway,Clear,44,100,0,0,0
1096,1,Rural,Rain,23,60,0,0,0
1097,18,Urban,Fog,84,40,0,0,0
1098,16,Highway,Clear,39,100,0,0,0
1099,8,Highway,Rain,92,100,0,0,0
1100,17,Rural,Fog,84,60,0,0,0
1101,3,Highway,Rain,31,100,0,1,1
1102,7,Urban,Clear,48,40,0,0,0
1103,22,Highway,Clear,45,100,0,0,0
1104,8,Highway,Clear,85,100,0,0,0
1105,11,Rural,Clear,25,60,0,0,0
1106,8,Urban,Clear,74,40,0,0,0
1107,6,Urban,Clear,47,40,0,0,0
1108,16,Rural,Clear,29,60,0,0,0
1109,1,Highway,Clear,45,100,1,1,1
1110,5,Rural,Clear,34,60,0,0,0
1111,14,Highway,Fog,44,100,0,0,0
1112,17,Highway,Clear,95,100,0,0,0
1113,18,Highway,Rain,78,100,0,0,0
1114,13,Urban,Clear,44,40,0,0,0
1115,13,Highway,Clear,51,100,0,0,0
1116,1,Rural,Snow,45,60,0,0,0
1117,20,Highway,Snow,35,100,1,1,1
1118,1,Highway,Fog,32,100,1,1,1
1119,13,Rural,Clear,47,60,0,0,0
1120,19,Urban,Rain,70,40,0,0,0
1121,23,Rural,Clear,22,60,0,0,0
1122,16,Highway,Clear,39,100,0,0,0
1123,16,Rural,Clear,37,60,0,0,0
1124,5,Rural,Clear,34,60,0,0,0
1125,18,Rural,Rain,73,60,0,0,0
1126,20,Highway,Snow,48,100,0,0,0
1127,12,Rural,Clear,46,60,0,0,0
1128,17,Rural,Rain,84,60,0,0,0
1129,11,Highway,Fog,55,100,0,1,1
1130,10,Highway,Clear,96,100,0,0,0
1131,9,Rural,Fog,72,60,0,0,0
1132,22,Urban,Clear,20,40,0,0,0
1133,14,Highway,Rain,40,100,0,0,0
1134,14,Urban,Fog,32,40,0,0,0
1135,18,Urban,Rain,82,40,0,0,0
1136,16,Urban,Clear,48,40,0,0,0
1137,1,Rural,Clear,29,60,0,0,0
1138,17,Rural,Clear,67,60,0,0,0
1139,13,Rural,Fog,38,60,0,0,0
1140,5,Rural,Clear,46,60,0,0,0
1141,0,Highway,Clear,48,100,0,0,0
1142,20,Urban,Rain,40,40,0,0,0
1143,13,Highway,Clear,35,100,0,0,0
1144,6,Urban,Rain,25,40,0,0,0
1145,2,Urban,Rain,48,40,0,0,0
1146,16,Rural,Clear,37,60,0,0,0
1147,7,Rural,Clear,31,60,0,0,0
1148,8,Rural,Snow,87,60,0,0,0
1149,9,Urban,Rain,79,40,0,0,0
1150,18,Urban,Clear,71,40,0,0,0
1151,13,Highway,Clear,59,100,0,0,0
1152,18,Rural,Rain,90,60,0,0,0
1153,10,Highway,Snow,70,100,1,1,1
1154,7,Rural,Clear,26,60,0,0,0
1155,18,Rural,Rain,82,60,0,0,0
1156,20,Urban,Clear,32,40,0,0,0
1157,11,Highway,Clear,55,100,0,0,0
1158,22,Rural,Clear,21,60,0,0,0
1159,0,Urban,Rain,50,40,0,0,0
1160,19,Urban,Clear,60,40,0,0,0
1161,18,Urban,Rain,88,40,0,0,0
1162,14,Urban,Clear,46,40,0,0,0
1163,23,Highway,Clear,56,100,0,0,0
1164,22,Urban,Clear,23,40,0,0,0
1165,2,Urban,Rain,30,40,0,0,0
1166,20,Rural,Rain,25,60,0,0,0
1167,19,Rural,Clear,69,60,0,0,0
1168,21,Rural,Rain,22,60,0,0,0
1169,14,Urban,Clear,34,40,0,0,0
1170,19,Highway,Clear,97,100,0,0,0
1171,8,Highway,Clear,72,100,0,0,0
1172,22,Highway,Clear,49,100,0,1,1
1173,22,Highway,Clear,38,100,0,0,0
1174,12,Urban,Clear,39,40,0,0,0
1175,18,Highway,Clear,76,100,0,0,0
1176,6,Rural,Clear,24,60,0,0,0
1177,5,Highway,Rain,31,100,0,0,0
1178,19,Highway,Clear,81,100,0,0,0
1179,20,Rural,Clear,33,60,0,0,0
1180,14,Highway,Clear,30,100,0,0,0
1181,7,Highway,Clear,30,100,0,0,0
1182,10,Rural,Clear,81,60,0,0,0
1183,13,Rural,Rain,23,60,0,0,0
1184,9,Rural,Clear,77,60,0,0,0
1185,20,Highway,Clear,46,100,0,0,0
1186,19,Urban,Clear,74,40,0,0,0
1187,1,Highway,Rain,47,100,1,1,1
1188,0,Highway,Clear,49,100,0,0,0
1189,5,Urban,Rain,39,40,0,0,0
1190,17,Highway,Rain,82,100,0,0,0
1191,8,Highway,Clear,82,100,0,0,0
1192,21,Urban,Rain,26,40,0,0,0
1193,18,Highway,Snow,100,100,0,0,0
1194,3,Rural,Rain,38,60,0,0,0
1195,19,Highway,Rain,82,100,0,0,0
1196,0,Rural,Clear,39,60,0,0,0
1197,1,Highway,Clear,36,100,0,0,0
1198,12,Urban,Clear,26,40,0,0,0
1199,20,Urban,Clear,38,40,0,0,0
1200,3,Highway,Clear,43,100,0,0,0
1201,18,Urban,Rain,74,40,0,0,0
1202,5,Urban,Clear,25,40,0,0,0
1203,2,Urban,Clear,44,40,0,0,0
1204,15,Urban,Clear,37,40,0,0,0
1205,7,Highway,Clear,39,100,0,0,0
1206,20,Urban,Clear,48,40,0,0,0
1207,2,Urban,Clear,44,40,0,0,0
1208,10,Highway,Clear,79,100,0,0,0
1209,7,Urban,Fog,30,40,0,0,0
1210,19,Urban,Snow,73,40,0,0,0
1211,2,Rural,Clear,25,60,0,0,0
1212,19,Urban,Rain,63,40,0,0,0
1213,20,Highway,Clear,41,100,0,0,0
1214,11,Highway,Snow,56,100,0,0,0
1215,22,Highway,Rain,58,100,0,1,1
1216,15,Rural,Clear,47,60,0,0,0
1217,11,Highway,Clear,57,100,0,0,0
1218,22,Urban,Clear,31,40,0,0,0
1219,13,Rural,Clear,46,60,0,0,0
1220,21,Highway,Snow,36,100,0,0,0
1221,23,Urban,Clear,21,40,0,0,0
1222,8,Highway,Rain,91,100,1,1,1
1223,13,Highway,Clear,31,100,0,0,0
1224,17,Rural,Clear,68,60,0,0,0
1225,19,Urban,Clear,84,40,0,0,0
1226,6,Highway,Rain,60,100,0,0,0
1227,9,Rural,Fog,66,60,0,0,0
1228,12,Highway,Snow,50,100,0,0,0
1229,6,Highway,Fog,40,100,1,1,1
1230,21,Urban,Clear,45,40,0,0,0
1231,11,Highway,Rain,58,100,0,0,0
1232,19,Highway,Clear,94,100,0,0,0
1233,13,Rural,Snow,25,60,0,0,0
1234,19,Urban,Clear,83,40,0,0,0
1235,3,Highway,Clear,39,100,0,0,0
1236,0,Rural,Clear,23,60,0,0,0
1237,4,Highway,Rain,37,100,1,1,1
1238,17,Urban,Rain,80,40,0,0,0
1239,9,Rural,Clear,89,60,0,0,0
1240,9,Highway,Fog,87,100,1,1,1
1241,23,Highway,Clear,30,100,0,0,0
1242,19,Urban,Clear,73,40,0,0,0
1243,23,Urban,Rain,29,40,0,0,0
1244,2,Urban,Rain,30,40,0,0,0
1245,1,Rural,Rain,47,60,0,0,0
1246,5,Rural,Clear,43,60,0,0,0
1247,19,Urban,Clear,60,40,0,0,0
1248,15,Urban,Clear,25,40,0,0,0
1249,4,Highway,Clear,54,100,0,0,0
1250,19,Urban,Clear,65,40,0,0,0
1251,11,Rural,Clear,39,60,0,0,0
1252,14,Highway,Snow,33,100,0,0,0
1253,14,Urban,Clear,21,40,0,0,0
1254,5,Rural,Rain,22,60,0,0,0
1255,13,Rural,Clear,50,60,0,0,0
1256,15,Urban,Rain,27,40,0,0,0
1257,8,Highway,Clear,90,100,0,0,0
1258,14,Rural,Clear,40,60,0,0,0
1259,8,Highway,Clear,99,100,0,0,0
1260,17,Highway,Snow,80,100,1,1,1
1261,4,Rural,Rain,43,60,0,0,0
1262,15,Rural,Rain,28,60,0,0,0
1263,18,Highway,Rain,77,100,0,0,0
1264,13,Highway,Rain,58,100,0,0,0
1265,8,Rural,Clear,88,60,0,0,0
1266,2,Rural,Clear,36,60,0,0,0
1267,20,Rural,Clear,33,60,0,0,0
1268,17,Highway,Clear,87,100,0,0,0
1269,15,Urban,Clear,37,40,0,0,0
1270,3,Urban,Clear,44,40,0,0,0
1271,1,Rural,Clear,41,60,0,0,0
1272,9,Highway,Clear,82,100,0,0,0
1273,9,Rural,Snow,67,60,0,0,0
1274,8,Highway,Clear,71,100,0,0,0
1275,7,Highway,Clear,33,100,0,0,0
1276,16,Rural,Rain,48,60,0,0,0
1277,11,Highway,Clear,33,100,0,0,0
1278,16,Rural,Clear,46,60,0,0,0
1279,17,Urban,Clear,66,40,0,0,0
1280,23,Urban,Clear,48,40,0,0,0
1281,0,Highway,Clear,48,100,0,0,0
1282,11,Highway,Clear,47,100,0,0,0
1283,23,Rural,Fog,36,60,0,0,0
1284,14,Urban,Clear,49,40,0,0,0
1285,14,Rural,Rain,39,60,0,0,0
1286,20,Highway,Clear,56,100,0,0,0
1287,16,Rural,Clear,40,60,0,0,0
1288,19,Rural,Fog,74,60,0,0,0
1289,3,Urban,Snow,35,40,0,0,0
1290,14,Urban,Rain,43,40,0,0,0
1291,19,Urban,Clear,61,40,0,0,0
1292,20,Highway,Clear,37,100,0,0,0
1293,20,Highway,Fog,45,100,0,0,0
1294,23,Rural,Fog,39,60,0,0,0
1295,7,Highway,Clear,35,100,0,0,0
1296,7,Urban,Rain,42,40,0,0,0
1297,19,Urban,Fog,64,40,0,0,0
1298,21,Urban,Snow,33,40,0,0,0
1299,12,Rural,Rain,49,60,0,0,0
1300,1,Rural,Rain,30,60,0,0,0
1301,5,Highway,Clear,46,100,0,0,0
1302,0,Rural,Clear,20,60,0,0,0
1303,5,Rural,Rain,27,60,0,0,0
1304,3,Rural,Rain,33,60,0,0,0
1305,6,Urban,Rain,42,40,0,0,0
1306,2,Highway,Clear,51,100,1,1,1
1307,17,Rural,Clear,88,60,0,0,0
1308,7,Highway,Clear,55,100,0,0,0
1309,11,Highway,Rain,36,100,1,1,1
1310,12,Highway,Rain,41,100,0,0,0
1311,3,Rural,Clear,31,60,0,0,0
1312,19,Rural,Rain,77,60,0,0,0
1313,21,Rural,Clear,42,60,0,0,0
1314,11,Highway,Clear,41,100,0,0,0
1315,0,Rural,Clear,37,60,0,0,0
1316,19,Rural,Fog,85,60,0,0,0
1317,21,Urban,Clear,46,40,0,0,0
1318,12,Highway,Clear,50,100,0,0,0
1319,13,Rural,Snow,40,60,0,0,0
1320,4,Urban,Rain,27,40,0,0,0
1321,15,Rural,Clear,45,60,0,0,0
1322,1,Rural,Rain,27,60,0,0,0
1323,7,Highway,Clear,47,100,0,0,0
1324,2,Rural,Clear,48,60,0,0,0
1325,14,Rural,Snow,50,60,0,0,0
1326,0,Rural,Clear,21,60,0,0,0
1327,13,Highway,Snow,41,100,0,0,0
1328,14,Rural,Clear,46,60,0,0,0
1329,5,Urban,Clear,24,40,0,0,0
1330,20,Highway,Clear,60,100,0,0,0
1331,8,Highway,Clear,91,100,0,0,0
1332,21,Highway,Clear,60,100,0,0,0
1333,21,Urban,Rain,21,40,0,0,0
1334,22,Rural,Rain,36,60,0,0,0
1335,22,Urban,Clear,42,40,0,0,0
1336,17,Rural,Clear,84,60,0,0,0
1337,0,Urban,Clear,34,40,0,0,0
1338,10,Rural,Clear,86,60,0,0,0
1339,5,Rural,Clear,30,60,0,0,0
1340,7,Highway,Clear,37,100,0,0,0
1341,11,Rural,Fog,22,60,0,0,0
1342,16,Highway,Rain,35,100,1,1,1
1343,19,Urban,Clear,70,40,0,0,0
1344,5,Highway,Clear,55,100,0,0,0
1345,22,Highway,Clear,52,100,0,0,0
1346,18,Rural,Clear,72,60,0,0,0
1347,21,Urban,Clear,36,40,0,0,0
1348,9,Urban,Clear,85,40,0,0,0
1349,15,Highway,Rain,37,100,1,1,1
1350,8,Highway,Clear,89,100,0,0,0
1351,6,Rural,Fog,42,60,0,0,0
1352,14,Highway,Rain,47,100,1,1,1
1353,11,Urban,Clear,32,40,0,0,0
1354,5,Highway,Clear,47,100,0,0,0
1355,17,Rural,Snow,67,60,0,0,0
1356,7,Highway,Rain,36,100,0,0,0
1357,4,Urban,Clear,41,40,0,0,0
1358,1,Highway,Clear,41,100,0,0,0
1359,4,Highway,Clear,55,100,0,0,0
1360,18,Rural,Clear,73,60,0,0,0
1361,4,Rural,Clear,33,60,0,0,0
1362,8,Rural,Clear,87,60,0,0,0
1363,16,Rural,Clear,32,60,0,0,0
1364,16,Urban,Fog,31,40,0,0,0
1365,2,Highway,Fog,53,100,1,1,1
1366,13,Highway,Clear,50,100,0,0,0
1367,16,Urban,Clear,21,40,0,0,0
1368,17,Urban,Rain,64,40,0,0,0
1369,17,Rural,Fog,90,60,0,0,0
1370,7,Urban,Clear,49,40,0,0,0
1371,17,Urban,Clear,74,40,0,0,0
1372,6,Urban,Fog,49,40,0,0,0
1373,21,Urban,Rain,43,40,0,0,0
1374,8,Highway,Clear,73,100,0,0,0
1375,22,Rural,Fog,23,60,0,0,0
1376,3,Rural,Clear,34,60,0,0,0
1377,6,Highway,Clear,42,100,0,0,0
1378,7,Highway,Snow,56,100,1,1,1
1379,5,Rural,Clear,34,60,0,0,0
1380,19,Urban,Clear,87,40,0,0,0
1381,20,Rural,Rain,33,60,0,0,0
1382,11,Rural,Clear,40,60,0,0,0
1383,7,Rural,Clear,47,60,0,0,0
1384,4,Rural,Clear,28,60,0,0,0
1385,3,Highway,Fog,58,100,1,1,1
1386,6,Rural,Clear,27,60,0,0,0
1387,16,Highway,Clear,34,100,0,0,0
1388,21,Urban,Clear,30,40,0,0,0
1389,6,Rural,Clear,38,60,0,0,0
1390,9,Urban,Clear,89,40,0,0,0
1391,7,Urban,Clear,33,40,0,0,0
1392,10,Urban,Rain,78,40,0,0,0
1393,17,Urban,Clear,85,40,0,0,0
1394,20,Highway,Rain,31,100,0,0,0
1395,15,Rural,Rain,25,60,0,0,0
1396,18,Highway,Clear,81,100,0,0,0
1397,21,Urban,Clear,40,40,0,0,0
1398,9,Highway,Clear,90,100,0,0,0
1399,13,Rural,Clear,37,60,0,0,0
1400,1,Rural,Clear,34,60,0,0,0
1401,20,Urban,Clear,36,40,0,0,0
1402,14,Rural,Rain,40,60,0,0,0
1403,6,Rural,Fog,21,60,0,0,0
1404,21,Rural,Rain,32,60,0,0,0
1405,19,Rural,Rain,71,60,0,0,0
1406,13,Urban,Rain,27,40,0,0,0
1407,15,Urban,Fog,31,40,0,0,0
1408,23,Urban,Rain,26,40,0,0,0
1409,4,Urban,Clear,41,40,0,0,0
1410,23,Rural,Rain,36,60,0,0,0
1411,17,Urban,Snow,87,40,0,0,0
1412,6,Rural,Clear,30,60,0,0,0
1413,0,Rural,Rain,50,60,0,0,0
1414,21,Urban,Clear,39,40,0,0,0
1415,10,Highway,Clear,84,100,0,0,0
1416,3,Urban,Clear,37,40,0,0,0
1417,6,Highway,Clear,50,100,0,0,0
1418,10,Rural,Clear,71,60,0,0,0
1419,19,Highway,Clear,95,100,0,0,0
1420,12,Highway,Clear,52,100,0,0,0
1421,9,Urban,Clear,61,40,0,0,0
1422,16,Rural,Clear,36,60,0,0,0
1423,17,Highway,Rain,88,100,0,0,0
1424,7,Urban,Clear,37,40,0,0,0
1425,0,Urban,Fog,29,40,0,0,0
1426,22,Urban,Fog,50,40,0,0,0
1427,7,Urban,Clear,27,40,0,0,0
1428,17,Highway,Rain,87,100,1,1,1
1429,6,Rural,Rain,20,60,0,0,0
1430,7,Urban,Clear,49,40,0,0,0
1431,6,Highway,Clear,40,100,0,0,0
1432,13,Rural,Clear,27,60,0,0,0
1433,21,Highway,Clear,39,100,0,0,0
1434,18,Highway,Clear,70,100,0,0,0
1435,9,Urban,Clear,87,40,0,0,0
1436,14,Highway,Rain,58,100,0,0,0
1437,13,Rural,Clear,46,60,0,0,0
1438,23,Urban,Clear,20,40,0,0,0
1439,21,Highway,Clear,37,100,0,0,0
1440,15,Highway,Clear,37,100,0,0,0
1441,12,Urban,Clear,46,40,0,0,0
1442,0,Urban,Clear,39,40,0,0,0
1443,10,Highway,Clear,75,100,0,0,0
1444,11,Highway,Rain,54,100,0,0,0
1445,9,Highway,Rain,95,100,0,0,0
1446,17,Rural,Rain,68,60,0,0,0
1447,17,Urban,Clear,86,40,0,0,0
1448,23,Highway,Clear,38,100,1,1,1
1449,1,Rural,Clear,45,60,0,0,0
1450,9,Rural,Rain,80,60,0,0,0
1451,20,Highway,Rain,58,100,1,1,1
1452,18,Rural,Clear,78,60,0,0,0
1453,8,Urban,Rain,64,40,0,0,0
1454,20,Rural,Rain,34,60,0,0,0
1455,2,Urban,Fog,42,40,0,0,0
1456,10,Highway,Snow,89,100,0,0,0
1457,22,Rural,Snow,47,60,0,0,0
1458,20,Highway,Clear,45,100,0,0,0
1459,11,Urban,Clear,27,40,0,0,0
1460,16,Urban,Clear,23,40,0,0,0
1461,3,Urban,Rain,32,40,0,0,0
1462,18,Rural,Clear,90,60,0,0,0
1463,9,Highway,Clear,94,100,0,0,0
1464,5,Rural,Rain,45,60,0,0,0
1465,14,Urban,Fog,21,40,0,0,0
1466,19,Urban,Fog,70,40,0,0,0
1467,18,Urban,Rain,71,40,0,0,0
1468,22,Highway,Clear,40,100,1,1,1
1469,21,Rural,Clear,37,60,0,0,0
1470,13,Highway,Clear,35,100,0,0,0
1471,0,Highway,Clear,56,100,1,1,1
1472,0,Rural,Clear,33,60,0,0,0
1473,13,Urban,Clear,29,40,0,0,0
1474,23,Urban,Rain,25,40,0,0,0
1475,23,Urban,Clear,27,40,0,0,0
1476,12,Urban,Clear,36,40,0,0,0
1477,2,Rural,Clear,45,60,0,0,0
1478,0,Highway,Rain,48,100,1,1,1
1479,15,Highway,Clear,54,100,0,0,0
1480,14,Highway,Clear,32,100,0,0,0
1481,17,Highway,Clear,96,100,0,0,0
1482,3,Rural,Rain,26,60,0,0,0
1483,2,Rural,Rain,50,60,0,0,0
1484,19,Highway,Rain,88,100,1,1,1
1485,15,Urban,Fog,32,40,0,0,0
1486,10,Rural,Clear,86,60,0,0,0
1487,21,Rural,Clear,50,60,0,0,0
1488,0,Urban,Clear,38,40,0,0,0
1489,0,Highway,Clear,45,100,0,0,0
1490,18,Rural,Clear,86,60,0,0,0
1491,4,Highway,Fog,52,100,1,1,1
1492,21,Urban,Rain,39,40,0,0,0
1493,19,Urban,Clear,80,40,0,0,0
1494,13,Rural,Rain,20,60,0,0,0
1495,22,Urban,Clear,38,40,0,0,0
1496,17,Rural,Clear,84,60,0,0,0
1497,22,Highway,Clear,45,100,1,1,1
1498,15,Urban,Clear,44,40,0,0,0
1499,17,Highway,Clear,85,100,0,0,0
1500,19,Urban,Rain,87,40,0,0,0
1501,5,Rural,Clear,34,60,0,0,0
1502,20,Highway,Rain,51,100,1,1,1
1503,1,Highway,Clear,49,100,1,1,1
1504,16,Highway,Clear,57,100,0,0,0
1505,23,Urban,Fog,22,40,0,0,0
1506,16,Rural,Rain,33,60,0,0,0
1507,6,Rural,Rain,35,60,0,0,0
1508,13,Urban,Clear,42,40,0,0,0
1509,18,Rural,Clear,79,60,0,0,0
1510,4,Rural,Clear,46,60,0,0,0
1511,15,Highway,Clear,49,100,0,0,0
1512,0,Rural,Fog,33,60,0,1,1
1513,9,Rural,Rain,84,60,0,0,0
1514,18,Urban,Clear,90,40,0,0,0
1515,13,Highway,Clear,56,100,0,0,0
1516,22,Urban,Fog,28,40,0,0,0
1517,11,Urban,Clear,23,40,0,0,0
1518,18,Rural,Fog,66,60,0,0,0
1519,5,Rural,Clear,28,60,0,0,0
1520,18,Urban,Clear,62,40,0,0,0
1521,19,Highway,Clear,96,100,0,0,0
1522,3,Highway,Rain,30,100,1,1,1
1523,23,Highway,Rain,51,100,1,1,1
1524,13,Urban,Fog,41,40,0,0,0
1525,23,Rural,Clear,28,60,0,0,0
1526,17,Highway,Rain,71,100,0,0,0
1527,10,Rural,Clear,90,60,0,0,0
1528,7,Urban,Clear,21,40,0,0,0
1529,20,Highway,Clear,34,100,0,0,0
1530,17,Rural,Clear,61,60,0,0,0
1531,1,Urban,Clear,28,40,0,0,0
1532,8,Rural,Clear,74,60,0,0,0
1533,0,Highway,Clear,47,100,0,0,0
1534,4,Rural,Rain,31,60,0,0,0
1535,13,Urban,Fog,43,40,0,0,0
1536,13,Rural,Rain,20,60,0,0,0
1537,0,Urban,Clear,36,40,0,0,0
1538,12,Highway,Clear,39,100,0,0,0
1539,19,Highway,Rain,94,100,0,0,0
1540,6,Urban,Clear,30,40,0,0,0
1541,6,Highway,Clear,37,100,0,0,0
1542,15,Highway,Clear,53,100,0,0,0
1543,15,Rural,Rain,34,60,0,0,0
1544,0,Highway,Clear,33,100,0,0,0
1545,2,Urban,Clear,30,40,0,0,0
1546,3,Urban,Rain,46,40,0,0,0
1547,1,Rural,Clear,47,60,0,0,0
1548,10,Highway,Fog,88,100,0,0,0
1549,20,Urban,Clear,33,40,0,0,0
1550,23,Rural,Clear,43,60,0,0,0
1551,14,Rural,Rain,43,60,0,0,0
1552,7,Urban,Clear,50,40,0,0,0
1553,19,Urban,Clear,64,40,0,0,0
1554,4,Rural,Clear,44,60,0,0,0
1555,15,Highway,Clear,52,100,0,0,0
1556,14,Highway,Clear,59,100,0,0,0
1557,17,Rural,Fog,70,60,0,0,0
1558,20,Urban,Rain,24,40,0,0,0
1559,11,Highway,Clear,32,100,0,0,0
1560,0,Rural,Rain,37,60,0,0,0
1561,5,Rural,Rain,35,60,0,0,0
1562,22,Highway,Clear,41,100,1,1,1
1563,21,Highway,Clear,60,100,0,0,0
1564,16,Highway,Fog,50,100,0,0,0
1565,22,Rural,Clear,43,60,0,0,0
1566,22,Urban,Fog,42,40,0,0,0
1567,20,Urban,Rain,26,40,0,0,0
1568,0,Highway,Fog,56,100,1,1,1
1569,19,Highway,Clear,75,100,0,0,0
1570,0,Urban,Rain,49,40,0,0,0
1571,14,Rural,Clear,40,60,0,0,0
1572,5,Urban,Clear,20,40,0,0,0
1573,15,Highway,Clear,43,100,0,0,0
1574,23,Urban,Clear,24,40,0,0,0
1575,14,Highway,Clear,42,100,0,0,0
1576,12,Rural,Clear,42,60,0,0,0
1577,6,Highway,Rain,58,100,0,0,0
1578,18,Rural,Clear,73,60,0,0,0
1579,2,Rural,Fog,47,60,0,0,0
1580,4,Urban,Clear,30,40,0,0,0
1581,3,Highway,Fog,41,100,0,1,1
1582,11,Highway,Clear,36,100,0,0,0
1583,9,Highway,Clear,74,100,0,0,0
1584,7,Highway,Rain,46,100,1,1,1
1585,7,Rural,Clear,23,60,0,0,0
1586,22,Highway,Rain,58,100,0,1,1
1587,21,Highway,Rain,46,100,0,0,0
1588,21,Urban,Clear,22,40,0,0,0
1589,20,Rural,Clear,46,60,0,0,0
1590,4,Highway,Clear,41,100,0,0,0
1591,9,Rural,Fog,73,60,0,0,0
1592,1,Highway,Rain,48,100,1,1,1
1593,11,Rural,Clear,25,60,0,0,0
1594,9,Rural,Snow,79,60,0,0,0
1595,7,Rural,Clear,43,60,0,0,0
1596,13,Highway,Rain,57,100,0,1,1
1597,9,Rural,Clear,77,60,0,0,0
1598,9,Urban,Clear,77,40,0,0,0
1599,17,Urban,Rain,84,40,0,0,0
1600,21,Highway,Rain,42,100,1,1,1
1601,13,Urban,Clear,49,40,0,0,0
1602,13,Highway,Clear,39,100,0,0,0
1603,19,Urban,Clear,81,40,0,0,0
1604,2,Rural,Rain,30,60,0,0,0
1605,15,Urban,Rain,45,40,0,0,0
1606,1,Highway,Clear,37,100,0,0,0
1607,7,Urban,Rain,33,40,0,0,0
1608,14,Highway,Clear,49,100,0,0,0
1609,22,Urban,Rain,23,40,0,0,0
1610,6,Urban,Snow,22,40,0,0,0
1611,1,Urban,Clear,28,40,0,0,0
1612,7,Highway,Clear,55,100,0,0,0
1613,19,Urban,Rain,85,40,0,0,0
1614,4,Highway,Fog,56,100,1,1,1
1615,14,Rural,Clear,39,60,0,0,0
1616,9,Urban,Rain,67,40,0,0,0
1617,7,Highway,Clear,48,100,0,0,0
1618,5,Highway,Clear,57,100,0,0,0
1619,18,Highway,Snow,95,100,0,0,0
1620,3,Rural,Rain,37,60,0,0,0
1621,4,Rural,Clear,25,60,0,0,0
1622,5,Rural,Clear,48,60,0,0,0
1623,19,Urban,Rain,74,40,0,0,0
1624,11,Rural,Rain,46,60,0,0,0
1625,11,Rural,Clear,47,60,0,0,0
1626,11,Highway,Clear,57,100,0,0,0
1627,9,Highway,Fog,97,100,0,0,0
1628,21,Rural,Clear,38,60,0,0,0
1629,16,Highway,Clear,46,100,0,0,0
1630,18,Highway,Clear,98,100,0,0,0
1631,22,Urban,Fog,34,40,0,0,0
1632,1,Highway,Rain,43,100,1,1,1
1633,14,Rural,Clear,23,60,0,0,0
1634,10,Urban,Clear,72,40,0,0,0
1635,21,Highway,Clear,56,100,0,0,0
1636,19,Highway,Clear,99,100,0,0,0
1637,4,Urban,Rain,35,40,0,0,0
1638,19,Urban,Clear,76,40,0,0,0
1639,3,Rural,Clear,25,60,0,0,0
1640,2,Urban,Fog,30,40,0,0,0
1641,3,Rural,Rain,36,60,0,0,0
1642,12,Highway,Clear,31,100,0,0,0
1643,10,Rural,Clear,81,60,0,0,0
1644,3,Urban,Rain,39,40,0,0,0
1645,11,Urban,Clear,36,40,0,0,0
1646,1,Rural,Clear,40,60,0,0,0
1647,12,Highway,Clear,40,100,0,0,0
1648,0,Rural,Rain,41,60,0,0,0
1649,11,Urban,Rain,22,40,0,0,0
1650,3,Highway,Clear,48,100,0,0,0
1651,0,Urban,Clear,44,40,0,0,0
1652,17,Urban,Clear,80,40,0,0,0
1653,21,Highway,Rain,33,100,0,0,0
1654,7,Rural,Snow,44,60,0,0,0
1655,4,Highway,Rain,43,100,1,1,1
1656,1,Urban,Fog,20,40,0,0,0
1657,3,Highway,Clear,36,100,0,0,0
1658,12,Rural,Fog,37,60,0,0,0
1659,7,Rural,Clear,27,60,0,0,0
1660,18,Rural,Snow,83,60,0,0,0
1661,20,Urban,Rain,45,40,0,0,0
1662,15,Urban,Clear,26,40,0,0,0
1663,19,Rural,Rain,71,60,0,0,0
1664,15,Highway,Clear,47,100,0,0,0
1665,14,Urban,Clear,43,40,0,0,0
1666,19,Highway,Clear,74,100,0,0,0
1667,6,Rural,Clear,28,60,0,0,0
1668,5,Urban,Clear,21,40,0,0,0
1669,19,Rural,Rain,67,60,0,0,0
1670,17,Rural,Rain,67,60,0,0,0
1671,1,Highway,Clear,33,100,0,0,0
1672,1,Rural,Clear,24,60,0,0,0
1673,10,Rural,Clear,81,60,0,0,0
1674,14,Highway,Rain,31,100,0,0,0
1675,9,Urban,Clear,81,40,0,0,0
1676,23,Urban,Clear,24,40,0,0,0
1677,7,Highway,Clear,42,100,0,0,0
1678,3,Rural,Clear,29,60,0,0,0
1679,22,Highway,Fog,59,100,1,1,1
1680,0,Rural,Clear,45,60,0,0,0
1681,11,Highway,Clear,56,100,0,0,0
1682,22,Highway,Fog,35,100,1,1,1
1683,0,Urban,Rain,42,40,0,0,0
1684,11,Highway,Rain,37,100,0,0,0
1685,20,Urban,Clear,37,40,0,0,0
1686,21,Urban,Clear,30,40,0,0,0
1687,1,Highway,Rain,57,100,1,1,1
1688,10,Rural,Clear,68,60,0,0,0
1689,19,Urban,Rain,88,40,0,0,0
1690,9,Rural,Rain,68,60,0,0,0
1691,22,Urban,Rain,40,40,0,0,0
1692,13,Urban,Clear,48,40,0,0,0
1693,10,Urban,Clear,82,40,0,0,0
1694,1,Rural,Clear,35,60,0,0,0
1695,8,Urban,Snow,74,40,0,0,0
1696,4,Highway,Rain,43,100,1,1,1
1697,5,Highway,Rain,38,100,0,0,0
1698,12,Rural,Clear,47,60,0,0,0
1699,12,Highway,Fog,54,100,0,0,0
1700,20,Urban,Rain,43,40,0,0,0
1701,19,Urban,Rain,80,40,0,0,0
1702,8,Highway,Rain,99,100,0,0,0
1703,7,Highway,Clear,34,100,0,0,0
1704,15,Rural,Clear,26,60,0,0,0
1705,21,Rural,Clear,39,60,0,0,0
1706,7,Rural,Clear,45,60,0,0,0
1707,8,Urban,Clear,69,40,0,0,0
1708,10,Rural,Clear,62,60,0,0,0
1709,6,Urban,Clear,50,40,0,0,0
1710,16,Rural,Clear,30,60,0,0,0
1711,21,Urban,Clear,40,40,0,0,0
1712,22,Urban,Clear,41,40,0,0,0
1713,5,Urban,Clear,21,40,0,0,0
1714,21,Rural,Clear,42,60,0,0,0
1715,22,Rural,Rain,33,60,0,0,0
1716,23,Highway,Clear,56,100,1,1,1
1717,22,Rural,Rain,41,60,0,0,0
1718,19,Rural,Rain,74,60,0,0,0
1719,16,Highway,Rain,42,100,0,0,0
1720,6,Urban,Clear,35,40,0,0,0
1721,14,Urban,Clear,47,40,0,0,0
1722,2,Urban,Clear,43,40,0,0,0
1723,18,Rural,Fog,61,60,0,0,0
1724,20,Highway,Clear,58,100,0,0,0
1725,18,Highway,Rain,79,100,1,1,1
1726,23,Rural,Snow,46,60,0,0,0
1727,6,Urban,Rain,35,40,0,0,0
1728,11,Highway,Clear,40,100,0,0,0
1729,18,Rural,Rain,87,60,0,0,0
1730,2,Urban,Snow,35,40,0,0,0
1731,0,Urban,Clear,45,40,0,0,0
1732,1,Rural,Clear,40,60,0,0,0
1733,13,Rural,Clear,36,60,0,0,0
1734,18,Urban,Clear,60,40,0,0,0
1735,20,Urban,Clear,24,40,0,0,0
1736,18,Urban,Clear,90,40,0,0,0
1737,8,Highway,Rain,88,100,0,0,0
1738,5,Rural,Clear,43,60,0,0,0
1739,21,Rural,Clear,26,60,0,0,0
1740,3,Urban,Rain,30,40,0,0,0
1741,17,Rural,Rain,76,60,0,0,0
1742,7,Highway,Clear,39,100,0,0,0
1743,14,Urban,Fog,31,40,0,0,0
1744,6,Rural,Rain,50,60,0,0,0
1745,3,Rural,Clear,31,60,0,0,0
1746,10,Rural,Clear,73,60,0,0,0
1747,18,Urban,Rain,81,40,0,0,0
1748,6,Urban,Clear,26,40,0,0,0
1749,12,Urban,Clear,27,40,0,0,0
1750,10,Rural,Clear,86,60,0,0,0
1751,10,Highway,Snow,83,100,0,0,0
1752,5,Rural,Clear,36,60,0,0,0
1753,17,Rural,Clear,73,60,0,0,0
1754,7,Rural,Snow,42,60,0,0,0
1755,11,Highway,Clear,47,100,0,0,0
1756,2,Urban,Clear,41,40,0,0,0
1757,14,Highway,Clear,40,100,0,0,0
1758,22,Urban,Clear,30,40,0,0,0
1759,8,Urban,Rain,76,40,0,0,0
1760,7,Highway,Rain,41,100,0,0,0
1761,11,Rural,Rain,26,60,0,0,0
1762,20,Highway,Clear,33,100,0,0,0
1763,4,Urban,Clear,39,40,0,0,0
1764,19,Highway,Fog,92,100,0,0,0
1765,7,Highway,Clear,58,100,0,0,0
1766,23,Urban,Snow,34,40,0,0,0
1767,4,Rural,Rain,44,60,0,0,0
1768,22,Urban,Clear,37,40,0,0,0
1769,5,Rural,Clear,21,60,0,0,0
1770,13,Highway,Snow,52,100,0,0,0
1771,4,Urban,Clear,31,40,0,0,0
1772,4,Highway,Rain,36,100,1,1,1
1773,12,Rural,Clear,50,60,0,0,0
1774,22,Urban,Clear,32,40,0,0,0
1775,2,Rural,Clear,24,60,0,0,0
1776,12,Rural,Clear,23,60,0,0,0
1777,13,Highway,Rain,36,100,0,0,0
1778,1,Urban,Clear,40,40,0,0,0
1779,5,Rural,Clear,32,60,0,0,0
1780,0,Rural,Snow,33,60,0,0,0
1781,22,Rural,Clear,37,60,0,0,0
1782,1,Rural,Rain,22,60,0,0,0
1783,12,Rural,Clear,34,60,0,0,0
1784,14,Highway,Clear,32,100,0,0,0
1785,13,Urban,Fog,39,40,0,0,0
1786,13,Rural,Clear,36,60,0,0,0
1787,22,Urban,Clear,21,40,0,0,0
1788,12,Rural,Fog,31,60,0,0,0
1789,18,Urban,Clear,61,40,0,0,0
1790,14,Rural,Clear,47,60,0,0,0
1791,1,Highway,Clear,32,100,1,1,1
1792,22,Rural,Fog,34,60,0,0,0
1793,18,Urban,Fog,62,40,0,0,0
1794,16,Urban,Clear,41,40,0,0,0
1795,5,Highway,Rain,55,100,0,0,0
1796,15,Urban,Clear,27,40,0,0,0
1797,13,Rural,Clear,26,60,0,0,0
1798,20,Highway,Fog,47,100,0,0,0
1799,4,Urban,Clear,40,40,0,0,0
1800,21,Highway,Clear,51,100,0,0,0
1801,18,Highway,Clear,82,100,0,0,0
1802,11,Urban,Clear,34,40,0,0,0
1803,22,Rural,Snow,34,60,0,0,0
1804,11,Rural,Clear,43,60,0,0,0
1805,9,Rural,Rain,90,60,0,0,0
1806,6,Urban,Clear,33,40,0,0,0
1807,6,Highway,Fog,40,100,1,1,1
1808,18,Highway,Clear,77,100,0,0,0
1809,16,Urban,Fog,35,40,0,0,0
1810,21,Urban,Clear,31,40,0,0,0
1811,23,Rural,Clear,25,60,0,0,0
1812,8,Highway,Rain,100,100,0,0,0
1813,12,Highway,Clear,35,100,0,0,0
1814,19,Urban,Rain,84,40,0,0,0
1815,8,Urban,Fog,66,40,0,0,0
1816,7,Rural,Clear,24,60,0,0,0
1817,17,Rural,Rain,69,60,0,0,0
1818,18,Highway,Snow,100,100,0,0,0
1819,8,Highway,Rain,85,100,0,0,0
1820,5,Rural,Rain,47,60,0,0,0
1821,19,Urban,Clear,87,40,0,0,0
1822,23,Highway,Rain,37,100,1,1,1
1823,15,Rural,Clear,41,60,0,0,0
1824,2,Highway,Clear,58,100,1,1,1
1825,18,Urban,Rain,83,40,0,0,0
1826,23,Urban,Rain,42,40,0,0,0
1827,20,Highway,Clear,57,100,0,0,0
1828,20,Urban,Clear,29,40,0,0,0
1829,0,Rural,Rain,33,60,0,0,0
1830,13,Rural,Clear,46,60,0,0,0
1831,20,Highway,Clear,60,100,0,0,0
1832,17,Urban,Clear,64,40,0,0,0
1833,13,Urban,Rain,23,40,0,0,0
1834,2,Highway,Clear,38,100,0,0,0
1835,9,Rural,Clear,90,60,0,0,0
1836,6,Urban,Rain,39,40,0,0,0
1837,3,Urban,Snow,44,40,0,0,0
1838,23,Rural,Clear,40,60,0,0,0
1839,10,Urban,Clear,62,40,0,0,0
1840,5,Highway,Rain,54,100,1,1,1
1841,20,Rural,Clear,37,60,0,0,0
1842,5,Rural,Rain,35,60,0,0,0
1843,14,Highway,Clear,50,100,0,0,0
1844,1,Highway,Clear,37,100,0,0,0
1845,4,Urban,Rain,29,40,0,0,0
1846,11,Highway,Fog,46,100,0,0,0
1847,7,Urban,Rain,50,40,0,0,0
1848,11,Rural,Rain,33,60,0,0,0
1849,10,Rural,Rain,75,60,0,0,0
1850,2,Highway,Rain,49,100,0,1,1
1851,0,Highway,Rain,54,100,1,1,1
1852,11,Rural,Rain,20,60,0,0,0
1853,14,Highway,Clear,42,100,0,0,0
1854,4,Highway,Fog,49,100,1,1,1
1855,0,Rural,Clear,26,60,0,0,0
1856,16,Rural,Fog,45,60,0,0,0
1857,23,Highway,Clear,39,100,0,0,0
1858,6,Urban,Rain,28,40,0,0,0
1859,19,Urban,Snow,78,40,0,0,0
1860,14,Urban,Rain,50,40,0,0,0
1861,17,Urban,Clear,69,40,0,0,0
1862,14,Rural,Rain,20,60,0,0,0
1863,9,Highway,Rain,79,100,0,0,0
1864,11,Urban,Rain,23,40,0,0,0
1865,17,Rural,Clear,69,60,0,0,0
1866,11,Rural,Clear,26,60,0,0,0
1867,3,Highway,Clear,46,100,1,1,1
1868,23,Highway,Clear,59,100,1,1,1
1869,20,Urban,Clear,40,40,0,0,0
1870,13,Urban,Clear,37,40,0,0,0
1871,14,Rural,Clear,26,60,0,0,0
1872,16,Rural,Clear,27,60,0,0,0
1873,1,Rural,Fog,43,60,0,0,0
1874,4,Rural,Rain,48,60,0,0,0
1875,14,Urban,Clear,44,40,0,0,0
1876,8,Urban,Clear,89,40,0,0,0
1877,17,Rural,Rain,63,60,0,0,0
1878,1,Highway,Clear,36,100,1,1,1
1879,19,Rural,Fog,87,60,0,0,0
1880,17,Rural,Clear,65,60,0,0,0
1881,21,Highway,Clear,36,100,0,0,0
1882,9,Highway,Clear,93,100,0,0,0
1883,1,Urban,Clear,21,40,0,0,0
1884,11,Highway,Clear,56,100,0,0,0
1885,16,Urban,Rain,25,40,0,0,0
1886,3,Urban,Clear,30,40,0,0,0
1887,8,Highway,Fog,93,100,0,0,0
1888,3,Highway,Rain,46,100,1,1,1
1889,9,Urban,Clear,67,40,0,0,0
1890,23,Rural,Clear,30,60,0,0,0
1891,15,Urban,Clear,49,40,0,0,0
1892,1,Urban,Clear,23,40,0,0,0
1893,23,Urban,Clear,25,40,0,0,0
1894,17,Rural,Fog,63,60,0,0,0
1895,7,Rural,Clear,49,60,0,0,0
1896,12,Rural,Clear,20,60,0,0,0
1897,2,Highway,Clear,52,100,0,0,0
1898,1,Urban,Fog,33,40,0,0,0
1899,18,Highway,Clear,83,100,0,0,0
1900,20,Urban,Clear,26,40,0,0,0
1901,16,Highway,Clear,42,100,0,0,0
1902,13,Rural,Clear,31,60,0,0,0
1903,1,Urban,Rain,41,40,0,0,0
1904,5,Rural,Rain,27,60,0,0,0
1905,18,Urban,Fog,65,40,0,0,0
1906,7,Highway,Clear,54,100,0,0,0
1907,6,Urban,Rain,35,40,0,0,0
1908,6,Highway,Rain,30,100,0,0,0
1909,8,Rural,Fog,89,60,0,0,0
1910,1,Urban,Clear,50,40,0,0,0
1911,17,Rural,Clear,90,60,0,0,0
1912,4,Urban,Clear,45,40,0,0,0
1913,17,Highway,Rain,81,100,0,0,0
1914,13,Urban,Clear,40,40,0,0,0
1915,19,Rural,Clear,76,60,0,0,0
1916,18,Rural,Clear,90,60,0,0,0
1917,10,Urban,Clear,68,40,0,0,0
1918,15,Rural,Clear,28,60,0,0,0
1919,10,Highway,Snow,91,100,0,0,0
1920,12,Highway,Clear,42,100,0,0,0
1921,21,Highway,Fog,34,100,0,0,0
1922,17,Rural,Clear,69,60,0,0,0
1923,17,Rural,Clear,90,60,0,0,0
1924,19,Highway,Clear,83,100,0,0,0
1925,11,Urban,Clear,20,40,0,0,0
1926,8,Urban,Clear,63,40,0,0,0
1927,16,Urban,Clear,48,40,0,0,0
1928,6,Rural,Rain,30,60,0,0,0
1929,12,Rural,Clear,20,60,0,0,0
1930,8,Rural,Rain,62,60,0,0,0
1931,23,Rural,Clear,25,60,0,0,0
1932,20,Urban,Rain,34,40,0,0,0
1933,22,Urban,Clear,33,40,0,0,0
1934,16,Rural,Clear,47,60,0,0,0
1935,16,Highway,Clear,51,100,0,0,0
1936,9,Urban,Clear,72,40,0,0,0
1937,12,Highway,Clear,50,100,0,0,0
1938,8,Highway,Fog,77,100,0,0,0
1939,0,Highway,Snow,32,100,1,1,1
1940,16,Urban,Clear,47,40,0,0,0
1941,11,Highway,Clear,40,100,0,0,0
1942,10,Highway,Rain,98,100,0,0,0
1943,0,Rural,Snow,25,60,0,0,0
1944,15,Highway,Clear,39,100,0,0,0
1945,3,Rural,Clear,20,60,0,0,0
1946,4,Rural,Clear,42,60,0,0,0
1947,13,Highway,Rain,58,100,0,1,1
1948,1,Highway,Fog,39,100,1,1,1
1949,17,Rural,Clear,73,60,0,0,0
1950,4,Urban,Rain,21,40,0,0,0
1951,11,Rural,Clear,29,60,0,0,0
1952,23,Urban,Clear,35,40,0,0,0
1953,22,Highway,Clear,55,100,1,1,1
1954,0,Urban,Snow,30,40,0,0,0
1955,11,Highway,Clear,39,100,0,0,0
1956,23,Rural,Rain,39,60,0,0,0
1957,4,Highway,Rain,31,100,1,1,1
1958,10,Highway,Clear,82,100,0,0,0
1959,22,Highway,Rain,48,100,1,1,1
1960,8,Rural,Rain,61,60,0,0,0
1961,18,Urban,Fog,67,40,0,0,0
1962,13,Rural,Clear,28,60,0,0,0
1963,1,Urban,Rain,41,40,0,0,0
1964,14,Highway,Clear,33,100,0,0,0
1965,3,Highway,Clear,41,100,0,0,0
1966,9,Rural,Rain,80,60,0,0,0
1967,17,Rural,Clear,83,60,0,0,0
1968,21,Highway,Rain,39,100,0,0,0
1969,15,Highway,Clear,36,100,0,0,0
1970,0,Rural,Clear,20,60,0,0,0
1971,19,Urban,Clear,85,40,0,0,0
1972,0,Highway,Clear,50,100,1,1,1
1973,22,Highway,Clear,59,100,1,1,1
1974,7,Urban,Rain,39,40,0,0,0
1975,21,Highway,Rain,42,100,1,1,1
1976,7,Urban,Clear,37,40,0,0,0
1977,0,Urban,Rain,34,40,0,0,0
1978,23,Highway,Rain,57,100,1,1,1
1979,10,Urban,Clear,83,40,0,0,0
1980,2,Rural,Rain,36,60,0,0,0
1981,11,Highway,Clear,56,100,0,0,0
1982,9,Rural,Clear,84,60,0,0,0
1983,3,Rural,Clear,23,60,0,0,0
1984,9,Highway,Clear,74,100,0,0,0
1985,19,Urban,Clear,82,40,0,0,0
1986,20,Urban,Snow,20,40,0,0,0
1987,14,Highway,Snow,46,100,1,1,1
1988,23,Urban,Rain,35,40,0,0,0
1989,12,Rural,Rain,20,60,0,0,0
1990,7,Urban,Rain,41,40,0,0,0
1991,7,Highway,Clear,37,100,0,0,0
1992,1,Urban,Clear,33,40,0,0,0
1993,7,Rural,Rain,22,60,0,0,0
1994,21,Urban,Rain,44,40,0,0,0
1995,3,Highway,Clear,50,100,0,0,0
1996,1,Urban,Rain,23,40,0,0,0
1997,19,Highway,Rain,70,100,0,0,0
1998,22,Rural,Clear,39,60,0,0,0
1999,17,Urban,Rain,85,40,0,0,0
2000,20,Rural,Clear,28,60,0,0,0
2001,19,Rural,Clear,61,60,0,0,0
2002,20,Rural,Snow,36,60,0,0,0
2003,23,Rural,Rain,32,60,0,0,0
2004,23,Urban,Clear,29,40,0,0,0
2005,3,Rural,Clear,48,60,0,0,0
2006,12,Urban,Clear,21,40,0,0,0
2007,15,Urban,Rain,34,40,0,0,0
2008,11,Highway,Fog,36,100,0,0,0
2009,11,Highway,Clear,36,100,0,0,0
2010,0,Urban,Clear,27,40,0,0,0
2011,2,Rural,Clear,42,60,0,0,0
2012,9,Urban,Clear,66,40,0,0,0
2013,8,Urban,Rain,76,40,0,0,0
2014,11,Rural,Clear,23,60,0,0,0
2015,10,Rural,Clear,76,60,0,0,0
2016,5,Urban,Clear,25,40,0,0,0
2017,21,Rural,Fog,47,60,0,0,0
2018,11,Urban,Rain,43,40,0,0,0
2019,12,Rural,Rain,22,60,0,0,0
2020,8,Rural,Snow,86,60,0,0,0
2021,9,Highway,Rain,94,100,0,0,0
2022,5,Highway,Rain,41,100,0,0,0
2023,19,Highway,Rain,80,100,0,0,0
2024,11,Highway,Clear,39,100,0,0,0
2025,12,Highway,Clear,39,100,0,0,0
2026,7,Rural,Clear,35,60,0,0,0
2027,1,Urban,Clear,33,40,0,0,0
2028,10,Highway,Fog,71,100,0,1,1
2029,8,Urban,Clear,76,40,0,0,0
2030,16,Highway,Clear,46,100,0,0,0
2031,13,Highway,Clear,41,100,0,0,0
2032,13,Rural,Clear,32,60,0,0,0
2033,20,Highway,Clear,30,100,0,0,0
2034,2,Urban,Clear,26,40,0,0,0
2035,0,Urban,Clear,34,40,0,0,0
2036,10,Rural,Clear,67,60,0,0,0
2037,17,Urban,Rain,76,40,0,0,0
2038,17,Urban,Clear,69,40,0,0,0
2039,14,Rural,Clear,33,60,0,0,0
2040,8,Highway,Rain,73,100,0,0,0
2041,1,Urban,Clear,50,40,0,0,0
2042,9,Highway,Clear,88,100,0,0,0
2043,9,Urban,Clear,65,40,0,0,0
2044,14,Highway,Clear,55,100,0,0,0
2045,12,Urban,Clear,26,40,0,0,0
2046,8,Highway,Clear,100,100,0,0,0
2047,16,Urban,Fog,48,40,0,0,0
2048,8,Urban,Clear,67,40,0,0,0
2049,20,Highway,Rain,56,100,0,0,0
2050,19,Highway,Clear,91,100,0,0,0
2051,20,Rural,Rain,46,60,0,0,0
2052,6,Urban,Clear,40,40,0,0,0
2053,15,Urban,Clear,49,40,0,0,0
2054,0,Rural,Clear,46,60,0,0,0
2055,21,Urban,Clear,27,40,0,0,0
2056,8,Rural,Clear,80,60,0,0,0
2057,20,Highway,Clear,59,100,0,0,0
2058,2,Urban,Clear,23,40,0,0,0
2059,11,Highway,Clear,45,100,0,0,0
2060,22,Highway,Clear,44,100,0,0,0
2061,6,Highway,Clear,47,100,0,0,0
2062,0,Rural,Clear,21,60,0,0,0
2063,2,Rural,Clear,50,60,0,0,0
2064,20,Urban,Fog,25,40,0,0,0
2065,3,Rural,Clear,37,60,0,0,0
2066,10,Rural,Clear,80,60,0,0,0
2067,19,Rural,Clear,66,60,0,0,0
2068,10,Rural,Clear,68,60,0,0,0
2069,2,Rural,Rain,50,60,0,0,0
2070,18,Highway,Clear,97,100,0,0,0
2071,10,Highway,Snow,75,100,1,1,1
2072,13,Rural,Clear,33,60,0,0,0
2073,0,Rural,Rain,39,60,0,0,0
2074,9,Urban,Clear,73,40,0,0,0
2075,18,Urban,Rain,67,40,0,0,0
2076,5,Rural,Fog,30,60,0,0,0
2077,18,Highway,Clear,77,100,0,0,0
2078,8,Urban,Rain,86,40,0,0,0
2079,11,Urban,Clear,25,40,0,0,0
2080,3,Rural,Rain,43,60,0,0,0
2081,14,Highway,Clear,54,100,0,0,0
2082,4,Highway,Rain,48,100,1,1,1
2083,16,Urban,Rain,47,40,0,0,0
2084,8,Rural,Clear,75,60,0,0,0
2085,22,Highway,Clear,46,100,1,1,1
2086,19,Urban,Clear,76,40,0,0,0
2087,1,Rural,Clear,44,60,0,0,0
2088,23,Rural,Rain,42,60,0,0,0
2089,12,Rural,Rain,32,60,0,0,0
2090,22,Urban,Clear,24,40,0,0,0
2091,3,Urban,Clear,42,40,0,0,0
2092,18,Highway,Clear,90,100,0,0,0
2093,10,Urban,Rain,78,40,0,0,0
2094,21,Urban,Clear,37,40,0,0,0
2095,16,Urban,Clear,41,40,0,0,0
2096,12,Rural,Clear,44,60,0,0,0
2097,5,Urban,Rain,24,40,0,0,0
2098,8,Rural,Rain,64,60,0,0,0
2099,18,Urban,Clear,71,40,0,0,0
2100,13,Urban,Clear,29,40,0,0,0
2101,1,Urban,Clear,23,40,0,0,0
2102,16,Rural,Rain,41,60,0,0,0
2103,6,Urban,Clear,47,40,0,0,0
2104,8,Urban,Rain,82,40,0,0,0
2105,20,Highway,Clear,54,100,0,0,0
2106,3,Highway,Clear,52,100,1,1,1
2107,17,Urban,Rain,62,40,0,0,0
2108,2,Rural,Clear,20,60,0,0,0
2109,2,Rural,Fog,34,60,0,0,0
2110,23,Highway,Clear,31,100,1,1,1
2111,3,Highway,Clear,49,100,1,1,1
2112,8,Highway,Clear,96,100,0,0,0
2113,4,Rural,Clear,29,60,0,0,0
2114,22,Urban,Clear,22,40,0,0,0
2115,1,Highway,Fog,54,100,1,1,1
2116,16,Urban,Clear,37,40,0,0,0
2117,15,Urban,Clear,35,40,0,0,0
2118,0,Rural,Clear,37,60,0,0,0
2119,8,Highway,Rain,96,100,0,0,0
2120,6,Rural,Clear,31,60,0,0,0
2121,14,Rural,Clear,20,60,0,0,0
2122,17,Urban,Fog,74,40,0,0,0
2123,10,Rural,Rain,65,60,0,0,0
2124,23,Rural,Fog,40,60,0,0,0
2125,18,Urban,Rain,69,40,0,0,0
2126,16,Rural,Clear,40,60,0,0,0
2127,21,Highway,Rain,40,100,1,1,1
2128,22,Rural,Clear,36,60,0,0,0
2129,4,Rural,Rain,42,60,0,0,0
2130,2,Highway,Clear,36,100,0,0,0
2131,11,Rural,Clear,38,60,0,0,0
2132,11,Rural,Rain,44,60,0,0,0
2133,19,Urban,Clear,64,40,0,0,0
2134,12,Urban,Clear,35,40,0,0,0
2135,18,Highway,Snow,70,100,0,0,0
2136,10,Highway,Rain,74,100,1,1,1
2137,10,Urban,Clear,66,40,0,0,0
2138,13,Highway,Clear,33,100,0,0,0
2139,0,Highway,Fog,50,100,1,1,1
2140,19,Rural,Rain,72,60,0,0,0
2141,1,Urban,Clear,34,40,0,0,0
2142,18,Highway,Rain,94,100,0,1,1
2143,22,Rural,Fog,47,60,0,0,0
2144,3,Rural,Clear,22,60,0,0,0
2145,18,Rural,Clear,60,60,0,0,0
2146,16,Rural,Fog,29,60,0,0,0
2147,18,Highway,Clear,94,100,0,0,0
2148,0,Urban,Fog,38,40,0,0,0
2149,16,Rural,Clear,36,60,0,0,0
2150,17,Highway,Fog,71,100,0,0,0
2151,7,Urban,Rain,46,40,0,0,0
2152,12,Highway,Fog,35,100,1,1,1
2153,4,Urban,Rain,45,40,0,0,0
2154,5,Highway,Clear,43,100,0,0,0
2155,11,Rural,Clear,29,60,0,0,0
2156,2,Rural,Clear,22,60,0,0,0
2157,16,Highway,Clear,59,100,0,0,0
2158,17,Urban,Rain,69,40,0,0,0
2159,14,Urban,Clear,21,40,0,0,0
2160,21,Rural,Clear,48,60,0,0,0
2161,21,Rural,Fog,24,60,0,0,0
2162,18,Rural,Rain,73,60,0,0,0
2163,15,Rural,Clear,25,60,0,0,0
2164,15,Rural,Snow,50,60,0,0,0
2165,21,Highway,Rain,55,100,0,0,0
2166,11,Highway,Clear,49,100,0,0,0
2167,0,Rural,Rain,49,60,0,0,0
2168,4,Urban,Clear,34,40,0,0,0
2169,15,Highway,Snow,51,100,1,1,1
2170,9,Urban,Snow,77,40,0,0,0
2171,13,Rural,Clear,50,60,0,0,0
2172,7,Urban,Fog,41,40,0,0,0
2173,13,Urban,Clear,29,40,0,0,0
2174,6,Urban,Rain,47,40,0,0,0
2175,2,Rural,Snow,21,60,0,0,0
2176,16,Rural,Clear,50,60,0,0,0
2177,14,Highway,Fog,57,100,1,1,1
2178,5,Rural,Clear,27,60,0,0,0
2179,0,Urban,Rain,49,40,0,0,0
2180,13,Urban,Rain,38,40,0,0,0
2181,16,Urban,Clear,47,40,0,0,0
2182,3,Highway,Clear,50,100,0,0,0
2183,3,Highway,Clear,51,100,1,1,1
2184,6,Rural,Fog,44,60,0,0,0
2185,14,Rural,Clear,29,60,0,0,0
2186,14,Urban,Fog,34,40,0,0,0
2187,6,Rural,Clear,39,60,0,0,0
2188,7,Rural,Snow,44,60,0,0,0
2189,6,Highway,Clear,57,100,0,0,0
2190,4,Highway,Clear,48,100,0,0,0
2191,0,Rural,Clear,48,60,0,0,0
2192,22,Rural,Fog,21,60,0,0,0
2193,17,Rural,Clear,76,60,0,0,0
2194,15,Rural,Rain,26,60,0,0,0
2195,1,Rural,Clear,33,60,0,0,0
2196,12,Urban,Clear,35,40,0,0,0
2197,4,Urban,Rain,37,40,0,0,0
2198,13,Urban,Clear,21,40,0,0,0
2199,14,Urban,Clear,25,40,0,0,0
2200,2,Highway,Clear,42,100,0,0,0
2201,17,Rural,Snow,78,60,0,0,0
2202,5,Rural,Clear,29,60,0,0,0
2203,16,Rural,Clear,22,60,0,0,0
2204,17,Rural,Snow,77,60,0,0,0
2205,12,Highway,Clear,34,100,0,0,0
2206,12,Urban,Clear,29,40,0,0,0
2207,13,Highway,Clear,53,100,0,0,0
2208,13,Highway,Fog,56,100,0,0,0
2209,14,Rural,Rain,31,60,0,0,0
2210,17,Highway,Snow,86,100,0,0,0
2211,17,Rural,Clear,68,60,0,0,0
2212,8,Rural,Clear,61,60,0,0,0
2213,9,Rural,Snow,86,60,0,0,0
2214,17,Urban,Clear,72,40,0,0,0
2215,12,Rural,Clear,42,60,0,0,0
2216,9,Urban,Clear,69,40,0,0,0
2217,2,Highway,Fog,39,100,1,1,1
2218,22,Rural,Clear,43,60,0,0,0
2219,7,Urban,Clear,25,40,0,0,0
2220,20,Urban,Rain,20,40,0,0,0
2221,9,Urban,Clear,71,40,0,0,0
2222,4,Rural,Clear,34,60,0,0,0
2223,14,Rural,Clear,33,60,0,0,0
2224,4,Highway,Rain,36,100,1,1,1
2225,19,Urban,Clear,68,40,0,0,0
2226,15,Rural,Clear,50,60,0,0,0
2227,18,Highway,Fog,93,100,0,0,0
2228,11,Rural,Clear,41,60,0,0,0
2229,17,Rural,Snow,70,60,0,0,0
2230,19,Rural,Clear,75,60,0,0,0
2231,11,Rural,Clear,44,60,0,0,0
2232,11,Rural,Clear,29,60,0,0,0
2233,1,Rural,Clear,38,60,0,0,0
2234,17,Urban,Clear,76,40,0,0,0
2235,12,Rural,Clear,38,60,0,0,0
2236,11,Urban,Clear,25,40,0,0,0
2237,0,Highway,Clear,47,100,1,1,1
2238,22,Urban,Clear,49,40,0,0,0
2239,18,Rural,Clear,80,60,0,0,0
2240,18,Urban,Rain,69,40,0,0,0
2241,1,Highway,Clear,48,100,1,1,1
2242,3,Highway,Rain,56,100,0,0,0
2243,20,Highway,Clear,34,100,0,0,0
2244,22,Rural,Rain,34,60,0,0,0
2245,17,Highway,Clear,75,100,0,0,0
2246,14,Highway,Clear,42,100,0,0,0
2247,1,Highway,Clear,39,100,1,1,1
2248,5,Urban,Clear,45,40,0,0,0
2249,1,Urban,Rain,23,40,0,0,0
2250,10,Urban,Snow,62,40,0,0,0
2251,20,Highway,Clear,32,100,0,0,0
2252,23,Highway,Clear,48,100,1,1,1
2253,10,Urban,Clear,82,40,0,0,0
2254,19,Highway,Clear,79,100,0,0,0
2255,20,Rural,Clear,25,60,0,0,0
2256,8,Highway,Fog,89,100,1,1,1
2257,8,Rural,Fog,70,60,0,0,0
2258,3,Urban,Clear,31,40,0,0,0
2259,5,Rural,Clear,24,60,0,0,0
2260,23,Rural,Clear,34,60,0,0,0
2261,7,Urban,Clear,30,40,0,0,0
2262,10,Rural,Clear,60,60,0,0,0
2263,20,Urban,Clear,43,40,0,0,0
2264,17,Urban,Clear,72,40,0,0,0
2265,2,Urban,Clear,27,40,0,0,0
2266,11,Highway,Rain,30,100,0,0,0
2267,14,Urban,Rain,25,40,0,0,0
2268,5,Rural,Rain,48,60,0,0,0
2269,22,Urban,Clear,21,40,0,0,0
2270,1,Highway,Clear,31,100,1,1,1
2271,4,Highway,Rain,59,100,1,1,1
2272,8,Urban,Rain,82,40,0,0,0
2273,12,Urban,Clear,21,40,0,0,0
2274,7,Rural,Clear,25,60,0,0,0
2275,10,Highway,Snow,82,100,1,1,1
2276,0,Rural,Clear,29,60,0,0,0
2277,11,Urban,Rain,31,40,0,0,0
2278,18,Highway,Clear,80,100,0,0,0
2279,7,Highway,Rain,36,100,0,0,0
2280,18,Highway,Clear,71,100,0,0,0
2281,22,Highway,Rain,56,100,1,1,1
2282,9,Highway,Fog,94,100,0,0,0
2283,8,Rural,Rain,82,60,0,0,0
2284,5,Urban,Clear,49,40,0,0,0
2285,4,Urban,Clear,29,40,0,0,0
2286,21,Rural,Clear,32,60,0,0,0
2287,13,Rural,Clear,41,60,0,0,0
2288,17,Rural,Rain,84,60,0,0,0
2289,19,Highway,Clear,80,100,0,0,0
2290,19,Rural,Clear,88,60,0,0,0
2291,7,Urban,Clear,20,40,0,0,0
2292,14,Highway,Fog,54,100,0,0,0
2293,7,Urban,Clear,33,40,0,0,0
2294,22,Highway,Clear,31,100,1,1,1
2295,12,Urban,Clear,37,40,0,0,0
2296,5,Urban,Fog,33,40,0,0,0
2297,19,Urban,Rain,89,40,0,0,0
2298,7,Highway,Clear,38,100,0,0,0
2299,17,Urban,Clear,60,40,0,0,0
2300,15,Rural,Rain,46,60,0,0,0
2301,2,Urban,Fog,24,40,0,0,0
2302,18,Rural,Clear,78,60,0,0,0
2303,5,Rural,Clear,31,60,0,0,0
2304,21,Rural,Clear,44,60,0,0,0
2305,4,Rural,Clear,31,60,0,0,0
2306,10,Urban,Clear,67,40,0,0,0
2307,12,Urban,Rain,47,40,0,0,0
2308,18,Urban,Clear,89,40,0,0,0
2309,18,Highway,Clear,83,100,0,0,0
2310,0,Highway,Clear,47,100,0,1,1
2311,7,Highway,Clear,33,100,0,0,0
2312,20,Highway,Fog,57,100,1,1,1
2313,23,Rural,Clear,49,60,0,0,0
2314,22,Rural,Snow,42,60,0,0,0
2315,2,Highway,Clear,48,100,1,1,1
2316,16,Urban,Rain,49,40,0,0,0
2317,14,Urban,Clear,42,40,0,0,0
2318,7,Urban,Rain,50,40,0,0,0
2319,9,Rural,Clear,74,60,0,0,0
2320,8,Urban,Rain,79,40,0,0,0
2321,13,Rural,Clear,49,60,0,0,0
2322,0,Rural,Clear,37,60,0,0,0
2323,21,Urban,Clear,29,40,0,0,0
2324,5,Highway,Clear,32,100,0,0,0
2325,19,Urban,Clear,64,40,0,0,0
2326,23,Urban,Clear,44,40,0,0,0
2327,3,Urban,Clear,35,40,0,0,0
2328,14,Highway,Clear,56,100,0,0,0
2329,3,Urban,Fog,47,40,0,0,0
2330,17,Urban,Rain,76,40,0,0,0
2331,22,Highway,Rain,49,100,1,1,1
2332,11,Highway,Clear,41,100,0,0,0
2333,7,Urban,Rain,36,40,0,0,0
2334,20,Highway,Clear,49,100,0,0,0
2335,13,Rural,Clear,38,60,0,0,0
2336,16,Highway,Clear,50,100,0,0,0
2337,9,Highway,Clear,84,100,0,0,0
2338,21,Highway,Rain,59,100,0,0,0
2339,16,Highway,Clear,54,100,0,0,0
2340,13,Highway,Fog,54,100,0,0,0
2341,18,Urban,Fog,75,40,0,0,0
2342,20,Rural,Clear,35,60,0,0,0
2343,20,Urban,Clear,24,40,0,0,0
2344,23,Highway,Snow,58,100,1,1,1
2345,1,Rural,Clear,25,60,0,0,0
2346,5,Rural,Clear,21,60,0,0,0
2347,0,Rural,Rain,46,60,0,0,0
2348,10,Urban,Clear,76,40,0,0,0
2349,0,Highway,Clear,51,100,0,1,1
2350,3,Urban,Snow,33,40,0,0,0
2351,3,Urban,Clear,46,40,0,0,0
2352,0,Rural,Rain,26,60,0,0,0
2353,22,Highway,Clear,36,100,1,1,1
2354,21,Rural,Clear,34,60,0,0,0
2355,19,Rural,Clear,68,60,0,0,0
2356,19,Rural,Rain,78,60,0,0,0
2357,8,Highway,Clear,76,100,0,0,0
2358,14,Urban,Clear,43,40,0,0,0
2359,23,Rural,Clear,28,60,0,0,0
2360,17,Highway,Rain,75,100,0,0,0
2361,22,Highway,Rain,51,100,0,1,1
2362,8,Urban,Clear,81,40,0,0,0
2363,22,Rural,Clear,47,60,0,0,0
2364,2,Urban,Clear,37,40,0,0,0
2365,9,Urban,Clear,90,40,0,0,0
2366,11,Urban,Clear,26,40,0,0,0
2367,1,Highway,Clear,54,100,1,1,1
2368,6,Highway,Clear,34,100,0,0,0
2369,18,Urban,Rain,75,40,0,0,0
2370,17,Highway,Clear,75,100,0,0,0
2371,8,Highway,Rain,95,100,0,0,0
2372,6,Urban,Clear,24,40,0,0,0
2373,9,Rural,Clear,70,60,0,0,0
2374,5,Rural,Clear,38,60,0,0,0
2375,3,Highway,Rain,32,100,1,1,1
2376,10,Highway,Clear,88,100,0,0,0
2377,16,Highway,Rain,44,100,1,1,1
2378,5,Rural,Clear,21,60,0,0,0
2379,14,Urban,Rain,44,40,0,0,0
2380,15,Rural,Clear,20,60,0,0,0
2381,0,Urban,Clear,36,40,0,0,0
2382,19,Rural,Clear,67,60,0,0,0
2383,3,Urban,Clear,36,40,0,0,0
2384,21,Highway,Clear,39,100,0,0,0
2385,10,Rural,Clear,78,60,0,0,0
2386,5,Rural,Fog,30,60,0,0,0
2387,15,Rural,Clear,35,60,0,0,0
2388,13,Rural,Snow,21,60,0,0,0
2389,0,Rural,Clear,27,60,0,0,0
2390,1,Rural,Clear,39,60,0,0,0
2391,23,Rural,Clear,48,60,0,0,0
2392,15,Rural,Clear,44,60,0,0,0
2393,10,Urban,Clear,64,40,0,0,0
2394,15,Rural,Rain,40,60,0,0,0
2395,9,Highway,Clear,91,100,0,0,0
2396,13,Urban,Clear,50,40,0,0,0
2397,1,Urban,Rain,32,40,0,0,0
2398,18,Rural,Clear,88,60,0,0,0
2399,19,Urban,Clear,85,40,0,0,0
2400,12,Rural,Rain,20,60,0,0,0
2401,14,Urban,Clear,30,40,0,0,0
2402,16,Rural,Rain,50,60,0,0,0
2403,20,Highway,Clear,34,100,0,0,0
2404,3,Urban,Clear,20,40,0,0,0
2405,13,Highway,Clear,54,100,0,0,0
2406,13,Rural,Rain,43,60,0,0,0
2407,2,Highway,Clear,38,100,1,1,1
2408,4,Highway,Clear,41,100,0,0,0
2409,8,Urban,Clear,69,40,0,0,0
2410,2,Rural,Fog,22,60,0,0,0
2411,3,Urban,Rain,49,40,0,0,0
2412,1,Rural,Clear,44,60,0,0,0
2413,13,Highway,Clear,44,100,0,0,0
2414,23,Rural,Rain,36,60,0,0,0
2415,14,Rural,Rain,24,60,0,0,0
2416,9,Urban,Fog,73,40,0,0,0
2417,18,Rural,Clear,70,60,0,0,0
2418,9,Highway,Clear,79,100,0,0,0
2419,1,Highway,Rain,40,100,1,1,1
2420,10,Urban,Clear,79,40,0,0,0
2421,8,Rural,Clear,80,60,0,0,0
2422,14,Highway,Clear,31,100,0,0,0
2423,5,Rural,Clear,38,60,0,0,0
2424,15,Urban,Clear,48,40,0,0,0
2425,4,Highway,Clear,36,100,0,0,0
2426,10,Highway,Clear,77,100,0,0,0
2427,0,Rural,Clear,21,60,0,0,0
2428,9,Highway,Clear,85,100,0,0,0
2429,14,Rural,Clear,31,60,0,0,0
2430,1,Rural,Clear,28,60,0,0,0
2431,11,Rural,Clear,43,60,0,0,0
2432,5,Highway,Clear,44,100,0,0,0
2433,0,Urban,Fog,32,40,0,0,0
2434,3,Urban,Clear,34,40,0,0,0
2435,15,Rural,Clear,29,60,0,0,0
2436,15,Highway,Clear,49,100,0,0,0
2437,22,Urban,Clear,25,40,0,0,0
2438,1,Rural,Rain,38,60,0,0,0
2439,8,Rural,Clear,69,60,0,0,0
2440,6,Urban,Clear,25,40,0,0,0
2441,10,Highway,Clear,96,100,0,0,0
2442,13,Rural,Clear,44,60,0,0,0
2443,14,Highway,Rain,45,100,0,0,0
2444,14,Urban,Fog,46,40,0,0,0
2445,19,Rural,Clear,75,60,0,0,0
2446,23,Urban,Clear,44,40,0,0,0
2447,21,Urban,Clear,21,40,0,0,0
2448,19,Urban,Clear,62,40,0,0,0
2449,6,Highway,Rain,41,100,0,0,0
2450,3,Rural,Rain,38,60,0,0,0
2451,4,Highway,Fog,48,100,1,1,1
2452,15,Rural,Rain,46,60,0,0,0
2453,2,Rural,Clear,36,60,0,0,0
2454,16,Highway,Clear,55,100,0,0,0
2455,21,Urban,Rain,45,40,0,0,0
2456,18,Highway,Fog,89,100,0,0,0
2457,0,Rural,Rain,40,60,0,0,0
2458,7,Highway,Clear,45,100,0,0,0
2459,16,Highway,Clear,53,100,0,0,0
2460,6,Highway,Rain,30,100,1,1,1
2461,23,Rural,Clear,40,60,0,0,0
2462,1,Highway,Clear,34,100,0,1,1
2463,5,Rural,Rain,27,60,0,0,0
2464,2,Urban,Clear,37,40,0,0,0
2465,3,Urban,Clear,33,40,0,0,0
2466,12,Rural,Clear,47,60,0,0,0
2467,14,Rural,Clear,32,60,0,0,0
2468,19,Urban,Rain,76,40,0,0,0
2469,6,Urban,Clear,50,40,0,0,0
2470,12,Highway,Snow,42,100,0,0,0
2471,13,Rural,Fog,47,60,0,0,0
2472,23,Highway,Clear,38,100,1,1,1
2473,0,Highway,Clear,57,100,1,1,1
2474,8,Rural,Clear,78,60,0,0,0
2475,11,Urban,Clear,48,40,0,0,0
2476,21,Rural,Clear,39,60,0,0,0
2477,1,Urban,Snow,27,40,0,0,0
2478,19,Rural,Clear,60,60,0,0,0
2479,10,Rural,Clear,80,60,0,0,0
2480,20,Rural,Clear,43,60,0,0,0
2481,2,Highway,Clear,34,100,1,1,1
2482,8,Highway,Fog,88,100,0,0,0
2483,1,Rural,Clear,43,60,0,0,0
2484,2,Highway,Rain,54,100,1,1,1
2485,6,Urban,Clear,30,40,0,0,0
2486,9,Urban,Clear,66,40,0,0,0
2487,6,Rural,Fog,27,60,0,0,0
2488,18,Highway,Clear,77,100,0,0,0
2489,23,Rural,Fog,49,60,0,0,0
2490,3,Rural,Clear,47,60,0,0,0
2491,17,Urban,Rain,65,40,0,0,0
2492,19,Rural,Fog,73,60,0,0,0
2493,19,Urban,Clear,79,40,0,0,0
2494,8,Rural,Rain,68,60,0,0,0
2495,9,Urban,Clear,77,40,0,0,0
2496,20,Urban,Rain,43,40,0,0,0
2497,1,Highway,Clear,44,100,0,0,0
2498,5,Urban,Fog,47,40,0,0,0
2499,22,Rural,Clear,23,60,0,0,0
2500,10,Highway,Rain,78,100,0,0,0
2501,0,Urban,Clear,32,40,0,0,0
2502,7,Rural,Clear,47,60,0,0,0
2503,17,Urban,Clear,86,40,0,0,0
2504,15,Urban,Clear,43,40,0,0,0
2505,14,Urban,Clear,37,40,0,0,0
2506,1,Urban,Fog,42,40,0,0,0
2507,15,Urban,Clear,42,40,0,0,0
2508,13,Urban,Clear,41,40,0,0,0
2509,10,Urban,Clear,89,40,0,0,0
2510,21,Highway,Clear,47,100,0,0,0
2511,9,Highway,Clear,97,100,0,0,0
2512,8,Highway,Rain,75,100,0,0,0
2513,2,Urban,Rain,42,40,0,0,0
2514,14,Highway,Clear,52,100,0,0,0
2515,6,Rural,Clear,31,60,0,0,0
2516,19,Highway,Clear,79,100,0,0,0
2517,0,Rural,Clear,32,60,0,0,0
2518,12,Urban,Rain,33,40,0,0,0
2519,7,Rural,Rain,47,60,0,0,0
2520,10,Urban,Clear,88,40,0,0,0
2521,0,Urban,Clear,44,40,0,0,0
2522,8,Urban,Clear,62,40,0,0,0
2523,22,Highway,Clear,50,100,0,0,0
2524,13,Urban,Snow,26,40,0,0,0
2525,10,Rural,Clear,62,60,0,0,0
2526,19,Highway,Clear,73,100,0,0,0
2527,9,Urban,Clear,79,40,0,0,0
2528,20,Urban,Rain,32,40,0,0,0
2529,12,Highway,Clear,60,100,0,0,0
2530,20,Urban,Clear,48,40,0,0,0
2531,3,Highway,Clear,33,100,1,1,1
2532,8,Rural,Rain,64,60,0,0,0
2533,18,Rural,Clear,90,60,0,0,0
2534,15,Urban,Rain,33,40,0,0,0
2535,0,Urban,Rain,34,40,0,0,0
2536,6,Urban,Fog,20,40,0,0,0
2537,4,Rural,Clear,32,60,0,0,0
2538,8,Urban,Clear,82,40,0,0,0
2539,13,Highway,Fog,42,100,0,0,0
2540,13,Urban,Rain,36,40,0,0,0
2541,16,Highway,Clear,38,100,0,0,0
2542,0,Highway,Fog,38,100,1,1,1
2543,11,Highway,Clear,50,100,0,0,0
2544,11,Urban,Clear,20,40,0,0,0
2545,3,Rural,Fog,35,60,0,0,0
2546,15,Highway,Clear,40,100,0,0,0
2547,0,Highway,Fog,38,100,1,1,1
2548,22,Urban,Clear,46,40,0,0,0
2549,13,Rural,Clear,26,60,0,0,0
2550,3,Highway,Clear,54,100,0,0,0
2551,5,Urban,Clear,32,40,0,0,0
2552,8,Rural,Clear,69,60,0,0,0
2553,3,Urban,Rain,25,40,0,0,0
2554,7,Urban,Rain,36,40,0,0,0
2555,22,Highway,Clear,50,100,0,0,0
2556,18,Highway,Clear,84,100,0,0,0
2557,20,Highway,Snow,40,100,0,0,0
2558,20,Urban,Clear,37,40,0,0,0
2559,14,Highway,Fog,45,100,0,0,0
2560,22,Rural,Clear,44,60,0,0,0
2561,12,Rural,Clear,43,60,0,0,0
2562,6,Highway,Snow,36,100,0,0,0
2563,20,Rural,Clear,30,60,0,0,0
2564,0,Rural,Clear,28,60,0,0,0
2565,7,Highway,Clear,52,100,0,0,0
2566,9,Rural,Fog,68,60,0,0,0
2567,22,Rural,Rain,50,60,0,0,0
2568,7,Highway,Clear,43,100,0,0,0
2569,3,Rural,Clear,41,60,0,0,0
2570,4,Highway,Snow,38,100,1,1,1
2571,17,Highway,Clear,89,100,0,0,0
2572,21,Urban,Rain,25,40,0,0,0
2573,1,Highway,Clear,37,100,0,0,0
2574,7,Highway,Fog,49,100,0,0,0
2575,12,Urban,Clear,30,40,0,0,0
2576,14,Rural,Clear,45,60,0,0,0
2577,20,Highway,Clear,45,100,0,0,0
2578,15,Rural,Clear,22,60,0,0,0
2579,4,Highway,Clear,40,100,1,1,1
2580,15,Urban,Rain,32,40,0,0,0
2581,14,Highway,Clear,60,100,0,0,0
2582,18,Rural,Clear,72,60,0,0,0
2583,13,Rural,Rain,25,60,0,0,0
2584,19,Highway,Clear,81,100,0,0,0
2585,10,Urban,Clear,87,40,0,0,0
2586,6,Rural,Rain,29,60,0,0,0
2587,13,Urban,Snow,20,40,0,0,0
2588,5,Urban,Clear,20,40,0,0,0
2589,4,Urban,Rain,50,40,0,0,0
2590,21,Rural,Clear,27,60,0,0,0
2591,4,Rural,Snow,25,60,0,0,0
2592,1,Rural,Clear,49,60,0,0,0
2593,2,Rural,Clear,41,60,0,0,0
2594,6,Highway,Clear,57,100,0,0,0
2595,4,Rural,Clear,43,60,0,0,0
2596,13,Urban,Clear,28,40,0,0,0
2597,0,Urban,Clear,26,40,0,0,0
2598,17,Urban,Fog,89,40,0,0,0
2599,21,Highway,Snow,32,100,0,0,0
2600,0,Urban,Rain,25,40,0,0,0
2601,14,Highway,Clear,31,100,0,0,0
2602,4,Urban,Clear,36,40,0,0,0
2603,22,Highway,Clear,43,100,0,0,0
2604,9,Urban,Clear,82,40,0,0,0
2605,9,Urban,Rain,69,40,0,0,0
2606,14,Urban,Rain,37,40,0,0,0
2607,14,Rural,Clear,29,60,0,0,0
2608,13,Highway,Snow,33,100,1,1,1
2609,13,Urban,Clear,33,40,0,0,0
2610,18,Rural,Fog,67,60,0,0,0
2611,18,Highway,Clear,98,100,0,0,0
2612,23,Urban,Snow,44,40,0,0,0
2613,9,Urban,Fog,73,40,0,0,0
2614,13,Urban,Clear,40,40,0,0,0
2615,4,Rural,Rain,36,60,0,0,0
2616,17,Rural,Clear,84,60,0,0,0
2617,15,Urban,Clear,20,40,0,0,0
2618,12,Urban,Clear,36,40,0,0,0
2619,18,Urban,Clear,79,40,0,0,0
2620,4,Rural,Clear,30,60,0,0,0
2621,16,Urban,Clear,34,40,0,0,0
2622,0,Urban,Snow,21,40,0,0,0
2623,11,Urban,Clear,26,40,0,0,0
2624,2,Highway,Clear,33,100,1,1,1
2625,6,Rural,Rain,36,60,0,0,0
2626,7,Urban,Clear,27,40,0,0,0
2627,5,Urban,Clear,34,40,0,0,0
2628,11,Urban,Fog,40,40,0,0,0
2629,23,Rural,Clear,23,60,0,0,0
2630,6,Rural,Snow,42,60,0,0,0
2631,4,Rural,Clear,22,60,0,0,0
2632,23,Highway,Rain,39,100,0,1,1
2633,13,Urban,Rain,26,40,0,0,0
2634,11,Rural,Fog,25,60,0,0,0
2635,19,Urban,Clear,87,40,0,0,0
2636,14,Rural,Clear,30,60,0,0,0
2637,15,Highway,Rain,46,100,0,0,0
2638,22,Urban,Rain,24,40,0,0,0
2639,16,Urban,Clear,37,40,0,0,0
2640,4,Highway,Clear,45,100,0,0,0
2641,19,Rural,Clear,65,60,0,0,0
2642,6,Highway,Rain,40,100,0,0,0
2643,13,Highway,Rain,54,100,1,1,1
2644,9,Highway,Rain,74,100,0,0,0
2645,22,Urban,Clear,48,40,0,0,0
2646,2,Rural,Clear,24,60,0,0,0
2647,19,Highway,Rain,76,100,0,0,0
2648,18,Rural,Clear,80,60,0,0,0
2649,4,Urban,Clear,49,40,0,0,0
2650,19,Highway,Rain,88,100,0,0,0
2651,23,Highway,Clear,60,100,0,0,0
2652,8,Urban,Fog,81,40,0,0,0
2653,14,Rural,Clear,50,60,0,0,0
2654,21,Rural,Clear,46,60,0,0,0
2655,23,Highway,Rain,39,100,1,1,1
2656,7,Urban,Fog,38,40,0,0,0
2657,8,Rural,Fog,70,60,0,0,0
2658,4,Urban,Clear,47,40,0,0,0
2659,13,Rural,Rain,44,60,0,0,0
2660,11,Urban,Fog,43,40,0,0,0
2661,15,Rural,Rain,37,60,0,0,0
2662,16,Urban,Clear,28,40,0,0,0
2663,23,Highway,Clear,46,100,0,0,0
2664,15,Highway,Rain,44,100,0,0,0
2665,10,Urban,Rain,66,40,0,0,0
2666,22,Urban,Clear,26,40,0,0,0
2667,2,Urban,Clear,26,40,0,0,0
2668,23,Urban,Clear,48,40,0,0,0
2669,5,Urban,Clear,33,40,0,0,0
2670,21,Highway,Clear,56,100,0,0,0
2671,6,Urban,Clear,43,40,0,0,0
2672,13,Rural,Rain,42,60,0,0,0
2673,11,Urban,Rain,39,40,0,0,0
2674,11,Highway,Clear,37,100,0,0,0
2675,10,Rural,Clear,71,60,0,0,0
2676,11,Urban,Clear,28,40,0,0,0
2677,5,Highway,Clear,33,100,0,0,0
2678,23,Urban,Clear,25,40,0,0,0
2679,8,Highway,Clear,93,100,0,0,0
2680,6,Urban,Rain,43,40,0,0,0
2681,14,Urban,Rain,26,40,0,0,0
2682,15,Rural,Clear,50,60,0,0,0
2683,13,Rural,Rain,29,60,0,0,0
2684,8,Urban,Rain,90,40,0,0,0
2685,16,Rural,Clear,47,60,0,0,0
2686,9,Urban,Clear,89,40,0,0,0
2687,22,Urban,Clear,48,40,0,0,0
2688,19,Rural,Snow,78,60,0,0,0
2689,18,Urban,Clear,63,40,0,0,0
2690,21,Highway,Clear,45,100,0,0,0
2691,0,Rural,Snow,42,60,0,0,0
2692,3,Highway,Rain,34,100,1,1,1
2693,17,Highway,Clear,88,100,0,0,0
2694,22,Highway,Fog,59,100,1,1,1
2695,8,Urban,Clear,76,40,0,0,0
2696,5,Urban,Rain,33,40,0,0,0
2697,20,Rural,Clear,33,60,0,0,0
2698,16,Highway,Clear,33,100,0,0,0
2699,5,Rural,Clear,25,60,0,0,0
2700,15,Urban,Clear,38,40,0,0,0
2701,6,Rural,Fog,28,60,0,0,0
2702,14,Highway,Snow,56,100,0,0,0
2703,1,Urban,Rain,28,40,0,0,0
2704,10,Highway,Clear,93,100,0,0,0
2705,13,Highway,Clear,40,100,0,0,0
2706,18,Urban,Clear,70,40,0,0,0
2707,19,Rural,Fog,87,60,0,0,0
2708,11,Highway,Clear,56,100,0,0,0
2709,13,Urban,Clear,47,40,0,0,0
2710,2,Highway,Clear,50,100,1,1,1
2711,12,Urban,Clear,27,40,0,0,0
2712,9,Rural,Clear,85,60,0,0,0
2713,15,Highway,Clear,49,100,0,0,0
2714,13,Urban,Fog,23,40,0,0,0
2715,21,Highway,Fog,45,100,0,0,0
2716,4,Highway,Clear,47,100,1,1,1
2717,7,Rural,Clear,36,60,0,0,0
2718,15,Highway,Clear,48,100,0,0,0
2719,2,Rural,Snow,45,60,0,0,0
2720,18,Rural,Rain,81,60,0,0,0
2721,18,Urban,Clear,84,40,0,0,0
2722,12,Highway,Clear,33,100,0,0,0
2723,14,Rural,Clear,46,60,0,0,0
2724,14,Rural,Clear,32,60,0,0,0
2725,20,Urban,Rain,38,40,0,0,0
2726,19,Highway,Snow,87,100,0,0,0
2727,12,Rural,Clear,26,60,0,0,0
2728,17,Urban,Clear,75,40,0,0,0
2729,9,Highway,Rain,96,100,0,0,0
2730,0,Highway,Clear,35,100,1,1,1
2731,13,Rural,Rain,35,60,0,0,0
2732,19,Rural,Rain,70,60,0,0,0
2733,5,Rural,Clear,34,60,0,0,0
2734,23,Highway,Clear,39,100,1,1,1
2735,3,Urban,Rain,48,40,0,0,0
2736,4,Rural,Rain,40,60,0,0,0
2737,13,Highway,Rain,43,100,0,0,0
2738,21,Rural,Snow,48,60,0,0,0
2739,10,Rural,Rain,69,60,0,0,0
2740,21,Rural,Clear,22,60,0,0,0
2741,22,Highway,Rain,35,100,1,1,1
2742,3,Rural,Clear,38,60,0,0,0
2743,15,Highway,Clear,54,100,0,0,0
2744,15,Urban,Rain,40,40,0,0,0
2745,23,Rural,Clear,43,60,0,0,0
2746,18,Highway,Rain,79,100,0,0,0
2747,15,Urban,Rain,35,40,0,0,0
2748,12,Urban,Clear,25,40,0,0,0
2749,6,Urban,Rain,46,40,0,0,0
2750,16,Rural,Clear,25,60,0,0,0
2751,3,Urban,Rain,22,40,0,0,0
2752,15,Urban,Clear,47,40,0,0,0
2753,5,Urban,Rain,40,40,0,0,0
2754,12,Rural,Clear,20,60,0,0,0
2755,14,Urban,Clear,29,40,0,0,0
2756,20,Urban,Rain,38,40,0,0,0
2757,5,Rural,Clear,30,60,0,0,0
2758,13,Urban,Rain,28,40,0,0,0
2759,4,Rural,Clear,28,60,0,0,0
2760,12,Urban,Clear,30,40,0,0,0
2761,5,Rural,Clear,36,60,0,0,0
2762,22,Rural,Clear,32,60,0,0,0
2763,22,Rural,Rain,34,60,0,0,0
2764,21,Highway,Clear,57,100,0,0,0
2765,20,Highway,Clear,46,100,0,0,0
2766,4,Rural,Rain,41,60,0,0,0
2767,23,Rural,Rain,45,60,0,0,0
2768,20,Rural,Rain,24,60,0,0,0
2769,15,Highway,Clear,42,100,0,0,0
2770,19,Urban,Clear,66,40,0,0,0
2771,7,Rural,Clear,49,60,0,0,0
2772,19,Highway,Rain,100,100,0,0,0
2773,18,Urban,Clear,85,40,0,0,0
2774,19,Rural,Clear,71,60,0,0,0
2775,11,Urban,Rain,46,40,0,0,0
2776,8,Highway,Snow,72,100,0,0,0
2777,9,Urban,Rain,89,40,0,0,0
2778,16,Highway,Clear,59,100,0,0,0
2779,20,Urban,Rain,28,40,0,0,0
2780,9,Rural,Fog,83,60,0,0,0
2781,21,Rural,Fog,32,60,0,0,0
2782,0,Rural,Clear,24,60,0,0,0
2783,3,Urban,Clear,28,40,0,0,0
2784,20,Urban,Snow,33,40,0,0,0
2785,14,Urban,Rain,45,40,0,0,0
2786,21,Highway,Rain,47,100,0,0,0
2787,15,Rural,Fog,37,60,0,0,0
2788,21,Urban,Clear,27,40,0,0,0
2789,19,Highway,Clear,95,100,0,0,0
2790,3,Urban,Clear,26,40,0,0,0
2791,20,Highway,Clear,49,100,0,0,0
2792,22,Rural,Clear,40,60,0,0,0
2793,21,Rural,Clear,46,60,0,0,0
2794,4,Highway,Clear,31,100,0,0,0
2795,4,Urban,Fog,40,40,0,0,0
2796,4,Rural,Clear,26,60,0,0,0
2797,18,Urban,Clear,77,40,0,0,0
2798,1,Urban,Clear,29,40,0,0,0
2799,18,Urban,Fog,79,40,0,0,0
2800,20,Urban,Rain,41,40,0,0,0
2801,7,Rural,Clear,25,60,0,0,0
2802,9,Rural,Clear,82,60,0,0,0
2803,23,Rural,Fog,46,60,0,0,0
2804,11,Urban,Clear,39,40,0,0,0
2805,21,Urban,Clear,43,40,0,0,0
2806,3,Urban,Snow,33,40,0,0,0
2807,12,Rural,Clear,30,60,0,0,0
2808,21,Urban,Clear,34,40,0,0,0
2809,12,Highway,Rain,43,100,1,1,1
2810,20,Urban,Clear,35,40,0,0,0
2811,20,Urban,Clear,20,40,0,0,0
2812,21,Highway,Clear,49,100,0,0,0
2813,0,Highway,Clear,53,100,1,1,1
2814,12,Rural,Clear,38,60,0,0,0
2815,4,Urban,Fog,39,40,0,0,0
2816,12,Urban,Clear,45,40,0,0,0
2817,20,Rural,Clear,44,60,0,0,0
2818,7,Highway,Clear,52,100,0,0,0
2819,3,Urban,Clear,37,40,0,0,0
2820,9,Urban,Rain,65,40,0,0,0
2821,0,Rural,Rain,49,60,0,0,0
2822,6,Urban,Clear,42,40,0,0,0
2823,18,Rural,Clear,62,60,0,0,0
2824,17,Rural,Clear,85,60,0,0,0
2825,18,Urban,Rain,67,40,0,0,0
2826,4,Urban,Fog,49,40,0,0,0
2827,10,Highway,Clear,77,100,0,0,0
2828,3,Urban,Clear,49,40,0,0,0
2829,16,Urban,Clear,39,40,0,0,0
2830,2,Urban,Clear,37,40,0,0,0
2831,5,Urban,Rain,32,40,0,0,0
2832,20,Rural,Clear,22,60,0,0,0
2833,20,Urban,Rain,28,40,0,0,0
2834,21,Rural,Rain,29,60,0,0,0
2835,5,Rural,Clear,40,60,0,0,0
2836,12,Urban,Rain,50,40,0,0,0
2837,6,Urban,Clear,28,40,0,0,0
2838,9,Highway,Clear,85,100,0,0,0
2839,1,Highway,Clear,49,100,1,1,1
2840,5,Urban,Clear,22,40,0,0,0
2841,13,Rural,Rain,20,60,0,0,0
2842,13,Rural,Clear,32,60,0,0,0
2843,16,Highway,Rain,39,100,0,0,0
2844,21,Urban,Clear,25,40,0,0,0
2845,17,Highway,Rain,96,100,0,0,0
2846,20,Rural,Clear,44,60,0,0,0
2847,9,Urban,Clear,74,40,0,0,0
2848,23,Rural,Fog,39,60,0,0,0
2849,6,Urban,Fog,49,40,0,0,0
2850,23,Urban,Clear,27,40,0,0,0
2851,5,Rural,Clear,34,60,0,0,0
2852,3,Highway,Clear,35,100,0,0,0
2853,17,Urban,Clear,65,40,0,0,0
2854,7,Urban,Clear,38,40,0,0,0
2855,16,Highway,Clear,55,100,0,0,0
2856,8,Rural,Fog,90,60,0,0,0
2857,8,Highway,Rain,92,100,0,0,0
2858,19,Highway,Clear,96,100,0,0,0
2859,7,Urban,Clear,32,40,0,0,0
2860,13,Rural,Clear,40,60,0,0,0
2861,21,Rural,Clear,50,60,0,0,0
2862,10,Highway,Clear,94,100,0,0,0
2863,18,Urban,Rain,69,40,0,0,0
2864,9,Highway,Clear,72,100,0,0,0
2865,20,Highway,Clear,57,100,0,0,0
2866,3,Rural,Snow,26,60,0,0,0
2867,10,Urban,Fog,71,40,0,0,0
2868,10,Urban,Clear,68,40,0,0,0
2869,23,Rural,Clear,30,60,0,0,0
2870,15,Rural,Clear,46,60,0,0,0
2871,16,Rural,Clear,29,60,0,0,0
2872,18,Highway,Fog,91,100,0,0,0
2873,17,Urban,Clear,76,40,0,0,0
2874,5,Rural,Rain,43,60,0,0,0
2875,19,Rural,Fog,80,60,0,0,0
2876,23,Rural,Fog,26,60,0,0,0
2877,2,Urban,Clear,29,40,0,0,0
2878,7,Rural,Clear,21,60,0,0,0
2879,6,Urban,Clear,36,40,0,0,0
2880,4,Urban,Clear,30,40,0,0,0
2881,0,Highway,Fog,34,100,1,1,1
2882,15,Rural,Fog,29,60,0,0,0
2883,7,Highway,Clear,48,100,0,0,0
2884,16,Urban,Fog,39,40,0,0,0
2885,4,Urban,Fog,33,40,0,0,0
2886,8,Rural,Fog,84,60,0,0,0
2887,0,Urban,Clear,26,40,0,0,0
2888,5,Highway,Rain,32,100,0,0,0
2889,5,Highway,Clear,49,100,0,0,0
2890,8,Highway,Clear,77,100,0,0,0
2891,20,Rural,Rain,24,60,0,0,0
2892,17,Highway,Clear,76,100,0,0,0
2893,2,Urban,Clear,34,40,0,0,0
2894,16,Highway,Clear,57,100,0,0,0
2895,7,Highway,Clear,46,100,0,0,0
2896,21,Highway,Rain,31,100,0,0,0
2897,16,Urban,Rain,22,40,0,0,0
2898,23,Rural,Clear,35,60,0,0,0
2899,22,Rural,Rain,33,60,0,0,0
2900,18,Highway,Clear,78,100,0,0,0
2901,3,Highway,Rain,36,100,1,1,1
2902,1,Rural,Rain,45,60,0,0,0
2903,18,Rural,Clear,64,60,0,0,0
2904,12,Highway,Rain,37,100,0,0,0
2905,6,Rural,Rain,49,60,0,0,0
2906,15,Rural,Rain,23,60,0,0,0
2907,11,Rural,Rain,34,60,0,0,0
2908,2,Rural,Rain,24,60,0,0,0
2909,3,Highway,Clear,38,100,0,0,0
2910,23,Urban,Clear,27,40,0,0,0
2911,23,Rural,Fog,27,60,0,0,0
2912,20,Highway,Clear,36,100,0,0,0
2913,14,Highway,Rain,35,100,0,0,0
2914,4,Highway,Clear,32,100,0,0,0
2915,11,Urban,Clear,43,40,0,0,0
2916,10,Highway,Clear,99,100,0,0,0
2917,18,Rural,Fog,70,60,0,0,0
2918,18,Highway,Clear,96,100,0,0,0
2919,4,Urban,Clear,47,40,0,0,0
2920,17,Highway,Clear,80,100,0,0,0
2921,17,Rural,Rain,89,60,0,0,0
2922,9,Rural,Fog,90,60,0,0,0
2923,2,Highway,Rain,43,100,0,0,0
2924,9,Highway,Clear,95,100,0,0,0
2925,2,Urban,Clear,32,40,0,0,0
2926,20,Highway,Clear,39,100,0,0,0
2927,12,Rural,Rain,31,60,0,0,0
2928,5,Urban,Fog,25,40,0,0,0
2929,14,Highway,Clear,34,100,0,0,0
2930,21,Rural,Clear,20,60,0,0,0
2931,2,Urban,Clear,33,40,0,0,0
2932,8,Urban,Clear,71,40,0,0,0
2933,11,Urban,Rain,20,40,0,0,0
2934,20,Urban,Clear,43,40,0,0,0
2935,23,Urban,Clear,45,40,0,0,0
2936,6,Rural,Clear,29,60,0,0,0
2937,7,Rural,Rain,21,60,0,0,0
2938,4,Rural,Rain,35,60,0,0,0
2939,17,Urban,Clear,88,40,0,0,0
2940,9,Highway,Rain,83,100,0,0,0
2941,18,Highway,Clear,90,100,0,0,0
2942,3,Urban,Clear,50,40,0,0,0
2943,12,Rural,Rain,41,60,0,0,0
2944,20,Rural,Clear,33,60,0,0,0
2945,2,Rural,Fog,43,60,0,0,0
2946,7,Rural,Clear,39,60,0,0,0
2947,12,Highway,Clear,31,100,0,0,0
2948,8,Urban,Clear,61,40,0,0,0
2949,17,Highway,Rain,72,100,0,1,1
2950,9,Highway,Clear,97,100,0,0,0
2951,19,Highway,Fog,98,100,0,0,0
2952,16,Urban,Rain,44,40,0,0,0
2953,7,Rural,Clear,42,60,0,0,0
2954,12,Highway,Clear,53,100,0,0,0
2955,9,Urban,Clear,79,40,0,0,0
2956,17,Urban,Rain,86,40,0,0,0
2957,4,Urban,Clear,39,40,0,0,0
2958,2,Rural,Snow,36,60,0,0,0
2959,14,Urban,Clear,35,40,0,0,0
2960,18,Rural,Clear,80,60,0,0,0
2961,1,Highway,Snow,48,100,1,1,1
2962,20,Highway,Rain,38,100,0,0,0
2963,6,Urban,Clear,34,40,0,0,0
2964,22,Urban,Snow,31,40,0,0,0
2965,10,Urban,Fog,82,40,0,0,0
2966,8,Urban,Clear,65,40,0,0,0
2967,17,Urban,Rain,90,40,0,0,0
2968,20,Urban,Clear,24,40,0,0,0
2969,8,Rural,Fog,73,60,0,0,0
2970,8,Rural,Clear,76,60,0,0,0
2971,23,Urban,Fog,48,40,0,0,0
2972,6,Rural,Clear,46,60,0,0,0
2973,16,Rural,Rain,48,60,0,0,0
2974,14,Highway,Clear,37,100,0,0,0
2975,13,Urban,Clear,31,40,0,0,0
2976,6,Urban,Clear,28,40,0,0,0
2977,16,Rural,Fog,36,60,0,0,0
2978,22,Highway,Clear,49,100,0,0,0
2979,1,Rural,Clear,48,60,0,0,0
2980,8,Urban,Fog,79,40,0,0,0
2981,19,Rural,Rain,75,60,0,0,0
2982,10,Rural,Rain,67,60,0,0,0
2983,0,Urban,Rain,28,40,0,0,0
2984,9,Rural,Clear,79,60,0,0,0
2985,18,Highway,Clear,80,100,0,0,0
2986,20,Urban,Clear,31,40,0,0,0
2987,12,Urban,Fog,47,40,0,0,0
2988,0,Urban,Rain,48,40,0,0,0
2989,0,Urban,Fog,49,40,0,0,0
2990,11,Rural,Clear,25,60,0,0,0
2991,18,Urban,Rain,64,40,0,0,0
2992,2,Urban,Rain,28,40,0,0,0
2993,5,Rural,Snow,20,60,0,0,0
2994,23,Rural,Rain,39,60,0,0,0
2995,5,Highway,Clear,60,100,0,0,0
2996,23,Urban,Rain,21,40,0,0,0
2997,20,Rural,Clear,35,60,0,0,0
2998,23,Urban,Clear,27,40,0,0,0
2999,6,Highway,Clear,32,100,0,0,0
3000,1,Rural,Clear,27,60,0,0,0
3001,20,Urban,Clear,28,40,0,0,0
3002,8,Highway,Clear,83,100,0,0,0
3003,4,Urban,Clear,47,40,0,0,0
3004,4,Rural,Rain,26,60,0,0,0
3005,17,Urban,Clear,64,40,0,0,0
3006,8,Rural,Clear,87,60,0,0,0
3007,8,Rural,Fog,67,60,0,0,0
3008,9,Rural,Clear,67,60,0,0,0
3009,3,Urban,Clear,49,40,0,0,0
3010,18,Highway,Clear,99,100,0,0,0
3011,13,Rural,Clear,32,60,0,0,0
3012,14,Urban,Clear,36,40,0,0,0
3013,2,Urban,Clear,47,40,0,0,0
3014,11,Urban,Rain,42,40,0,0,0
3015,5,Highway,Clear,57,100,0,0,0
3016,1,Urban,Clear,36,40,0,0,0
3017,11,Urban,Clear,48,40,0,0,0
3018,0,Urban,Clear,28,40,0,0,0
3019,19,Urban,Snow,66,40,0,0,0
3020,9,Urban,Snow,66,40,0,0,0
3021,22,Highway,Rain,35,100,1,1,1
3022,21,Highway,Clear,32,100,0,0,0
3023,18,Urban,Fog,80,40,0,0,0
3024,1,Urban,Fog,48,40,0,0,0
3025,23,Highway,Clear,36,100,0,0,0
3026,11,Urban,Snow,41,40,0,0,0
3027,18,Highway,Clear,74,100,0,0,0
3028,15,Highway,Rain,52,100,0,0,0
3029,18,Urban,Rain,60,40,0,0,0
3030,11,Rural,Rain,29,60,0,0,0
3031,16,Highway,Clear,32,100,0,0,0
3032,7,Rural,Clear,21,60,0,0,0
3033,23,Urban,Clear,45,40,0,0,0
3034,21,Urban,Fog,43,40,0,0,0
3035,23,Rural,Rain,26,60,0,0,0
3036,17,Urban,Clear,81,40,0,0,0
3037,22,Rural,Clear,29,60,0,0,0
3038,1,Urban,Clear,32,40,0,0,0
3039,1,Rural,Clear,48,60,0,0,0
3040,0,Rural,Clear,39,60,0,0,0
3041,6,Highway,Clear,56,100,0,0,0
3042,19,Rural,Clear,75,60,0,0,0
3043,8,Rural,Rain,70,60,0,0,0
3044,6,Highway,Clear,60,100,0,0,0
3045,4,Highway,Clear,57,100,0,0,0
3046,4,Highway,Fog,42,100,0,1,1
3047,19,Rural,Clear,88,60,0,0,0
3048,7,Rural,Fog,22,60,0,0,0
3049,19,Rural,Clear,88,60,0,0,0
3050,20,Urban,Rain,46,40,0,0,0
3051,3,Urban,Clear,23,40,0,0,0
3052,5,Highway,Fog,56,100,0,0,0
3053,10,Rural,Clear,70,60,0,0,0
3054,22,Rural,Rain,30,60,0,0,0
3055,12,Rural,Fog,22,60,0,0,0
3056,7,Rural,Clear,43,60,0,0,0
3057,10,Highway,Clear,90,100,0,0,0
3058,21,Rural,Rain,23,60,0,0,0
3059,10,Urban,Clear,62,40,0,0,0
3060,9,Urban,Clear,76,40,0,0,0
3061,20,Highway,Clear,50,100,0,0,0
3062,23,Rural,Rain,47,60,0,0,0
3063,5,Highway,Rain,43,100,0,0,0
3064,23,Highway,Clear,31,100,1,1,1
3065,8,Rural,Rain,70,60,0,0,0
3066,23,Highway,Rain,46,100,0,1,1
3067,20,Highway,Clear,58,100,0,0,0
3068,9,Urban,Clear,84,40,0,0,0
3069,12,Rural,Clear,37,60,0,0,0
3070,13,Rural,Clear,45,60,0,0,0
3071,4,Urban,Clear,50,40,0,0,0
3072,21,Urban,Clear,23,40,0,0,0
3073,8,Highway,Rain,74,100,0,0,0
3074,12,Rural,Clear,50,60,0,0,0
3075,3,Rural,Clear,22,60,0,0,0
3076,10,Highway,Snow,82,100,1,1,1
3077,1,Urban,Fog,42,40,0,0,0
3078,11,Urban,Snow,45,40,0,0,0
3079,1,Highway,Clear,40,100,0,0,0
3080,12,Highway,Clear,33,100,0,0,0
3081,5,Highway,Clear,49,100,0,0,0
3082,2,Highway,Clear,46,100,0,1,1
3083,1,Rural,Clear,42,60,0,0,0
3084,13,Urban,Rain,20,40,0,0,0
3085,16,Highway,Snow,57,100,1,1,1
3086,9,Rural,Rain,73,60,0,0,0
3087,5,Rural,Clear,35,60,0,0,0
3088,3,Highway,Rain,51,100,0,1,1
3089,3,Highway,Rain,51,100,1,1,1
3090,5,Rural,Clear,32,60,0,0,0
3091,9,Rural,Clear,78,60,0,0,0
3092,10,Highway,Fog,90,100,0,0,0
3093,20,Highway,Clear,30,100,0,0,0
3094,23,Highway,Clear,42,100,1,1,1
3095,20,Urban,Clear,38,40,0,0,0
3096,5,Highway,Clear,50,100,0,0,0
3097,5,Highway,Rain,54,100,0,0,0
3098,17,Urban,Fog,83,40,0,0,0
3099,17,Urban,Rain,88,40,0,0,0
3100,21,Highway,Rain,30,100,0,0,0
3101,4,Highway,Clear,33,100,1,1,1
3102,12,Rural,Clear,48,60,0,0,0
3103,4,Urban,Clear,25,40,0,0,0
3104,18,Rural,Rain,71,60,0,0,0
3105,14,Highway,Clear,54,100,0,0,0
3106,8,Urban,Rain,66,40,0,0,0
3107,21,Rural,Rain,50,60,0,0,0
3108,19,Highway,Clear,72,100,0,0,0
3109,2,Rural,Clear,45,60,0,0,0
3110,12,Urban,Clear,32,40,0,0,0
3111,5,Highway,Clear,44,100,0,0,0
3112,11,Urban,Clear,49,40,0,0,0
3113,1,Highway,Clear,30,100,1,1,1
3114,20,Rural,Clear,47,60,0,0,0
3115,6,Urban,Rain,21,40,0,0,0
3116,9,Rural,Clear,86,60,0,0,0
3117,22,Highway,Clear,58,100,0,0,0
3118,1,Rural,Rain,24,60,0,0,0
3119,9,Highway,Rain,83,100,1,1,1
3120,1,Urban,Rain,39,40,0,0,0
3121,23,Rural,Clear,49,60,0,0,0
3122,15,Highway,Clear,60,100,0,0,0
3123,1,Highway,Clear,43,100,1,1,1
3124,5,Highway,Clear,57,100,0,0,0
3125,6,Urban,Clear,49,40,0,0,0
3126,1,Urban,Clear,48,40,0,0,0
3127,14,Highway,Clear,35,100,0,0,0
3128,6,Rural,Clear,21,60,0,0,0
3129,22,Rural,Fog,49,60,0,0,0
3130,11,Urban,Clear,43,40,0,0,0
3131,23,Urban,Clear,25,40,0,0,0
3132,21,Rural,Clear,38,60,0,0,0
3133,8,Urban,Rain,79,40,0,0,0
3134,12,Highway,Clear,39,100,0,0,0
3135,22,Rural,Clear,20,60,0,0,0
3136,22,Urban,Clear,32,40,0,0,0
3137,2,Urban,Clear,21,40,0,0,0
3138,16,Urban,Clear,38,40,0,0,0
3139,19,Urban,Rain,72,40,0,0,0
3140,23,Highway,Rain,43,100,0,1,1
3141,22,Highway,Fog,37,100,1,1,1
3142,20,Highway,Clear,34,100,0,0,0
3143,23,Rural,Clear,41,60,0,0,0
3144,20,Highway,Clear,41,100,0,0,0
3145,0,Rural,Clear,37,60,0,0,0
3146,7,Highway,Rain,33,100,0,0,0
3147,6,Urban,Clear,20,40,0,0,0
3148,12,Highway,Clear,46,100,0,0,0
3149,15,Rural,Clear,47,60,0,0,0
3150,0,Rural,Clear,33,60,0,0,0
3151,4,Urban,Clear,42,40,0,0,0
3152,23,Urban,Rain,43,40,0,0,0
3153,18,Rural,Clear,67,60,0,0,0
3154,19,Rural,Fog,83,60,0,0,0
3155,3,Urban,Clear,26,40,0,0,0
3156,8,Urban,Rain,82,40,0,0,0
3157,5,Rural,Clear,40,60,0,0,0
3158,18,Highway,Rain,88,100,0,0,0
3159,1,Highway,Clear,36,100,1,1,1
3160,15,Urban,Clear,37,40,0,0,0
3161,22,Rural,Rain,44,60,0,0,0
3162,18,Rural,Clear,61,60,0,0,0
3163,9,Rural,Clear,81,60,0,0,0
3164,21,Highway,Clear,53,100,0,0,0
3165,10,Highway,Clear,93,100,0,0,0
3166,13,Highway,Fog,43,100,0,0,0
3167,22,Urban,Clear,37,40,0,0,0
3168,18,Urban,Clear,81,40,0,0,0
3169,20,Rural,Fog,25,60,0,0,0
3170,11,Highway,Rain,38,100,0,0,0
3171,1,Highway,Rain,58,100,1,1,1
3172,8,Rural,Fog,79,60,0,0,0
3173,13,Urban,Clear,45,40,0,0,0
3174,2,Rural,Clear,22,60,0,0,0
3175,7,Urban,Clear,40,40,0,0,0
3176,1,Highway,Clear,44,100,0,0,0
3177,12,Urban,Clear,22,40,0,0,0
3178,22,Highway,Clear,58,100,1,1,1
3179,17,Highway,Clear,84,100,0,0,0
3180,4,Rural,Clear,44,60,0,0,0
3181,8,Highway,Rain,77,100,1,1,1
3182,3,Rural,Rain,32,60,0,0,0
3183,10,Highway,Clear,96,100,0,0,0
3184,19,Urban,Clear,61,40,0,0,0
3185,7,Highway,Rain,60,100,0,0,0
3186,3,Highway,Clear,37,100,0,0,0
3187,18,Highway,Clear,77,100,0,0,0
3188,0,Rural,Clear,26,60,0,0,0
3189,10,Highway,Clear,80,100,0,0,0
3190,3,Rural,Clear,23,60,0,0,0
3191,14,Highway,Clear,35,100,0,0,0
3192,23,Highway,Clear,56,100,1,1,1
3193,8,Urban,Clear,71,40,0,0,0
3194,3,Highway,Clear,43,100,0,1,1
3195,6,Highway,Clear,53,100,0,0,0
3196,18,Rural,Clear,64,60,0,0,0
3197,0,Highway,Clear,53,100,1,1,1
3198,4,Urban,Clear,40,40,0,0,0
3199,5,Rural,Clear,41,60,0,0,0
3200,0,Urban,Clear,37,40,0,0,0
3201,5,Highway,Clear,58,100,0,0,0
3202,18,Rural,Rain,72,60,0,0,0
3203,15,Urban,Fog,42,40,0,0,0
3204,11,Highway,Clear,32,100,0,0,0
3205,12,Urban,Clear,21,40,0,0,0
3206,7,Rural,Clear,27,60,0,0,0
3207,1,Urban,Clear,44,40,0,0,0
3208,23,Urban,Clear,47,40,0,0,0
3209,8,Rural,Clear,77,60,0,0,0
3210,3,Rural,Clear,21,60,0,0,0
3211,23,Urban,Clear,34,40,0,0,0
3212,4,Rural,Rain,33,60,0,0,0
3213,7,Highway,Rain,58,100,0,0,0
3214,8,Rural,Rain,77,60,0,0,0
3215,19,Highway,Rain,71,100,0,0,0
3216,0,Rural,Clear,22,60,0,0,0
3217,13,Urban,Clear,35,40,0,0,0
3218,3,Urban,Clear,45,40,0,0,0
3219,15,Urban,Clear,22,40,0,0,0
3220,11,Rural,Clear,38,60,0,0,0
3221,2,Highway,Rain,32,100,1,1,1
3222,1,Urban,Fog,50,40,0,0,0
3223,9,Urban,Clear,74,40,0,0,0
3224,10,Urban,Clear,87,40,0,0,0
3225,12,Rural,Clear,44,60,0,0,0
3226,15,Urban,Rain,20,40,0,0,0
3227,6,Rural,Clear,32,60,0,0,0
3228,9,Rural,Rain,89,60,0,0,0
3229,3,Rural,Clear,36,60,0,0,0
3230,8,Rural,Clear,64,60,0,0,0
3231,0,Urban,Clear,26,40,0,0,0
3232,18,Urban,Clear,87,40,0,0,0
3233,16,Highway,Clear,30,100,0,0,0
3234,1,Highway,Clear,30,100,0,0,0
3235,7,Highway,Clear,49,100,0,0,0
3236,15,Urban,Clear,45,40,0,0,0
3237,9,Highway,Clear,91,100,0,0,0
3238,18,Highway,Clear,74,100,0,0,0
3239,4,Rural,Rain,23,60,0,0,0
3240,11,Highway,Clear,47,100,0,0,0
3241,7,Rural,Clear,21,60,0,0,0
3242,4,Urban,Clear,22,40,0,0,0
3243,16,Rural,Clear,40,60,0,0,0
3244,5,Rural,Clear,39,60,0,0,0
3245,7,Rural,Clear,46,60,0,0,0
3246,10,Rural,Rain,81,60,0,0,0
3247,4,Rural,Rain,42,60,0,0,0
3248,5,Urban,Clear,21,40,0,0,0
3249,10,Highway,Clear,94,100,0,0,0
3250,9,Rural,Clear,75,60,0,0,0
3251,2,Rural,Clear,42,60,0,0,0
3252,15,Urban,Clear,27,40,0,0,0
3253,5,Rural,Rain,25,60,0,0,0
3254,22,Rural,Rain,42,60,0,0,0
3255,21,Rural,Clear,41,60,0,0,0
3256,8,Urban,Clear,81,40,0,0,0
3257,22,Rural,Clear,21,60,0,0,0
3258,19,Rural,Clear,62,60,0,0,0
3259,11,Highway,Clear,60,100,0,0,0
3260,7,Highway,Rain,52,100,1,1,1
3261,5,Urban,Fog,35,40,0,0,0
3262,6,Urban,Fog,42,40,0,0,0
3263,9,Urban,Clear,63,40,0,0,0
3264,10,Highway,Clear,99,100,0,0,0
3265,22,Rural,Clear,30,60,0,0,0
3266,14,Highway,Rain,60,100,0,0,0
3267,20,Urban,Rain,33,40,0,0,0
3268,8,Highway,Clear,76,100,0,0,0
3269,18,Highway,Snow,81,100,0,0,0
3270,9,Highway,Clear,91,100,0,0,0
3271,19,Urban,Rain,87,40,0,0,0
3272,4,Rural,Rain,30,60,0,0,0
3273,15,Urban,Clear,27,40,0,0,0
3274,0,Highway,Rain,59,100,1,1,1
3275,23,Rural,Fog,23,60,0,0,0
3276,1,Rural,Clear,48,60,0,0,0
3277,15,Rural,Clear,47,60,0,0,0
3278,13,Urban,Rain,49,40,0,0,0
3279,17,Highway,Clear,83,100,0,0,0
3280,19,Urban,Rain,84,40,0,0,0
3281,8,Highway,Clear,97,100,0,0,0
3282,22,Urban,Clear,27,40,0,0,0
3283,10,Highway,Rain,92,100,0,0,0
3284,9,Rural,Rain,60,60,0,0,0
3285,23,Highway,Rain,56,100,1,1,1
3286,14,Highway,Rain,35,100,0,0,0
3287,2,Urban,Fog,31,40,0,0,0
3288,15,Rural,Clear,22,60,0,0,0
3289,10,Urban,Clear,87,40,0,0,0
3290,17,Rural,Clear,79,60,0,0,0
3291,2,Rural,Clear,25,60,0,0,0
3292,9,Rural,Rain,83,60,0,0,0
3293,18,Rural,Fog,64,60,0,0,0
3294,4,Rural,Clear,44,60,0,0,0
3295,4,Urban,Rain,46,40,0,0,0
3296,16,Urban,Clear,23,40,0,0,0
3297,6,Rural,Rain,32,60,0,0,0
3298,11,Rural,Clear,31,60,0,0,0
3299,6,Urban,Clear,22,40,0,0,0
3300,10,Rural,Fog,90,60,0,0,0
3301,19,Rural,Fog,85,60,0,0,0
3302,14,Highway,Rain,57,100,0,0,0
3303,22,Rural,Clear,41,60,0,0,0
3304,4,Highway,Clear,52,100,0,0,0
3305,3,Rural,Clear,33,60,0,0,0
3306,20,Urban,Fog,21,40,0,0,0
3307,0,Rural,Rain,34,60,1,1,1
3308,5,Rural,Clear,21,60,0,0,0
3309,1,Urban,Rain,23,40,0,0,0
3310,8,Highway,Clear,72,100,0,0,0
3311,0,Urban,Snow,34,40,0,0,0
3312,8,Rural,Clear,69,60,0,0,0
3313,2,Rural,Rain,21,60,0,0,0
3314,13,Highway,Clear,49,100,0,0,0
3315,7,Rural,Clear,20,60,0,0,0
3316,1,Highway,Rain,41,100,0,1,1
3317,5,Highway,Clear,42,100,0,0,0
3318,12,Rural,Clear,36,60,0,0,0
3319,22,Highway,Clear,58,100,0,0,0
3320,22,Rural,Clear,50,60,0,0,0
3321,13,Urban,Clear,43,40,0,0,0
3322,15,Rural,Rain,35,60,0,0,0
3323,10,Highway,Clear,77,100,0,0,0
3324,16,Urban,Clear,20,40,0,0,0
3325,16,Urban,Fog,22,40,0,0,0
3326,23,Rural,Clear,36,60,0,0,0
3327,7,Highway,Fog,30,100,0,0,0
3328,22,Rural,Clear,34,60,0,0,0
3329,19,Urban,Clear,66,40,0,0,0
3330,0,Highway,Rain,32,100,1,1,1
3331,22,Highway,Clear,57,100,0,0,0
3332,12,Urban,Clear,24,40,0,0,0
3333,13,Urban,Clear,42,40,0,0,0
3334,9,Highway,Fog,75,100,0,0,0
3335,10,Highway,Clear,81,100,0,0,0
3336,19,Urban,Clear,68,40,0,0,0
3337,7,Urban,Rain,28,40,0,0,0
3338,4,Highway,Snow,60,100,1,1,1
3339,6,Highway,Snow,55,100,0,0,0
3340,9,Highway,Rain,94,100,0,0,0
3341,17,Rural,Clear,72,60,0,0,0
3342,18,Rural,Fog,61,60,0,0,0
3343,3,Urban,Snow,25,40,0,0,0
3344,0,Urban,Fog,22,40,0,0,0
3345,15,Urban,Rain,43,40,0,0,0
3346,11,Urban,Fog,28,40,0,0,0
3347,7,Urban,Clear,21,40,0,0,0
3348,15,Urban,Clear,27,40,0,0,0
3349,3,Urban,Clear,33,40,0,0,0
3350,2,Rural,Fog,24,60,0,0,0
3351,18,Rural,Rain,62,60,0,0,0
3352,16,Urban,Fog,49,40,0,0,0
3353,17,Highway,Rain,91,100,0,1,1
3354,2,Urban,Clear,25,40,0,0,0
3355,3,Urban,Fog,28,40,0,0,0
3356,20,Highway,Clear,53,100,0,0,0
3357,1,Highway,Clear,30,100,1,1,1
3358,12,Rural,Fog,48,60,0,0,0
3359,16,Rural,Rain,32,60,0,0,0
3360,23,Rural,Clear,43,60,0,0,0
3361,9,Rural,Fog,66,60,0,0,0
3362,21,Urban,Rain,44,40,0,0,0
3363,8,Rural,Clear,73,60,0,0,0
3364,2,Highway,Clear,37,100,1,1,1
3365,10,Highway,Rain,70,100,0,0,0
3366,22,Urban,Fog,24,40,0,0,0
3367,16,Rural,Fog,33,60,0,0,0
3368,14,Highway,Fog,52,100,0,0,0
3369,17,Urban,Clear,68,40,0,0,0
3370,23,Highway,Fog,53,100,1,1,1
3371,5,Highway,Rain,35,100,0,0,0
3372,14,Highway,Clear,56,100,0,0,0
3373,2,Highway,Rain,57,100,1,1,1
3374,10,Urban,Clear,65,40,0,0,0
3375,17,Urban,Clear,87,40,0,0,0
3376,18,Highway,Snow,81,100,0,0,0
3377,11,Highway,Fog,34,100,0,1,1
3378,3,Urban,Fog,40,40,0,0,0
3379,16,Rural,Clear,40,60,0,0,0
3380,1,Urban,Rain,48,40,0,0,0
3381,14,Highway,Rain,36,100,0,0,0
3382,14,Urban,Clear,25,40,0,0,0
3383,6,Highway,Clear,51,100,0,0,0
3384,11,Urban,Rain,38,40,0,0,0
3385,17,Urban,Clear,67,40,0,0,0
3386,15,Highway,Fog,31,100,0,0,0
3387,2,Urban,Clear,38,40,0,0,0
3388,18,Highway,Snow,93,100,0,0,0
3389,1,Highway,Clear,50,100,0,0,0
3390,12,Highway,Rain,42,100,0,0,0
3391,16,Rural,Fog,38,60,0,0,0
3392,5,Urban,Rain,50,40,0,0,0
3393,10,Rural,Clear,89,60,0,0,0
3394,2,Highway,Fog,36,100,1,1,1
3395,5,Urban,Rain,32,40,0,0,0
3396,4,Urban,Clear,36,40,0,0,0
3397,19,Highway,Rain,89,100,0,0,0
3398,11,Rural,Clear,38,60,0,0,0
3399,21,Highway,Fog,36,100,1,1,1
3400,16,Urban,Clear,47,40,0,0,0
3401,12,Urban,Rain,34,40,0,0,0
3402,9,Rural,Clear,90,60,0,0,0
3403,9,Rural,Clear,85,60,0,0,0
3404,18,Highway,Rain,83,100,0,0,0
3405,0,Urban,Fog,45,40,0,0,0
3406,17,Highway,Clear,87,100,0,0,0
3407,15,Urban,Fog,30,40,0,0,0
3408,3,Urban,Clear,50,40,0,0,0
3409,19,Urban,Clear,82,40,0,0,0
3410,8,Highway,Rain,78,100,0,0,0
3411,14,Rural,Clear,48,60,0,0,0
3412,11,Rural,Rain,26,60,0,0,0
3413,16,Rural,Rain,50,60,0,0,0
3414,16,Urban,Rain,45,40,0,0,0
3415,9,Highway,Clear,75,100,0,0,0
3416,3,Highway,Clear,56,100,1,1,1
3417,0,Highway,Clear,38,100,1,1,1
3418,19,Highway,Clear,96,100,0,0,0
3419,1,Urban,Rain,43,40,0,0,0
3420,22,Urban,Rain,43,40,0,0,0
3421,20,Urban,Rain,46,40,0,0,0
3422,23,Rural,Clear,23,60,0,0,0
3423,11,Highway,Clear,49,100,0,0,0
3424,3,Rural,Rain,50,60,0,0,0
3425,2,Urban,Rain,50,40,0,0,0
3426,23,Rural,Rain,41,60,0,0,0
3427,12,Highway,Clear,43,100,0,0,0
3428,10,Rural,Clear,68,60,0,0,0
3429,12,Rural,Clear,31,60,0,0,0
3430,2,Rural,Clear,36,60,0,0,0
3431,11,Rural,Clear,48,60,0,0,0
3432,21,Highway,Rain,39,100,1,1,1
3433,11,Rural,Rain,32,60,0,0,0
3434,6,Highway,Clear,42,100,0,0,0
3435,19,Rural,Clear,77,60,0,0,0
3436,10,Urban,Fog,70,40,0,0,0
3437,8,Urban,Clear,90,40,0,0,0
3438,10,Highway,Clear,98,100,0,0,0
3439,7,Highway,Clear,46,100,0,0,0
3440,7,Urban,Clear,40,40,0,0,0
3441,11,Urban,Clear,23,40,0,0,0
3442,19,Urban,Snow,79,40,0,0,0
3443,16,Rural,Rain,31,60,0,0,0
3444,6,Highway,Rain,50,100,0,0,0
3445,22,Rural,Clear,37,60,0,0,0
3446,0,Urban,Clear,49,40,0,0,0
3447,12,Urban,Clear,32,40,0,0,0
3448,20,Highway,Clear,44,100,0,0,0
3449,21,Highway,Clear,35,100,0,0,0
3450,18,Rural,Fog,62,60,0,0,0
3451,7,Rural,Fog,39,60,0,0,0
3452,11,Rural,Clear,31,60,0,0,0
3453,10,Urban,Clear,86,40,0,0,0
3454,13,Highway,Clear,52,100,0,0,0
3455,18,Urban,Clear,88,40,0,0,0
3456,21,Urban,Rain,23,40,0,0,0
3457,8,Urban,Rain,88,40,0,0,0
3458,22,Urban,Rain,47,40,0,0,0
3459,3,Urban,Rain,50,40,0,0,0
3460,20,Urban,Clear,48,40,0,0,0
3461,4,Highway,Clear,52,100,0,0,0
3462,5,Urban,Snow,47,40,0,0,0
3463,15,Highway,Clear,45,100,0,0,0
3464,6,Highway,Clear,57,100,0,0,0
3465,7,Urban,Clear,20,40,0,0,0
3466,6,Rural,Rain,24,60,0,0,0
3467,1,Highway,Clear,54,100,1,1,1
3468,22,Urban,Rain,43,40,0,0,0
3469,7,Urban,Clear,40,40,0,0,0
3470,9,Rural,Clear,64,60,0,0,0
3471,7,Highway,Rain,36,100,0,0,0
3472,0,Urban,Rain,25,40,0,0,0
3473,19,Rural,Clear,80,60,0,0,0
3474,3,Urban,Rain,39,40,0,0,0
3475,16,Highway,Snow,60,100,0,0,0
3476,17,Highway,Snow,82,100,0,0,0
3477,3,Urban,Clear,30,40,0,0,0
3478,7,Highway,Fog,30,100,0,0,0
3479,9,Rural,Rain,72,60,0,0,0
3480,9,Urban,Clear,82,40,0,0,0
3481,16,Urban,Rain,40,40,0,0,0
3482,20,Highway,Clear,55,100,0,0,0
3483,22,Rural,Snow,23,60,0,0,0
3484,6,Rural,Fog,41,60,0,0,0
3485,8,Highway,Clear,71,100,0,0,0
3486,13,Rural,Rain,41,60,0,0,0
3487,9,Urban,Clear,66,40,0,0,0
3488,13,Highway,Rain,50,100,0,0,0
3489,10,Rural,Clear,69,60,0,0,0
3490,8,Rural,Clear,61,60,0,0,0
3491,12,Highway,Rain,45,100,0,0,0
3492,0,Highway,Clear,60,100,0,0,0
3493,16,Highway,Clear,45,100,0,0,0
3494,23,Urban,Clear,21,40,0,0,0
3495,9,Rural,Rain,90,60,0,0,0
3496,0,Rural,Clear,42,60,0,0,0
3497,17,Highway,Clear,72,100,0,0,0
3498,6,Rural,Clear,35,60,0,0,0
3499,21,Highway,Clear,42,100,0,0,0
3500,4,Rural,Clear,44,60,0,0,0
3501,14,Urban,Snow,42,40,0,0,0
3502,3,Rural,Snow,41,60,0,0,0
3503,10,Urban,Clear,72,40,0,0,0
3504,16,Highway,Rain,46,100,1,1,1
3505,18,Highway,Clear,70,100,0,0,0
3506,22,Urban,Clear,45,40,0,0,0
3507,7,Rural,Rain,36,60,0,0,0
3508,3,Rural,Rain,26,60,0,0,0
3509,16,Rural,Clear,26,60,0,0,0
3510,14,Highway,Clear,50,100,0,0,0
3511,13,Urban,Clear,43,40,0,0,0
3512,16,Urban,Clear,37,40,0,0,0
3513,5,Urban,Clear,25,40,0,0,0
3514,17,Urban,Clear,83,40,0,0,0
3515,7,Rural,Snow,22,60,0,0,0
3516,11,Rural,Rain,50,60,0,0,0
3517,23,Urban,Fog,35,40,0,0,0
3518,8,Rural,Fog,82,60,0,0,0
3519,8,Urban,Clear,62,40,0,0,0
3520,16,Urban,Fog,28,40,0,0,0
3521,0,Rural,Clear,47,60,0,0,0
3522,10,Rural,Fog,84,60,0,0,0
3523,17,Rural,Clear,72,60,0,0,0
3524,4,Urban,Clear,21,40,0,0,0
3525,22,Rural,Fog,33,60,0,0,0
3526,19,Urban,Clear,79,40,0,0,0
3527,6,Rural,Snow,34,60,0,0,0
3528,12,Urban,Clear,50,40,0,0,0
3529,17,Rural,Rain,80,60,0,0,0
3530,8,Rural,Clear,71,60,0,0,0
3531,23,Rural,Clear,20,60,0,0,0
3532,7,Urban,Clear,30,40,0,0,0
3533,19,Rural,Clear,88,60,0,0,0
3534,12,Urban,Fog,28,40,0,0,0
3535,20,Highway,Rain,43,100,0,0,0
3536,8,Rural,Rain,88,60,0,0,0
3537,5,Highway,Clear,48,100,0,0,0
3538,13,Rural,Clear,28,60,0,0,0
3539,16,Rural,Rain,25,60,0,0,0
3540,19,Highway,Clear,83,100,0,0,0
3541,2,Urban,Rain,42,40,0,0,0
3542,15,Urban,Fog,45,40,0,0,0
3543,19,Rural,Clear,62,60,0,0,0
3544,13,Rural,Clear,30,60,0,0,0
3545,21,Rural,Clear,36,60,0,0,0
3546,4,Urban,Rain,32,40,0,0,0
3547,0,Urban,Snow,33,40,0,0,0
3548,4,Highway,Clear,57,100,0,0,0
3549,18,Urban,Clear,82,40,0,0,0
3550,15,Urban,Clear,33,40,0,0,0
3551,9,Urban,Clear,85,40,0,0,0
3552,11,Urban,Clear,20,40,0,0,0
3553,12,Highway,Clear,42,100,0,0,0
3554,21,Urban,Fog,48,40,0,0,0
3555,12,Rural,Clear,30,60,0,0,0
3556,13,Highway,Clear,51,100,0,0,0
3557,1,Rural,Clear,43,60,0,0,0
3558,4,Highway,Fog,56,100,1,1,1
3559,20,Highway,Clear,54,100,0,0,0
3560,16,Urban,Snow,21,40,0,0,0
3561,5,Highway,Clear,40,100,0,0,0
3562,22,Urban,Rain,42,40,0,0,0
3563,9,Rural,Rain,71,60,0,0,0
3564,12,Rural,Clear,23,60,0,0,0
3565,13,Highway,Clear,43,100,0,0,0
3566,18,Highway,Snow,86,100,0,0,0
3567,23,Rural,Clear,37,60,0,0,0
3568,5,Rural,Clear,35,60,0,0,0
3569,16,Rural,Snow,34,60,0,0,0
3570,4,Highway,Clear,33,100,0,0,0
3571,21,Urban,Clear,44,40,0,0,0
3572,6,Urban,Clear,41,40,0,0,0
3573,7,Highway,Clear,53,100,0,0,0
3574,7,Rural,Rain,48,60,0,0,0
3575,22,Rural,Clear,29,60,0,0,0
3576,7,Highway,Rain,58,100,0,1,1
3577,6,Highway,Rain,31,100,1,1,1
3578,8,Highway,Clear,91,100,0,0,0
3579,22,Urban,Clear,44,40,0,0,0
3580,22,Urban,Clear,24,40,0,0,0
3581,19,Highway,Clear,96,100,0,0,0
3582,0,Rural,Clear,41,60,0,0,0
3583,15,Highway,Rain,60,100,1,1,1
3584,18,Rural,Clear,62,60,0,0,0
3585,1,Highway,Clear,47,100,1,1,1
3586,14,Rural,Fog,27,60,0,0,0
3587,15,Highway,Clear,32,100,0,0,0
3588,6,Rural,Clear,31,60,0,0,0
3589,5,Rural,Clear,36,60,0,0,0
3590,10,Rural,Rain,67,60,0,0,0
3591,11,Urban,Clear,43,40,0,0,0
3592,23,Urban,Rain,41,40,0,0,0
3593,8,Rural,Clear,62,60,0,0,0
3594,14,Highway,Clear,37,100,0,0,0
3595,22,Highway,Rain,43,100,0,1,1
3596,14,Urban,Clear,45,40,0,0,0
3597,7,Urban,Clear,34,40,0,0,0
3598,19,Rural,Snow,86,60,0,0,0
3599,12,Highway,Rain,37,100,0,0,0
3600,12,Rural,Clear,49,60,0,0,0
3601,15,Rural,Clear,23,60,0,0,0
3602,20,Highway,Clear,59,100,0,0,0
3603,10,Urban,Snow,75,40,0,0,0
3604,4,Rural,Fog,38,60,0,0,0
3605,10,Rural,Clear,70,60,0,0,0
3606,8,Rural,Clear,90,60,0,0,0
3607,14,Highway,Clear,36,100,0,0,0
3608,15,Urban,Clear,33,40,0,0,0
3609,4,Highway,Clear,44,100,0,0,0
3610,8,Rural,Fog,84,60,0,0,0
3611,22,Urban,Clear,30,40,0,0,0
3612,23,Highway,Rain,60,100,1,1,1
3613,12,Urban,Fog,25,40,0,0,0
3614,4,Urban,Clear,20,40,0,0,0
3615,21,Highway,Rain,55,100,1,1,1
3616,23,Urban,Clear,39,40,0,0,0
3617,13,Urban,Fog,42,40,0,0,0
3618,1,Urban,Snow,31,40,0,0,0
3619,22,Urban,Fog,27,40,0,0,0
3620,22,Rural,Clear,38,60,0,0,0
3621,3,Rural,Clear,42,60,0,0,0
3622,6,Urban,Clear,50,40,0,0,0
3623,7,Highway,Clear,57,100,0,0,0
3624,6,Rural,Rain,31,60,0,0,0
3625,4,Rural,Clear,35,60,0,0,0
3626,0,Highway,Clear,52,100,0,0,0
3627,9,Highway,Rain,99,100,0,0,0
3628,4,Rural,Clear,39,60,0,0,0
3629,2,Urban,Fog,48,40,0,0,0
3630,23,Highway,Rain,36,100,1,1,1
3631,8,Urban,Clear,86,40,0,0,0
3632,6,Highway,Rain,43,100,0,0,0
3633,14,Highway,Rain,38,100,0,0,0
3634,20,Urban,Clear,45,40,0,0,0
3635,18,Highway,Clear,96,100,0,0,0
3636,2,Urban,Fog,40,40,0,0,0
3637,8,Rural,Rain,82,60,0,0,0
3638,20,Rural,Clear,23,60,0,0,0
3639,13,Highway,Snow,35,100,0,0,0
3640,5,Highway,Clear,52,100,0,0,0
3641,23,Urban,Clear,35,40,0,0,0
3642,4,Urban,Rain,31,40,0,0,0
3643,1,Rural,Snow,43,60,0,0,0
3644,1,Urban,Clear,26,40,0,0,0
3645,7,Urban,Rain,44,40,0,0,0
3646,13,Rural,Clear,50,60,0,0,0
3647,22,Urban,Clear,23,40,0,0,0
3648,17,Rural,Clear,64,60,0,0,0
3649,5,Highway,Clear,37,100,0,0,0
3650,12,Highway,Rain,35,100,0,0,0
3651,19,Rural,Rain,89,60,0,0,0
3652,18,Highway,Clear,75,100,0,0,0
3653,8,Urban,Rain,87,40,0,0,0
3654,3,Urban,Clear,45,40,0,0,0
3655,4,Rural,Clear,45,60,0,0,0
3656,20,Rural,Rain,34,60,0,0,0
3657,12,Highway,Rain,38,100,0,0,0
3658,9,Rural,Clear,79,60,0,0,0
3659,11,Highway,Clear,30,100,0,0,0
3660,22,Urban,Fog,27,40,0,0,0
3661,17,Rural,Clear,72,60,0,0,0
3662,18,Highway,Fog,80,100,1,1,1
3663,9,Highway,Rain,78,100,0,0,0
3664,12,Highway,Clear,57,100,0,0,0
3665,18,Highway,Clear,83,100,0,0,0
3666,7,Highway,Clear,55,100,0,0,0
3667,1,Highway,Clear,60,100,1,1,1
3668,9,Rural,Clear,64,60,0,0,0
3669,5,Rural,Rain,24,60,0,0,0
3670,12,Urban,Clear,46,40,0,0,0
3671,2,Rural,Rain,30,60,0,0,0
3672,20,Rural,Clear,22,60,0,0,0
3673,3,Highway,Rain,58,100,0,1,1
3674,7,Highway,Clear,30,100,0,0,0
3675,22,Highway,Rain,49,100,1,1,1
3676,0,Urban,Fog,36,40,0,0,0
3677,1,Rural,Clear,23,60,0,0,0
3678,5,Highway,Clear,57,100,0,0,0
3679,18,Rural,Clear,64,60,0,0,0
3680,7,Urban,Rain,40,40,0,0,0
3681,1,Rural,Clear,23,60,0,0,0
3682,4,Urban,Rain,43,40,0,0,0
3683,23,Highway,Clear,48,100,0,0,0
3684,6,Urban,Clear,28,40,0,0,0
3685,9,Rural,Clear,77,60,0,0,0
3686,10,Urban,Rain,63,40,0,0,0
3687,8,Urban,Rain,72,40,0,0,0
3688,4,Highway,Clear,54,100,1,1,1
3689,5,Highway,Clear,58,100,0,0,0
3690,7,Rural,Clear,27,60,0,0,0
3691,6,Highway,Rain,43,100,0,0,0
3692,11,Rural,Clear,43,60,0,0,0
3693,7,Highway,Clear,48,100,0,0,0
3694,23,Urban,Rain,33,40,0,0,0
3695,12,Rural,Snow,27,60,0,0,0
3696,14,Rural,Clear,30,60,0,0,0
3697,19,Highway,Snow,99,100,0,0,0
3698,9,Urban,Rain,68,40,0,0,0
3699,0,Rural,Clear,20,60,0,0,0
3700,23,Urban,Rain,50,40,0,0,0
3701,11,Rural,Rain,38,60,0,0,0
3702,17,Rural,Clear,66,60,0,0,0
3703,23,Highway,Clear,44,100,1,1,1
3704,22,Rural,Clear,20,60,0,0,0
3705,4,Urban,Clear,35,40,0,0,0
3706,5,Urban,Clear,26,40,0,0,0
3707,18,Rural,Fog,70,60,0,0,0
3708,13,Highway,Clear,35,100,0,0,0
3709,8,Urban,Clear,74,40,0,0,0
3710,18,Rural,Clear,81,60,0,0,0
3711,9,Highway,Rain,100,100,0,0,0
3712,1,Highway,Rain,31,100,1,1,1
3713,5,Urban,Snow,48,40,0,0,0
3714,18,Urban,Rain,68,40,0,0,0
3715,10,Rural,Clear,75,60,0,0,0
3716,1,Urban,Rain,43,40,0,0,0
3717,11,Highway,Snow,52,100,0,0,0
3718,0,Rural,Clear,40,60,0,0,0
3719,5,Highway,Clear,43,100,0,0,0
3720,16,Highway,Rain,40,100,0,0,0
3721,21,Highway,Clear,37,100,0,0,0
3722,21,Rural,Rain,49,60,0,0,0
3723,9,Urban,Clear,89,40,0,0,0
3724,20,Urban,Fog,43,40,0,0,0
3725,20,Urban,Clear,31,40,0,0,0
3726,9,Rural,Rain,68,60,0,0,0
3727,20,Highway,Clear,42,100,0,0,0
3728,15,Urban,Rain,32,40,0,0,0
3729,9,Highway,Rain,87,100,0,0,0
3730,6,Highway,Clear,39,100,0,0,0
3731,23,Urban,Clear,45,40,0,0,0
3732,8,Rural,Clear,61,60,0,0,0
3733,13,Urban,Clear,24,40,0,0,0
3734,9,Urban,Clear,84,40,0,0,0
3735,17,Urban,Rain,72,40,0,0,0
3736,11,Urban,Rain,48,40,0,0,0
3737,11,Rural,Clear,40,60,0,0,0
3738,3,Rural,Clear,42,60,0,0,0
3739,1,Rural,Rain,21,60,0,0,0
3740,5,Rural,Snow,41,60,0,0,0
3741,12,Highway,Rain,37,100,0,0,0
3742,0,Urban,Fog,34,40,0,0,0
3743,5,Rural,Clear,25,60,0,0,0
3744,7,Rural,Fog,22,60,0,0,0
3745,6,Rural,Fog,31,60,0,0,0
3746,12,Rural,Clear,41,60,0,0,0
3747,10,Highway,Clear,94,100,0,0,0
3748,12,Highway,Clear,58,100,0,0,0
3749,0,Rural,Clear,29,60,0,0,0
3750,22,Highway,Rain,34,100,1,1,1
3751,7,Rural,Rain,41,60,0,0,0
3752,7,Highway,Clear,37,100,0,0,0
3753,22,Highway,Rain,41,100,0,1,1
3754,2,Urban,Clear,43,40,0,0,0
3755,3,Highway,Clear,40,100,0,0,0
3756,14,Urban,Rain,24,40,0,0,0
3757,18,Highway,Rain,81,100,0,0,0
3758,5,Rural,Clear,36,60,0,0,0
3759,23,Rural,Clear,50,60,0,0,0
3760,19,Urban,Clear,68,40,0,0,0
3761,17,Highway,Rain,95,100,0,0,0
3762,3,Highway,Rain,50,100,1,1,1
3763,7,Urban,Clear,50,40,0,0,0
3764,17,Highway,Clear,78,100,0,0,0
3765,7,Highway,Fog,40,100,0,0,0
3766,11,Rural,Rain,29,60,0,0,0
3767,19,Highway,Clear,87,100,0,0,0
3768,13,Highway,Rain,37,100,0,0,0
3769,12,Rural,Clear,23,60,0,0,0
3770,13,Highway,Rain,39,100,0,0,0
3771,13,Rural,Clear,40,60,0,0,0
3772,2,Rural,Fog,32,60,0,0,0
3773,20,Urban,Clear,24,40,0,0,0
3774,5,Urban,Rain,20,40,0,0,0
3775,12,Urban,Clear,38,40,0,0,0
3776,5,Rural,Clear,32,60,0,0,0
3777,23,Urban,Clear,25,40,0,0,0
3778,12,Urban,Clear,48,40,0,0,0
3779,2,Highway,Clear,45,100,0,0,0
3780,16,Urban,Fog,38,40,0,0,0
3781,16,Highway,Clear,49,100,0,0,0
3782,4,Rural,Clear,34,60,0,0,0
3783,10,Urban,Clear,86,40,0,0,0
3784,6,Rural,Fog,44,60,0,0,0
3785,13,Highway,Rain,32,100,0,0,0
3786,4,Highway,Fog,45,100,0,1,1
3787,2,Urban,Clear,28,40,0,0,0
3788,2,Rural,Clear,45,60,0,0,0
3789,13,Rural,Clear,25,60,0,0,0
3790,11,Rural,Rain,39,60,0,0,0
3791,7,Rural,Rain,34,60,0,0,0
3792,23,Rural,Clear,34,60,0,0,0
3793,12,Highway,Fog,50,100,1,1,1
3794,3,Highway,Fog,36,100,1,1,1
3795,4,Rural,Fog,39,60,0,0,0
3796,6,Highway,Rain,59,100,0,0,0
3797,22,Rural,Clear,39,60,0,0,0
3798,17,Rural,Clear,80,60,0,0,0
3799,12,Highway,Clear,36,100,0,0,0
3800,0,Highway,Clear,39,100,1,1,1
3801,0,Urban,Clear,48,40,0,0,0
3802,12,Rural,Clear,39,60,0,0,0
3803,2,Urban,Clear,50,40,0,0,0
3804,14,Rural,Clear,25,60,0,0,0
3805,6,Highway,Snow,58,100,0,0,0
3806,6,Urban,Fog,21,40,0,0,0
3807,19,Highway,Clear,86,100,0,0,0
3808,17,Urban,Rain,62,40,0,0,0
3809,9,Highway,Clear,92,100,0,0,0
3810,15,Urban,Rain,25,40,0,0,0
3811,4,Urban,Clear,33,40,0,0,0
3812,9,Highway,Rain,70,100,0,0,0
3813,11,Highway,Clear,53,100,0,0,0
3814,23,Highway,Clear,35,100,1,1,1
3815,22,Urban,Rain,49,40,0,0,0
3816,23,Rural,Clear,31,60,0,0,0
3817,6,Rural,Clear,46,60,0,0,0
3818,8,Rural,Clear,72,60,0,0,0
3819,19,Highway,Clear,72,100,0,0,0
3820,0,Urban,Rain,27,40,0,0,0
3821,4,Rural,Clear,29,60,0,0,0
3822,21,Highway,Clear,58,100,0,0,0
3823,22,Rural,Rain,44,60,0,0,0
3824,11,Highway,Rain,41,100,0,0,0
3825,2,Rural,Rain,34,60,0,0,0
3826,15,Urban,Clear,37,40,0,0,0
3827,13,Urban,Clear,39,40,0,0,0
3828,21,Urban,Clear,45,40,0,0,0
3829,9,Rural,Rain,70,60,0,0,0
3830,4,Rural,Fog,46,60,0,0,0
3831,14,Rural,Clear,49,60,0,0,0
3832,9,Rural,Rain,64,60,0,0,0
3833,4,Urban,Clear,43,40,0,0,0
3834,22,Urban,Rain,32,40,0,0,0
3835,8,Highway,Clear,94,100,0,0,0
3836,4,Urban,Rain,48,40,0,0,0
3837,22,Urban,Snow,33,40,0,0,0
3838,3,Highway,Rain,44,100,1,1,1
3839,15,Rural,Clear,50,60,0,0,0
3840,17,Urban,Rain,79,40,0,0,0
3841,5,Highway,Fog,59,100,0,0,0
3842,16,Urban,Rain,22,40,0,0,0
3843,20,Highway,Clear,43,100,0,0,0
3844,3,Urban,Clear,28,40,0,0,0
3845,2,Highway,Rain,55,100,1,1,1
3846,21,Urban,Clear,37,40,0,0,0
3847,9,Highway,Rain,83,100,1,1,1
3848,11,Rural,Clear,42,60,0,0,0
3849,7,Urban,Clear,34,40,0,0,0
3850,17,Highway,Rain,71,100,0,0,0
3851,20,Urban,Clear,29,40,0,0,0
3852,9,Urban,Clear,61,40,0,0,0
3853,19,Urban,Clear,62,40,0,0,0
3854,1,Rural,Clear,39,60,0,0,0
3855,18,Urban,Clear,90,40,0,0,0
3856,20,Urban,Snow,42,40,0,0,0
3857,17,Urban,Clear,72,40,0,0,0
3858,11,Rural,Clear,44,60,0,0,0
3859,0,Rural,Fog,49,60,0,0,0
3860,9,Urban,Clear,73,40,0,0,0
3861,20,Highway,Clear,59,100,0,0,0
3862,21,Rural,Fog,42,60,0,0,0
3863,23,Highway,Rain,51,100,0,1,1
3864,16,Highway,Clear,31,100,0,0,0
3865,3,Highway,Clear,38,100,0,0,0
3866,10,Rural,Rain,60,60,0,0,0
3867,7,Urban,Rain,42,40,0,0,0
3868,5,Rural,Fog,49,60,0,0,0
3869,14,Highway,Fog,50,100,1,1,1
3870,17,Highway,Fog,71,100,0,0,0
3871,0,Rural,Clear,32,60,0,0,0
3872,7,Rural,Clear,50,60,0,0,0
3873,17,Highway,Snow,84,100,0,0,0
3874,13,Rural,Clear,23,60,0,0,0
3875,5,Highway,Clear,37,100,0,0,0
3876,19,Highway,Clear,72,100,0,0,0
3877,1,Rural,Snow,20,60,0,0,0
3878,13,Urban,Clear,21,40,0,0,0
3879,19,Urban,Clear,61,40,0,0,0
3880,10,Highway,Clear,78,100,0,0,0
3881,12,Urban,Rain,40,40,0,0,0
3882,5,Rural,Clear,41,60,0,0,0
3883,18,Highway,Rain,88,100,0,0,0
3884,2,Urban,Clear,39,40,0,0,0
3885,6,Highway,Clear,49,100,0,0,0
3886,1,Highway,Snow,49,100,1,1,1
3887,12,Rural,Clear,27,60,0,0,0
3888,5,Urban,Clear,43,40,0,0,0
3889,12,Highway,Fog,60,100,0,0,0
3890,13,Highway,Fog,38,100,1,1,1
3891,13,Urban,Clear,37,40,0,0,0
3892,6,Rural,Rain,48,60,0,0,0
3893,19,Urban,Clear,63,40,0,0,0
3894,20,Urban,Clear,27,40,0,0,0
3895,7,Rural,Clear,40,60,0,0,0
3896,2,Highway,Clear,35,100,0,0,0
3897,4,Highway,Rain,59,100,1,1,1
3898,0,Highway,Fog,42,100,1,1,1
3899,0,Urban,Clear,20,40,0,0,0
3900,20,Rural,Rain,26,60,0,0,0
3901,9,Highway,Clear,71,100,0,0,0
3902,19,Highway,Fog,96,100,0,0,0
3903,19,Highway,Rain,88,100,0,0,0
3904,21,Urban,Clear,26,40,0,0,0
3905,15,Rural,Clear,23,60,0,0,0
3906,6,Urban,Fog,41,40,0,0,0
3907,14,Highway,Clear,49,100,0,0,0
3908,11,Rural,Rain,49,60,0,0,0
3909,8,Rural,Rain,88,60,0,0,0
3910,6,Highway,Fog,57,100,1,1,1
3911,12,Highway,Fog,52,100,0,0,0
3912,19,Urban,Clear,86,40,0,0,0
3913,16,Rural,Rain,47,60,0,0,0
3914,15,Highway,Snow,58,100,0,0,0
3915,5,Rural,Clear,37,60,0,0,0
3916,18,Urban,Rain,68,40,0,0,0
3917,22,Highway,Clear,60,100,0,0,0
3918,16,Highway,Clear,48,100,0,0,0
3919,15,Highway,Clear,55,100,0,0,0
3920,12,Rural,Fog,45,60,0,0,0
3921,20,Highway,Fog,54,100,0,0,0
3922,20,Highway,Rain,60,100,0,0,0
3923,19,Urban,Clear,77,40,0,0,0
3924,10,Urban,Rain,66,40,0,0,0
3925,10,Urban,Snow,68,40,0,0,0
3926,7,Highway,Rain,33,100,1,1,1
3927,22,Highway,Clear,51,100,1,1,1
3928,14,Rural,Clear,49,60,0,0,0
3929,6,Urban,Fog,43,40,0,0,0
3930,13,Rural,Rain,33,60,0,0,0
3931,2,Rural,Fog,38,60,0,0,0
3932,21,Rural,Clear,39,60,0,0,0
3933,6,Highway,Clear,54,100,0,0,0
3934,20,Highway,Rain,37,100,0,0,0
3935,3,Highway,Rain,51,100,1,1,1
3936,0,Rural,Clear,38,60,0,0,0
3937,15,Highway,Clear,38,100,0,0,0
3938,22,Rural,Clear,42,60,0,0,0
3939,1,Urban,Clear,40,40,0,0,0
3940,6,Rural,Clear,25,60,0,0,0
3941,3,Urban,Rain,49,40,0,0,0
3942,11,Highway,Rain,55,100,0,0,0
3943,8,Rural,Rain,80,60,0,0,0
3944,20,Rural,Clear,43,60,0,0,0
3945,7,Highway,Rain,47,100,0,0,0
3946,3,Highway,Clear,31,100,0,0,0
3947,18,Rural,Rain,77,60,0,0,0
3948,2,Highway,Clear,41,100,1,1,1
3949,17,Highway,Rain,85,100,0,0,0
3950,15,Rural,Fog,46,60,0,0,0
3951,0,Urban,Snow,31,40,0,0,0
3952,0,Urban,Rain,49,40,0,0,0
3953,11,Urban,Clear,24,40,0,0,0
3954,2,Urban,Snow,34,40,0,0,0
3955,18,Highway,Rain,81,100,0,0,0
3956,10,Rural,Clear,90,60,0,0,0
3957,0,Urban,Rain,32,40,0,0,0
3958,16,Highway,Clear,47,100,0,0,0
3959,15,Rural,Clear,29,60,0,0,0
3960,5,Urban,Clear,20,40,0,0,0
3961,10,Highway,Rain,72,100,1,1,1
3962,16,Rural,Clear,25,60,0,0,0
3963,1,Highway,Clear,45,100,1,1,1
3964,10,Urban,Fog,62,40,0,0,0
3965,14,Rural,Clear,29,60,0,0,0
3966,17,Rural,Clear,80,60,0,0,0
3967,3,Highway,Clear,41,100,0,0,0
3968,19,Highway,Clear,85,100,0,0,0
3969,9,Rural,Clear,61,60,0,0,0
3970,17,Rural,Clear,82,60,0,0,0
3971,12,Rural,Snow,26,60,0,0,0
3972,11,Urban,Rain,46,40,0,0,0
3973,20,Urban,Rain,45,40,0,0,0
3974,6,Rural,Rain,25,60,0,0,0
3975,10,Urban,Clear,72,40,0,0,0
3976,9,Highway,Rain,89,100,0,0,0
3977,19,Rural,Rain,78,60,0,0,0
3978,11,Highway,Clear,47,100,0,0,0
3979,23,Urban,Fog,30,40,0,0,0
3980,17,Rural,Fog,75,60,0,0,0
3981,23,Urban,Clear,23,40,0,0,0
3982,18,Rural,Clear,67,60,0,0,0
3983,15,Urban,Clear,21,40,0,0,0
3984,15,Highway,Clear,50,100,0,0,0
3985,19,Urban,Snow,68,40,0,0,0
3986,7,Urban,Clear,20,40,0,0,0
3987,3,Urban,Clear,20,40,0,0,0
3988,15,Highway,Snow,57,100,0,0,0
3989,7,Highway,Clear,35,100,0,0,0
3990,7,Highway,Clear,30,100,0,0,0
3991,16,Rural,Rain,40,60,0,0,0
3992,13,Urban,Clear,30,40,0,0,0
3993,13,Urban,Clear,42,40,0,0,0
3994,18,Urban,Clear,90,40,0,0,0
3995,2,Highway,Clear,54,100,0,0,0
3996,14,Rural,Clear,23,60,0,0,0
3997,20,Urban,Clear,21,40,0,0,0
3998,15,Highway,Clear,40,100,0,0,0
3999,12,Rural,Rain,37,60,0,0,0
4000,15,Urban,Rain,35,40,0,0,0
4001,15,Rural,Clear,46,60,0,0,0
4002,2,Rural,Clear,20,60,0,0,0
4003,11,Urban,Clear,38,40,0,0,0
4004,4,Highway,Fog,32,100,1,1,1
4005,21,Highway,Clear,54,100,0,0,0
4006,18,Highway,Clear,95,100,0,0,0
4007,11,Urban,Snow,29,40,0,0,0
4008,20,Highway,Clear,54,100,0,0,0
4009,20,Rural,Clear,39,60,0,0,0
4010,16,Rural,Rain,30,60,0,0,0
4011,1,Rural,Snow,48,60,0,0,0
4012,19,Rural,Clear,68,60,0,0,0
4013,7,Rural,Clear,33,60,0,0,0
4014,4,Highway,Clear,35,100,1,1,1
4015,11,Rural,Rain,37,60,0,0,0
4016,16,Highway,Clear,47,100,0,0,0
4017,22,Rural,Fog,44,60,0,0,0
4018,16,Urban,Clear,20,40,0,0,0
4019,4,Urban,Rain,38,40,0,0,0
4020,13,Urban,Fog,47,40,0,0,0
4021,17,Highway,Clear,78,100,0,0,0
4022,0,Highway,Fog,34,100,0,1,1
4023,3,Urban,Fog,21,40,0,0,0
4024,12,Rural,Rain,20,60,0,0,0
4025,9,Rural,Clear,81,60,0,0,0
4026,5,Rural,Clear,30,60,0,0,0
4027,21,Urban,Fog,41,40,0,0,0
4028,13,Urban,Fog,36,40,0,0,0
4029,20,Urban,Clear,23,40,0,0,0
4030,22,Urban,Snow,44,40,0,0,0
4031,23,Highway,Clear,53,100,0,0,0
4032,15,Urban,Clear,48,40,0,0,0
4033,11,Urban,Rain,32,40,0,0,0
4034,9,Highway,Clear,84,100,0,0,0
4035,22,Rural,Rain,48,60,0,0,0
4036,3,Urban,Snow,40,40,0,0,0
4037,1,Highway,Rain,43,100,1,1,1
4038,16,Highway,Clear,31,100,0,0,0
4039,19,Rural,Clear,72,60,0,0,0
4040,14,Highway,Clear,58,100,0,0,0
4041,18,Highway,Rain,90,100,0,0,0
4042,14,Highway,Clear,30,100,0,0,0
4043,8,Rural,Clear,79,60,0,0,0
4044,14,Highway,Fog,40,100,1,1,1
4045,8,Rural,Clear,61,60,0,0,0
4046,17,Urban,Clear,83,40,0,0,0
4047,21,Rural,Rain,36,60,0,0,0
4048,22,Highway,Clear,32,100,1,1,1
4049,11,Urban,Clear,42,40,0,0,0
4050,22,Urban,Fog,31,40,0,0,0
4051,23,Urban,Clear,50,40,0,0,0
4052,21,Highway,Clear,33,100,0,0,0
4053,3,Highway,Clear,48,100,1,1,1
4054,12,Rural,Fog,30,60,0,0,0
4055,22,Rural,Snow,48,60,1,1,1
4056,13,Rural,Clear,37,60,0,0,0
4057,22,Rural,Rain,49,60,0,0,0
4058,6,Highway,Clear,31,100,0,0,0
4059,16,Rural,Clear,46,60,0,0,0
4060,6,Rural,Clear,37,60,0,0,0
4061,21,Urban,Rain,39,40,0,0,0
4062,10,Urban,Rain,86,40,0,0,0
4063,23,Highway,Rain,59,100,1,1,1
4064,22,Urban,Clear,40,40,0,0,0
4065,18,Urban,Rain,63,40,0,0,0
4066,18,Highway,Clear,95,100,0,0,0
4067,0,Rural,Fog,49,60,0,0,0
4068,2,Highway,Clear,49,100,0,0,0
4069,7,Urban,Clear,27,40,0,0,0
4070,14,Urban,Clear,50,40,0,0,0
4071,13,Rural,Clear,23,60,0,0,0
4072,15,Urban,Rain,20,40,0,0,0
4073,6,Urban,Fog,40,40,0,0,0
4074,17,Urban,Clear,83,40,0,0,0
4075,1,Urban,Clear,44,40,0,0,0
4076,22,Rural,Clear,50,60,0,0,0
4077,1,Urban,Clear,49,40,0,0,0
4078,16,Urban,Snow,40,40,0,0,0
4079,22,Urban,Rain,39,40,0,0,0
4080,21,Rural,Clear,26,60,0,0,0
4081,17,Rural,Fog,60,60,0,0,0
4082,9,Rural,Clear,71,60,0,0,0
4083,19,Highway,Clear,82,100,0,0,0
4084,19,Rural,Clear,68,60,0,0,0
4085,1,Rural,Fog,38,60,0,0,0
4086,17,Urban,Snow,74,40,0,0,0
4087,23,Rural,Clear,41,60,0,0,0
4088,6,Urban,Rain,43,40,0,0,0
4089,11,Urban,Fog,42,40,0,0,0
4090,11,Highway,Clear,41,100,0,0,0
4091,2,Highway,Clear,52,100,1,1,1
4092,7,Highway,Clear,48,100,0,0,0
4093,8,Urban,Rain,72,40,0,0,0
4094,15,Rural,Rain,22,60,0,0,0
4095,12,Urban,Clear,30,40,0,0,0
4096,0,Urban,Rain,37,40,0,0,0
4097,15,Highway,Clear,44,100,0,0,0
4098,3,Urban,Clear,22,40,0,0,0
4099,5,Rural,Clear,36,60,0,0,0
4100,7,Highway,Clear,36,100,0,0,0
4101,7,Highway,Rain,59,100,0,0,0
4102,13,Urban,Fog,25,40,0,0,0
4103,10,Urban,Rain,79,40,0,0,0
4104,13,Highway,Rain,31,100,0,0,0
4105,19,Urban,Clear,70,40,0,0,0
4106,23,Rural,Clear,47,60,0,0,0
4107,18,Rural,Clear,65,60,0,0,0
4108,22,Urban,Rain,43,40,0,0,0
4109,10,Urban,Clear,78,40,0,0,0
4110,23,Urban,Clear,32,40,0,0,0
4111,19,Urban,Rain,79,40,0,0,0
4112,22,Highway,Clear,40,100,1,1,1
4113,13,Highway,Rain,30,100,0,0,0
4114,23,Rural,Clear,49,60,0,0,0
4115,18,Rural,Clear,74,60,0,0,0
4116,6,Urban,Clear,39,40,0,0,0
4117,17,Highway,Clear,72,100,0,0,0
4118,14,Rural,Clear,27,60,0,0,0
4119,15,Urban,Rain,33,40,0,0,0
4120,14,Rural,Clear,33,60,0,0,0
4121,11,Urban,Clear,47,40,0,0,0
4122,9,Highway,Rain,98,100,0,0,0
4123,6,Highway,Clear,35,100,0,0,0
4124,1,Rural,Clear,48,60,0,0,0
4125,21,Rural,Clear,42,60,0,0,0
4126,10,Rural,Clear,64,60,0,0,0
4127,14,Urban,Rain,30,40,0,0,0
4128,11,Urban,Fog,42,40,0,0,0
4129,17,Highway,Clear,82,100,0,0,0
4130,7,Rural,Fog,25,60,0,0,0
4131,0,Urban,Clear,49,40,0,0,0
4132,12,Urban,Rain,26,40,0,0,0
4133,4,Rural,Clear,23,60,0,0,0
4134,6,Urban,Clear,26,40,0,0,0
4135,17,Rural,Clear,89,60,0,0,0
4136,7,Highway,Clear,56,100,0,0,0
4137,20,Highway,Snow,36,100,1,1,1
4138,14,Rural,Fog,24,60,0,0,0
4139,14,Urban,Clear,36,40,0,0,0
4140,23,Highway,Clear,46,100,0,0,0
4141,12,Rural,Fog,40,60,0,0,0
4142,23,Urban,Snow,35,40,0,0,0
4143,18,Urban,Clear,60,40,0,0,0
4144,2,Highway,Fog,52,100,1,1,1
4145,13,Highway,Clear,55,100,0,0,0
4146,7,Rural,Clear,24,60,0,0,0
4147,13,Urban,Clear,30,40,0,0,0
4148,3,Rural,Clear,22,60,0,0,0
4149,18,Urban,Snow,76,40,0,0,0
4150,18,Urban,Clear,76,40,0,0,0
4151,5,Rural,Rain,33,60,0,0,0
4152,19,Highway,Clear,80,100,0,0,0
4153,17,Urban,Rain,64,40,0,0,0
4154,18,Rural,Clear,75,60,0,0,0
4155,17,Urban,Clear,86,40,0,0,0
4156,0,Highway,Clear,49,100,0,0,0
4157,23,Rural,Rain,41,60,0,0,0
4158,13,Rural,Clear,41,60,0,0,0
4159,6,Highway,Clear,51,100,0,0,0
4160,0,Urban,Clear,34,40,0,0,0
4161,13,Urban,Fog,34,40,0,0,0
4162,17,Highway,Clear,81,100,0,0,0
4163,19,Rural,Clear,74,60,0,0,0
4164,11,Highway,Snow,30,100,0,0,0
4165,4,Urban,Clear,22,40,0,0,0
4166,22,Urban,Rain,29,40,0,0,0
4167,6,Rural,Clear,34,60,0,0,0
4168,7,Highway,Fog,34,100,1,1,1
4169,12,Highway,Clear,34,100,0,0,0
4170,13,Rural,Clear,29,60,0,0,0
4171,21,Rural,Rain,21,60,0,0,0
4172,7,Urban,Clear,46,40,0,0,0
4173,13,Highway,Fog,55,100,0,0,0
4174,10,Highway,Snow,75,100,0,0,0
4175,3,Urban,Rain,26,40,0,0,0
4176,23,Urban,Snow,40,40,0,0,0
4177,15,Rural,Clear,35,60,0,0,0
4178,3,Highway,Rain,30,100,1,1,1
4179,12,Urban,Clear,34,40,0,0,0
4180,5,Urban,Clear,32,40,0,0,0
4181,6,Urban,Rain,33,40,0,0,0
4182,21,Highway,Rain,40,100,0,0,0
4183,8,Highway,Clear,73,100,0,0,0
4184,5,Highway,Clear,54,100,0,0,0
4185,14,Rural,Clear,37,60,0,0,0
4186,17,Urban,Fog,69,40,0,0,0
4187,6,Highway,Clear,44,100,0,0,0
4188,10,Urban,Clear,79,40,0,0,0
4189,20,Highway,Clear,36,100,0,0,0
4190,18,Urban,Fog,89,40,0,0,0
4191,21,Urban,Rain,40,40,0,0,0
4192,7,Rural,Fog,23,60,0,0,0
4193,13,Urban,Clear,27,40,0,0,0
4194,11,Urban,Clear,48,40,0,0,0
4195,7,Rural,Clear,41,60,0,0,0
4196,16,Rural,Clear,28,60,0,0,0
4197,8,Rural,Fog,71,60,0,0,0
4198,13,Highway,Rain,55,100,0,0,0
4199,20,Rural,Clear,45,60,0,0,0
4200,14,Urban,Rain,44,40,0,0,0
4201,7,Urban,Clear,50,40,0,0,0
4202,23,Rural,Clear,44,60,0,0,0
4203,19,Urban,Clear,64,40,0,0,0
4204,14,Highway,Fog,34,100,0,0,0
4205,16,Urban,Rain,26,40,0,0,0
4206,23,Urban,Fog,46,40,0,0,0
4207,21,Rural,Clear,42,60,0,0,0
4208,16,Highway,Clear,39,100,0,0,0
4209,11,Highway,Snow,60,100,1,1,1
4210,2,Rural,Fog,47,60,0,0,0
4211,13,Urban,Clear,48,40,0,0,0
4212,2,Rural,Rain,28,60,0,0,0
4213,15,Highway,Rain,41,100,0,0,0
4214,0,Rural,Clear,44,60,0,0,0
4215,10,Rural,Snow,64,60,0,0,0
4216,0,Urban,Clear,21,40,0,0,0
4217,11,Rural,Clear,22,60,0,0,0
4218,23,Urban,Rain,35,40,0,0,0
4219,4,Urban,Rain,39,40,0,0,0
4220,8,Urban,Clear,78,40,0,0,0
4221,12,Urban,Clear,46,40,0,0,0
4222,22,Highway,Rain,58,100,1,1,1
4223,23,Rural,Clear,42,60,0,0,0
4224,20,Urban,Snow,40,40,0,0,0
4225,1,Rural,Clear,30,60,0,0,0
4226,14,Highway,Rain,55,100,1,1,1
4227,16,Highway,Rain,44,100,0,0,0
4228,15,Highway,Clear,49,100,0,0,0
4229,14,Rural,Clear,21,60,0,0,0
4230,14,Urban,Clear,46,40,0,0,0
4231,18,Rural,Clear,89,60,0,0,0
4232,18,Rural,Snow,64,60,0,0,0
4233,2,Rural,Clear,47,60,0,0,0
4234,17,Urban,Clear,80,40,0,0,0
4235,21,Rural,Snow,26,60,0,0,0
4236,5,Highway,Clear,51,100,0,0,0
4237,6,Highway,Fog,49,100,1,1,1
4238,20,Rural,Clear,38,60,0,0,0
4239,22,Highway,Clear,38,100,0,0,0
4240,18,Rural,Clear,71,60,0,0,0
4241,8,Highway,Clear,99,100,0,0,0
4242,23,Rural,Snow,31,60,0,0,0
4243,7,Rural,Clear,43,60,0,0,0
4244,18,Highway,Clear,74,100,0,0,0
4245,20,Highway,Rain,58,100,1,1,1
4246,18,Urban,Clear,66,40,0,0,0
4247,3,Urban,Rain,49,40,0,0,0
4248,8,Urban,Clear,78,40,0,0,0
4249,8,Highway,Rain,90,100,0,0,0
4250,3,Highway,Clear,44,100,0,0,0
4251,22,Urban,Rain,48,40,0,0,0
4252,19,Rural,Clear,79,60,0,0,0
4253,13,Rural,Clear,29,60,0,0,0
4254,0,Urban,Clear,49,40,0,0,0
4255,11,Rural,Snow,44,60,0,0,0
4256,17,Urban,Clear,89,40,0,0,0
4257,14,Highway,Clear,34,100,0,0,0
4258,0,Urban,Clear,35,40,0,0,0
4259,16,Rural,Clear,47,60,0,0,0
4260,16,Urban,Rain,41,40,0,0,0
4261,6,Urban,Clear,26,40,0,0,0
4262,4,Urban,Rain,22,40,0,0,0
4263,22,Urban,Clear,26,40,0,0,0
4264,15,Rural,Clear,40,60,0,0,0
4265,8,Rural,Fog,62,60,0,0,0
4266,17,Urban,Clear,74,40,0,0,0
4267,2,Rural,Clear,30,60,0,0,0
4268,16,Highway,Rain,57,100,0,0,0
4269,6,Urban,Clear,36,40,0,0,0
4270,18,Urban,Clear,76,40,0,0,0
4271,16,Highway,Rain,37,100,0,0,0
4272,5,Rural,Clear,30,60,0,0,0
4273,4,Highway,Clear,34,100,0,0,0
4274,12,Rural,Clear,47,60,0,0,0
4275,9,Rural,Clear,83,60,0,0,0
4276,1,Rural,Clear,39,60,0,0,0
4277,11,Rural,Rain,44,60,0,0,0
4278,2,Urban,Clear,31,40,0,0,0
4279,22,Highway,Clear,42,100,0,0,0
4280,16,Rural,Clear,30,60,0,0,0
4281,0,Urban,Clear,34,40,0,0,0
4282,1,Highway,Fog,34,100,0,1,1
4283,14,Rural,Fog,39,60,0,0,0
4284,5,Rural,Snow,41,60,0,0,0
4285,4,Urban,Snow,29,40,0,0,0
4286,10,Urban,Rain,75,40,0,0,0
4287,17,Highway,Clear,75,100,0,0,0
4288,7,Rural,Clear,46,60,0,0,0
4289,17,Rural,Clear,82,60,0,0,0
4290,14,Rural,Clear,44,60,0,0,0
4291,20,Rural,Fog,49,60,0,0,0
4292,5,Rural,Clear,41,60,0,0,0
4293,18,Rural,Fog,69,60,0,0,0
4294,15,Rural,Clear,24,60,0,0,0
4295,6,Rural,Clear,50,60,0,0,0
4296,15,Highway,Clear,45,100,0,0,0
4297,1,Rural,Clear,26,60,0,0,0
4298,15,Rural,Clear,48,60,0,0,0
4299,17,Rural,Clear,67,60,0,0,0
4300,21,Rural,Clear,38,60,0,0,0
4301,21,Urban,Rain,25,40,0,0,0
4302,10,Highway,Clear,82,100,0,0,0
4303,13,Highway,Clear,40,100,0,0,0
4304,16,Rural,Clear,43,60,0,0,0
4305,22,Urban,Rain,26,40,0,0,0
4306,2,Highway,Clear,30,100,0,0,0
4307,1,Highway,Fog,32,100,1,1,1
4308,5,Rural,Clear,26,60,0,0,0
4309,7,Urban,Clear,40,40,0,0,0
4310,2,Rural,Clear,38,60,0,0,0
4311,20,Rural,Clear,45,60,0,0,0
4312,14,Highway,Rain,55,100,0,0,0
4313,16,Urban,Fog,38,40,0,0,0
4314,17,Rural,Clear,73,60,0,0,0
4315,18,Urban,Clear,69,40,0,0,0
4316,8,Highway,Fog,81,100,0,0,0
4317,19,Urban,Clear,66,40,0,0,0
4318,21,Urban,Clear,46,40,0,0,0
4319,6,Urban,Rain,43,40,0,0,0
4320,11,Rural,Clear,41,60,0,0,0
4321,0,Urban,Clear,50,40,0,0,0
4322,4,Rural,Rain,27,60,0,0,0
4323,10,Highway,Clear,88,100,0,0,0
4324,22,Urban,Rain,46,40,0,0,0
4325,7,Highway,Fog,53,100,0,0,0
4326,11,Urban,Clear,47,40,0,0,0
4327,2,Rural,Clear,22,60,0,0,0
4328,3,Urban,Clear,49,40,0,0,0
4329,4,Highway,Clear,34,100,1,1,1
4330,10,Highway,Rain,76,100,0,0,0
4331,13,Rural,Rain,35,60,0,0,0
4332,1,Highway,Clear,52,100,0,0,0
4333,21,Urban,Clear,30,40,0,0,0
4334,18,Highway,Rain,78,100,1,1,1
4335,8,Urban,Rain,66,40,0,0,0
4336,1,Urban,Rain,24,40,0,0,0
4337,8,Urban,Rain,82,40,0,0,0
4338,22,Highway,Clear,36,100,1,1,1
4339,13,Urban,Rain,39,40,0,0,0
4340,21,Urban,Rain,41,40,0,0,0
4341,2,Highway,Clear,48,100,0,0,0
4342,20,Highway,Rain,39,100,0,0,0
4343,22,Highway,Rain,36,100,1,1,1
4344,17,Urban,Fog,76,40,0,0,0
4345,20,Highway,Clear,50,100,0,0,0
4346,4,Rural,Clear,24,60,0,0,0
4347,9,Highway,Rain,75,100,0,0,0
4348,17,Urban,Clear,80,40,0,0,0
4349,4,Urban,Rain,39,40,0,0,0
4350,6,Highway,Clear,47,100,0,0,0
4351,19,Rural,Rain,62,60,0,0,0
4352,7,Highway,Clear,34,100,0,0,0
4353,22,Rural,Clear,47,60,0,0,0
4354,19,Urban,Snow,84,40,0,0,0
4355,23,Urban,Fog,33,40,0,0,0
4356,8,Rural,Snow,66,60,0,0,0
4357,13,Rural,Fog,28,60,0,0,0
4358,13,Urban,Rain,41,40,0,0,0
4359,3,Highway,Rain,49,100,1,1,1
4360,16,Rural,Rain,33,60,0,0,0
4361,2,Rural,Rain,40,60,0,0,0
4362,17,Urban,Rain,63,40,0,0,0
4363,15,Rural,Clear,24,60,0,0,0
4364,5,Urban,Clear,25,40,0,0,0
4365,1,Urban,Clear,32,40,0,0,0
4366,13,Highway,Rain,38,100,1,1,1
4367,23,Highway,Fog,44,100,1,1,1
4368,17,Rural,Clear,76,60,0,0,0
4369,21,Highway,Rain,47,100,0,0,0
4370,22,Highway,Clear,45,100,0,0,0
4371,15,Rural,Rain,42,60,0,0,0
4372,9,Rural,Clear,82,60,0,0,0
4373,21,Urban,Clear,36,40,0,0,0
4374,12,Urban,Clear,48,40,0,0,0
4375,9,Rural,Clear,77,60,0,0,0
4376,15,Rural,Snow,49,60,0,0,0
4377,23,Rural,Fog,33,60,0,0,0
4378,16,Urban,Snow,43,40,0,0,0
4379,12,Highway,Clear,40,100,0,0,0
4380,19,Urban,Clear,88,40,0,0,0
4381,0,Highway,Clear,55,100,0,0,0
4382,21,Highway,Clear,34,100,0,0,0
4383,2,Urban,Snow,37,40,0,0,0
4384,2,Highway,Rain,48,100,1,1,1
4385,12,Highway,Clear,36,100,0,0,0
4386,7,Highway,Rain,46,100,0,0,0
4387,11,Rural,Clear,22,60,0,0,0
4388,6,Urban,Fog,26,40,0,0,0
4389,1,Rural,Clear,27,60,0,0,0
4390,16,Rural,Clear,29,60,0,0,0
4391,0,Urban,Rain,34,40,0,0,0
4392,5,Rural,Clear,42,60,0,0,0
4393,9,Urban,Snow,83,40,0,0,0
4394,16,Rural,Rain,32,60,0,0,0
4395,23,Highway,Clear,32,100,0,0,0
4396,16,Highway,Clear,38,100,0,0,0
4397,9,Rural,Rain,78,60,0,0,0
4398,11,Highway,Clear,32,100,0,0,0
4399,18,Rural,Clear,74,60,0,0,0
4400,21,Highway,Clear,38,100,0,0,0
4401,6,Rural,Clear,41,60,0,0,0
4402,11,Highway,Clear,43,100,0,0,0
4403,9,Highway,Clear,80,100,0,0,0
4404,17,Rural,Fog,64,60,0,0,0
4405,17,Rural,Clear,82,60,0,0,0
4406,9,Rural,Clear,87,60,0,0,0
4407,0,Highway,Rain,34,100,1,1,1
4408,16,Urban,Clear,39,40,0,0,0
4409,10,Urban,Clear,84,40,0,0,0
4410,18,Rural,Clear,85,60,0,0,0
4411,17,Highway,Rain,91,100,0,0,0
4412,13,Highway,Rain,42,100,0,0,0
4413,14,Urban,Rain,46,40,0,0,0
4414,22,Rural,Rain,44,60,0,0,0
4415,19,Urban,Clear,90,40,0,0,0
4416,10,Rural,Clear,84,60,0,0,0
4417,23,Rural,Fog,20,60,0,0,0
4418,4,Highway,Clear,41,100,0,0,0
4419,10,Highway,Rain,76,100,0,0,0
4420,13,Urban,Rain,40,40,0,0,0
4421,13,Rural,Clear,29,60,0,0,0
4422,4,Rural,Clear,40,60,0,0,0
4423,16,Rural,Clear,40,60,0,0,0
4424,4,Highway,Clear,41,100,0,1,1
4425,15,Urban,Clear,38,40,0,0,0
4426,13,Highway,Clear,38,100,0,0,0
4427,4,Highway,Clear,40,100,0,0,0
4428,3,Rural,Clear,27,60,0,0,0
4429,16,Urban,Clear,36,40,0,0,0
4430,16,Urban,Clear,20,40,0,0,0
4431,6,Rural,Clear,48,60,0,0,0
4432,17,Urban,Clear,72,40,0,0,0
4433,9,Highway,Clear,96,100,0,0,0
4434,22,Urban,Clear,44,40,0,0,0
4435,0,Highway,Clear,46,100,1,1,1
4436,22,Urban,Clear,42,40,0,0,0
4437,17,Highway,Clear,74,100,0,0,0
4438,10,Rural,Snow,84,60,0,0,0
4439,1,Urban,Clear,39,40,0,0,0
4440,0,Rural,Clear,30,60,0,0,0
4441,17,Rural,Rain,63,60,0,0,0
4442,14,Urban,Clear,41,40,0,0,0
4443,7,Urban,Clear,40,40,0,0,0
4444,4,Highway,Clear,54,100,0,0,0
4445,21,Urban,Fog,45,40,0,0,0
4446,3,Rural,Clear,25,60,0,0,0
4447,22,Rural,Clear,44,60,0,0,0
4448,3,Rural,Clear,37,60,0,0,0
4449,9,Highway,Rain,73,100,0,0,0
4450,12,Rural,Rain,23,60,0,0,0
4451,23,Urban,Rain,24,40,0,0,0
4452,13,Rural,Clear,27,60,0,0,0
4453,14,Urban,Clear,32,40,0,0,0
4454,0,Highway,Rain,49,100,1,1,1
4455,9,Urban,Clear,64,40,0,0,0
4456,6,Urban,Clear,36,40,0,0,0
4457,1,Rural,Clear,37,60,0,0,0
4458,20,Highway,Clear,52,100,0,0,0
4459,8,Urban,Clear,75,40,0,0,0
4460,22,Urban,Rain,37,40,0,0,0
4461,12,Urban,Rain,49,40,0,0,0
4462,10,Rural,Rain,79,60,0,0,0
4463,13,Highway,Clear,43,100,0,0,0
4464,6,Highway,Clear,37,100,0,0,0
4465,5,Rural,Clear,24,60,0,0,0
4466,0,Urban,Rain,47,40,0,0,0
4467,10,Rural,Clear,67,60,0,0,0
4468,0,Rural,Rain,31,60,0,0,0
4469,10,Rural,Clear,74,60,0,0,0
4470,13,Urban,Clear,45,40,0,0,0
4471,14,Highway,Clear,53,100,0,0,0
4472,10,Highway,Fog,76,100,0,0,0
4473,17,Rural,Clear,69,60,0,0,0
4474,3,Rural,Rain,43,60,0,0,0
4475,4,Highway,Clear,37,100,0,0,0
4476,23,Urban,Rain,37,40,0,0,0
4477,19,Urban,Rain,85,40,0,0,0
4478,19,Rural,Rain,62,60,0,0,0
4479,18,Urban,Fog,60,40,0,0,0
4480,16,Highway,Rain,55,100,0,0,0
4481,8,Rural,Clear,60,60,0,0,0
4482,3,Rural,Clear,43,60,0,0,0
4483,11,Urban,Rain,34,40,0,0,0
4484,18,Urban,Rain,85,40,0,0,0
4485,11,Urban,Snow,36,40,0,0,0
4486,19,Rural,Clear,77,60,0,0,0
4487,8,Urban,Clear,90,40,0,0,0
4488,10,Highway,Clear,96,100,0,0,0
4489,3,Rural,Clear,47,60,0,0,0
4490,7,Rural,Clear,50,60,0,0,0
4491,16,Urban,Clear,31,40,0,0,0
4492,21,Highway,Clear,37,100,0,0,0
4493,2,Highway,Clear,36,100,1,1,1
4494,15,Urban,Clear,25,40,0,0,0
4495,20,Rural,Fog,28,60,0,0,0
4496,14,Highway,Fog,37,100,1,1,1
4497,18,Urban,Clear,71,40,0,0,0
4498,15,Highway,Rain,49,100,0,0,0
4499,7,Urban,Clear,43,40,0,0,0
4500,22,Urban,Rain,24,40,0,0,0
4501,9,Urban,Clear,89,40,0,0,0
4502,3,Rural,Clear,35,60,0,0,0
4503,10,Highway,Clear,90,100,0,0,0
4504,1,Urban,Rain,37,40,0,0,0
4505,10,Urban,Clear,65,40,0,0,0
4506,8,Highway,Clear,88,100,0,0,0
4507,2,Rural,Snow,41,60,0,0,0
4508,16,Highway,Rain,51,100,0,0,0
4509,3,Urban,Clear,33,40,0,0,0
4510,0,Rural,Rain,50,60,0,0,0
4511,11,Urban,Rain,41,40,0,0,0
4512,6,Urban,Clear,33,40,0,0,0
4513,14,Rural,Clear,32,60,0,0,0
4514,10,Rural,Clear,63,60,0,0,0
4515,1,Rural,Clear,25,60,0,0,0
4516,19,Highway,Rain,90,100,1,1,1
4517,14,Highway,Clear,57,100,0,0,0
4518,2,Urban,Clear,21,40,0,0,0
4519,11,Urban,Rain,30,40,0,0,0
4520,22,Highway,Clear,35,100,0,0,0
4521,5,Urban,Clear,48,40,0,0,0
4522,7,Highway,Clear,44,100,0,0,0
4523,15,Rural,Snow,45,60,0,0,0
4524,3,Rural,Clear,43,60,0,0,0
4525,4,Urban,Clear,28,40,0,0,0
4526,21,Highway,Fog,43,100,0,0,0
4527,6,Rural,Clear,26,60,0,0,0
4528,7,Rural,Rain,40,60,0,0,0
4529,14,Rural,Clear,31,60,0,0,0
4530,14,Rural,Rain,32,60,0,0,0
4531,15,Rural,Fog,41,60,0,0,0
4532,2,Highway,Clear,42,100,1,1,1
4533,2,Urban,Clear,41,40,0,0,0
4534,20,Rural,Rain,26,60,0,0,0
4535,13,Highway,Rain,60,100,1,1,1
4536,21,Rural,Clear,21,60,0,0,0
4537,5,Highway,Fog,59,100,1,1,1
4538,2,Urban,Clear,39,40,0,0,0
4539,0,Highway,Fog,40,100,1,1,1
4540,3,Urban,Rain,29,40,0,0,0
4541,22,Urban,Rain,37,40,0,0,0
4542,8,Highway,Fog,88,100,0,0,0
4543,5,Rural,Fog,41,60,0,0,0
4544,18,Highway,Clear,70,100,0,0,0
4545,23,Rural,Rain,50,60,0,0,0
4546,20,Rural,Rain,29,60,0,0,0
4547,9,Urban,Fog,83,40,0,0,0
4548,14,Urban,Clear,40,40,0,0,0
4549,1,Highway,Snow,42,100,1,1,1
4550,2,Rural,Clear,26,60,0,0,0
4551,20,Highway,Clear,59,100,0,0,0
4552,9,Rural,Clear,62,60,0,0,0
4553,17,Urban,Clear,66,40,0,0,0
4554,1,Rural,Clear,29,60,0,0,0
4555,13,Highway,Clear,39,100,0,0,0
4556,22,Highway,Clear,46,100,0,0,0
4557,7,Rural,Snow,46,60,0,0,0
4558,21,Highway,Clear,51,100,0,0,0
4559,7,Highway,Clear,45,100,0,0,0
4560,20,Rural,Clear,26,60,0,0,0
4561,6,Rural,Clear,27,60,0,0,0
4562,1,Highway,Clear,30,100,0,0,0
4563,23,Urban,Clear,42,40,0,0,0
4564,3,Rural,Clear,29,60,0,0,0
4565,7,Rural,Rain,22,60,0,0,0
4566,9,Urban,Clear,90,40,0,0,0
4567,22,Rural,Clear,48,60,0,0,0
4568,1,Urban,Clear,35,40,0,0,0
4569,20,Highway,Clear,59,100,0,0,0
4570,13,Urban,Clear,41,40,0,0,0
4571,16,Urban,Clear,32,40,0,0,0
4572,1,Rural,Fog,23,60,0,0,0
4573,1,Highway,Rain,59,100,1,1,1
4574,18,Urban,Fog,87,40,0,0,0
4575,18,Urban,Rain,69,40,0,0,0
4576,23,Rural,Clear,41,60,0,0,0
4577,17,Highway,Clear,85,100,0,0,0
4578,20,Urban,Clear,50,40,0,0,0
4579,7,Urban,Clear,31,40,0,0,0
4580,15,Rural,Clear,47,60,0,0,0
4581,5,Urban,Rain,20,40,0,0,0
4582,6,Urban,Clear,42,40,0,0,0
4583,5,Rural,Rain,28,60,0,0,0
4584,12,Urban,Clear,25,40,0,0,0
4585,3,Highway,Fog,39,100,1,1,1
4586,11,Rural,Clear,46,60,0,0,0
4587,4,Rural,Clear,31,60,0,0,0
4588,12,Rural,Clear,22,60,0,0,0
4589,19,Urban,Clear,64,40,0,0,0
4590,5,Highway,Clear,53,100,0,0,0
4591,22,Urban,Fog,42,40,0,0,0
4592,20,Urban,Clear,42,40,0,0,0
4593,20,Rural,Clear,38,60,0,0,0
4594,18,Highway,Rain,91,100,1,1,1
4595,11,Highway,Clear,33,100,0,0,0
4596,3,Rural,Clear,36,60,0,0,0
4597,6,Highway,Snow,44,100,0,0,0
4598,11,Urban,Snow,50,40,0,0,0
4599,0,Urban,Clear,39,40,0,0,0
4600,11,Rural,Rain,37,60,0,0,0
4601,14,Rural,Clear,35,60,0,0,0
4602,16,Urban,Clear,49,40,0,0,0
4603,6,Highway,Rain,44,100,0,0,0
4604,11,Urban,Clear,34,40,0,0,0
4605,8,Rural,Snow,78,60,0,0,0
4606,11,Urban,Rain,48,40,0,0,0
4607,8,Highway,Clear,95,100,0,0,0
4608,21,Rural,Clear,28,60,0,0,0
4609,5,Urban,Clear,27,40,0,0,0
4610,14,Highway,Clear,47,100,0,0,0
4611,7,Highway,Rain,47,100,0,0,0
4612,20,Rural,Clear,20,60,0,0,0
4613,18,Urban,Clear,71,40,0,0,0
4614,17,Urban,Clear,69,40,0,0,0
4615,13,Rural,Fog,26,60,0,0,0
4616,1,Urban,Rain,26,40,0,0,0
4617,0,Urban,Clear,43,40,0,0,0
4618,9,Highway,Clear,85,100,0,0,0
4619,1,Urban,Clear,20,40,0,0,0
4620,1,Highway,Fog,50,100,1,1,1
4621,8,Rural,Clear,74,60,0,0,0
4622,11,Urban,Rain,29,40,0,0,0
4623,11,Highway,Clear,43,100,0,0,0
4624,0,Rural,Clear,43,60,0,0,0
4625,18,Urban,Clear,80,40,0,0,0
4626,17,Urban,Clear,80,40,0,0,0
4627,21,Urban,Clear,46,40,0,0,0
4628,4,Highway,Clear,51,100,0,0,0
4629,17,Urban,Clear,76,40,0,0,0
4630,14,Urban,Rain,21,40,0,0,0
4631,21,Highway,Clear,58,100,0,0,0
4632,11,Urban,Snow,26,40,0,0,0
4633,1,Urban,Fog,26,40,0,0,0
4634,12,Rural,Clear,42,60,0,0,0
4635,0,Urban,Rain,26,40,0,0,0
4636,2,Urban,Rain,21,40,0,0,0
4637,17,Urban,Rain,90,40,0,0,0
4638,0,Highway,Clear,44,100,1,1,1
4639,17,Highway,Clear,76,100,0,0,0
4640,18,Rural,Clear,61,60,0,0,0
4641,9,Urban,Fog,82,40,0,0,0
4642,22,Urban,Clear,39,40,0,0,0
4643,7,Highway,Fog,31,100,0,0,0
4644,11,Urban,Rain,47,40,0,0,0
4645,23,Rural,Clear,46,60,0,0,0
4646,6,Highway,Clear,49,100,0,0,0
4647,12,Highway,Clear,53,100,0,0,0
4648,23,Rural,Rain,50,60,0,0,0
4649,0,Urban,Clear,50,40,0,0,0
4650,18,Urban,Rain,64,40,0,0,0
4651,4,Urban,Snow,36,40,0,0,0
4652,13,Urban,Rain,50,40,0,0,0
4653,23,Rural,Clear,38,60,0,0,0
4654,18,Highway,Clear,90,100,0,0,0
4655,15,Urban,Clear,27,40,0,0,0
4656,12,Rural,Clear,36,60,0,0,0
4657,1,Urban,Clear,31,40,0,0,0
4658,17,Rural,Clear,62,60,0,0,0
4659,7,Urban,Clear,46,40,0,0,0
4660,19,Urban,Clear,62,40,0,0,0
4661,14,Rural,Rain,30,60,0,0,0
4662,6,Urban,Fog,28,40,0,0,0
4663,10,Rural,Clear,71,60,0,0,0
4664,3,Rural,Clear,23,60,0,0,0
4665,5,Urban,Clear,38,40,0,0,0
4666,17,Highway,Clear,74,100,0,0,0
4667,22,Highway,Clear,56,100,0,0,0
4668,0,Rural,Fog,48,60,0,0,0
4669,20,Rural,Clear,25,60,0,0,0
4670,17,Urban,Snow,87,40,0,0,0
4671,7,Urban,Rain,33,40,0,0,0
4672,18,Urban,Clear,60,40,0,0,0
4673,23,Highway,Clear,52,100,0,0,0
4674,8,Highway,Rain,71,100,0,0,0
4675,14,Highway,Rain,46,100,0,0,0
4676,0,Highway,Rain,51,100,1,1,1
4677,3,Rural,Rain,43,60,0,0,0
4678,23,Rural,Snow,30,60,0,0,0
4679,0,Highway,Clear,36,100,0,0,0
4680,22,Rural,Rain,48,60,0,0,0
4681,18,Rural,Clear,90,60,0,0,0
4682,6,Highway,Rain,36,100,0,0,0
4683,23,Highway,Rain,54,100,0,1,1
4684,22,Highway,Clear,33,100,0,0,0
4685,0,Urban,Fog,42,40,0,0,0
4686,18,Rural,Fog,72,60,0,0,0
4687,16,Highway,Clear,30,100,0,0,0
4688,17,Urban,Rain,67,40,0,0,0
4689,9,Urban,Rain,69,40,0,0,0
4690,7,Rural,Clear,38,60,0,0,0
4691,19,Rural,Rain,88,60,0,0,0
4692,2,Highway,Fog,44,100,1,1,1
4693,2,Highway,Clear,56,100,0,0,0
4694,19,Highway,Clear,81,100,0,0,0
4695,9,Highway,Clear,71,100,0,0,0
4696,2,Urban,Clear,39,40,0,0,0
4697,8,Urban,Clear,62,40,0,0,0
4698,10,Highway,Clear,85,100,0,0,0
4699,19,Highway,Clear,72,100,0,0,0
4700,12,Highway,Snow,48,100,0,0,0
4701,12,Rural,Snow,37,60,0,0,0
4702,5,Urban,Rain,37,40,0,0,0
4703,23,Urban,Clear,33,40,0,0,0
4704,1,Highway,Snow,31,100,1,1,1
4705,14,Highway,Clear,30,100,0,0,0
4706,22,Urban,Clear,41,40,0,0,0
4707,5,Rural,Rain,38,60,0,0,0
4708,3,Highway,Clear,54,100,1,1,1
4709,16,Urban,Rain,31,40,0,0,0
4710,19,Urban,Clear,62,40,0,0,0
4711,1,Rural,Fog,22,60,0,0,0
4712,5,Urban,Clear,23,40,0,0,0
4713,4,Rural,Clear,24,60,0,0,0
4714,6,Urban,Clear,27,40,0,0,0
4715,11,Urban,Clear,24,40,0,0,0
4716,10,Highway,Clear,94,100,0,0,0
4717,12,Highway,Clear,30,100,0,0,0
4718,3,Highway,Clear,36,100,0,0,0
4719,17,Highway,Fog,89,100,0,0,0
4720,10,Highway,Clear,86,100,0,0,0
4721,7,Highway,Clear,39,100,0,0,0
4722,5,Rural,Clear,23,60,0,0,0
4723,3,Highway,Rain,47,100,1,1,1
4724,7,Rural,Clear,49,60,0,0,0
4725,1,Highway,Clear,37,100,1,1,1
4726,20,Highway,Rain,60,100,0,0,0
4727,8,Rural,Rain,71,60,0,0,0
4728,6,Highway,Rain,53,100,1,1,1
4729,15,Urban,Clear,26,40,0,0,0
4730,20,Urban,Rain,26,40,0,0,0
4731,18,Highway,Clear,74,100,0,0,0
4732,14,Highway,Clear,33,100,0,0,0
4733,4,Highway,Clear,44,100,0,0,0
4734,9,Highway,Rain,74,100,0,0,0
4735,18,Urban,Clear,85,40,0,0,0
4736,6,Highway,Rain,56,100,0,0,0
4737,10,Highway,Rain,94,100,0,0,0
4738,13,Rural,Rain,31,60,0,0,0
4739,23,Rural,Rain,43,60,0,0,0
4740,11,Highway,Clear,60,100,0,0,0
4741,4,Urban,Fog,44,40,0,0,0
4742,4,Highway,Rain,50,100,0,1,1
4743,15,Urban,Clear,22,40,0,0,0
4744,4,Rural,Clear,48,60,0,0,0
4745,9,Highway,Rain,84,100,0,0,0
4746,10,Rural,Clear,72,60,0,0,0
4747,18,Rural,Clear,82,60,0,0,0
4748,14,Rural,Clear,48,60,0,0,0
4749,12,Highway,Rain,53,100,0,0,0
4750,6,Urban,Rain,25,40,0,0,0
4751,10,Rural,Clear,76,60,0,0,0
4752,2,Rural,Clear,42,60,0,0,0
4753,10,Highway,Clear,74,100,0,0,0
4754,23,Highway,Rain,44,100,1,1,1
4755,20,Urban,Rain,36,40,0,0,0
4756,10,Highway,Rain,82,100,0,0,0
4757,3,Urban,Clear,26,40,0,0,0
4758,22,Urban,Rain,44,40,0,0,0
4759,5,Highway,Clear,31,100,0,0,0
4760,10,Rural,Clear,87,60,0,0,0
4761,19,Urban,Clear,71,40,0,0,0
4762,0,Highway,Clear,35,100,0,0,0
4763,9,Highway,Clear,94,100,0,0,0
4764,14,Urban,Rain,27,40,0,0,0
4765,4,Urban,Clear,21,40,0,0,0
4766,0,Highway,Rain,54,100,1,1,1
4767,20,Rural,Fog,43,60,0,0,0
4768,2,Rural,Clear,22,60,0,0,0
4769,4,Urban,Clear,34,40,0,0,0
4770,9,Urban,Clear,63,40,0,0,0
4771,8,Highway,Clear,74,100,0,0,0
4772,6,Urban,Clear,47,40,0,0,0
4773,4,Urban,Clear,48,40,0,0,0
4774,14,Rural,Clear,42,60,0,0,0
4775,0,Urban,Fog,22,40,0,0,0
4776,15,Urban,Clear,24,40,0,0,0
4777,4,Highway,Rain,52,100,1,1,1
4778,16,Highway,Clear,52,100,0,0,0
4779,0,Urban,Fog,49,40,0,0,0
4780,4,Urban,Clear,25,40,0,0,0
4781,10,Urban,Clear,77,40,0,0,0
4782,9,Urban,Fog,85,40,0,0,0
4783,20,Rural,Clear,27,60,0,0,0
4784,1,Rural,Clear,29,60,0,0,0
4785,1,Highway,Rain,33,100,1,1,1
4786,11,Highway,Clear,43,100,0,0,0
4787,16,Urban,Clear,24,40,0,0,0
4788,8,Rural,Clear,64,60,0,0,0
4789,12,Urban,Rain,45,40,0,0,0
4790,8,Urban,Clear,69,40,0,0,0
4791,7,Highway,Clear,40,100,0,0,0
4792,15,Urban,Clear,43,40,0,0,0
4793,4,Urban,Clear,27,40,0,0,0
4794,21,Rural,Clear,26,60,0,0,0
4795,5,Urban,Rain,28,40,0,0,0
4796,8,Urban,Clear,72,40,0,0,0
4797,18,Highway,Clear,92,100,0,0,0
4798,7,Highway,Rain,60,100,1,1,1
4799,14,Urban,Rain,42,40,0,0,0
4800,13,Rural,Clear,39,60,0,0,0
4801,22,Urban,Clear,30,40,0,0,0
4802,5,Rural,Clear,38,60,0,0,0
4803,19,Highway,Rain,71,100,0,0,0
4804,3,Rural,Clear,28,60,0,0,0
4805,16,Urban,Rain,41,40,0,0,0
4806,3,Highway,Rain,54,100,0,1,1
4807,12,Rural,Fog,32,60,0,0,0
4808,11,Highway,Rain,41,100,0,0,0
4809,1,Urban,Clear,31,40,0,0,0
4810,21,Rural,Clear,31,60,0,0,0
4811,16,Highway,Rain,47,100,0,0,0
4812,16,Urban,Clear,47,40,0,0,0
4813,21,Rural,Rain,31,60,0,0,0
4814,7,Highway,Rain,58,100,0,0,0
4815,8,Urban,Rain,69,40,0,0,0
4816,20,Rural,Clear,23,60,0,0,0
4817,13,Urban,Clear,23,40,0,0,0
4818,13,Highway,Clear,33,100,0,0,0
4819,0,Rural,Clear,50,60,0,0,0
4820,20,Urban,Clear,25,40,0,0,0
4821,21,Rural,Clear,43,60,0,0,0
4822,17,Urban,Clear,67,40,0,0,0
4823,3,Urban,Clear,33,40,0,0,0
4824,7,Urban,Clear,30,40,0,0,0
4825,14,Highway,Fog,37,100,0,0,0
4826,5,Highway,Clear,51,100,0,0,0
4827,11,Highway,Rain,53,100,0,0,0
4828,21,Urban,Snow,41,40,0,0,0
4829,12,Urban,Clear,36,40,0,0,0
4830,15,Urban,Clear,45,40,0,0,0
4831,11,Highway,Clear,45,100,0,0,0
4832,7,Highway,Clear,41,100,0,0,0
4833,14,Rural,Rain,30,60,0,0,0
4834,21,Highway,Fog,58,100,0,0,0
4835,23,Highway,Clear,50,100,0,0,0
4836,22,Rural,Clear,31,60,0,0,0
4837,1,Urban,Clear,49,40,0,0,0
4838,5,Urban,Rain,29,40,0,0,0
4839,18,Urban,Clear,76,40,0,0,0
4840,18,Urban,Clear,81,40,0,0,0
4841,11,Urban,Clear,44,40,0,0,0
4842,21,Rural,Rain,28,60,0,0,0
4843,21,Rural,Rain,38,60,0,0,0
4844,20,Rural,Clear,20,60,0,0,0
4845,16,Urban,Clear,31,40,0,0,0
4846,17,Highway,Snow,72,100,0,0,0
4847,17,Urban,Clear,73,40,0,0,0
4848,2,Urban,Clear,43,40,0,0,0
4849,6,Urban,Rain,29,40,0,0,0
4850,8,Rural,Clear,84,60,0,0,0
4851,9,Highway,Clear,82,100,0,0,0
4852,22,Rural,Clear,33,60,0,0,0
4853,18,Highway,Clear,99,100,0,0,0
4854,9,Rural,Snow,87,60,0,0,0
4855,6,Urban,Rain,31,40,0,0,0
4856,2,Highway,Clear,32,100,1,1,1
4857,19,Highway,Clear,85,100,0,0,0
4858,17,Rural,Fog,74,60,0,0,0
4859,12,Highway,Clear,54,100,0,0,0
4860,0,Highway,Rain,42,100,0,1,1
4861,0,Highway,Clear,58,100,0,0,0
4862,19,Highway,Rain,78,100,0,0,0
4863,5,Urban,Clear,49,40,0,0,0
4864,21,Rural,Fog,41,60,0,0,0
4865,10,Rural,Rain,88,60,0,0,0
4866,23,Rural,Clear,38,60,0,0,0
4867,21,Highway,Clear,60,100,0,0,0
4868,12,Highway,Snow,30,100,0,0,0
4869,12,Rural,Rain,27,60,0,0,0
4870,2,Highway,Fog,49,100,1,1,1
4871,19,Highway,Clear,86,100,0,0,0
4872,7,Highway,Fog,30,100,0,0,0
4873,0,Rural,Rain,23,60,0,0,0
4874,7,Rural,Clear,31,60,0,0,0
4875,12,Highway,Clear,35,100,0,0,0
4876,6,Urban,Rain,24,40,0,0,0
4877,2,Highway,Clear,36,100,0,0,0
4878,18,Rural,Rain,81,60,0,0,0
4879,13,Rural,Clear,39,60,0,0,0
4880,16,Urban,Rain,32,40,0,0,0
4881,23,Highway,Clear,47,100,1,1,1
4882,1,Urban,Fog,50,40,0,0,0
4883,2,Urban,Clear,35,40,0,0,0
4884,10,Urban,Clear,72,40,0,0,0
4885,7,Rural,Clear,25,60,0,0,0
4886,11,Highway,Rain,40,100,0,0,0
4887,14,Urban,Clear,21,40,0,0,0
4888,9,Rural,Rain,73,60,0,0,0
4889,21,Rural,Clear,44,60,0,0,0
4890,9,Highway,Fog,81,100,0,0,0
4891,16,Rural,Rain,25,60,0,0,0
4892,21,Rural,Clear,49,60,0,0,0
4893,7,Rural,Clear,38,60,0,0,0
4894,3,Rural,Clear,27,60,0,0,0
4895,4,Highway,Rain,33,100,1,1,1
4896,2,Rural,Rain,50,60,0,0,0
4897,2,Urban,Clear,46,40,0,0,0
4898,19,Urban,Clear,78,40,0,0,0
4899,3,Rural,Rain,28,60,0,0,0
4900,23,Highway,Fog,53,100,0,1,1
4901,6,Highway,Clear,56,100,0,0,0
4902,15,Rural,Clear,49,60,0,0,0
4903,0,Rural,Clear,32,60,0,0,0
4904,3,Highway,Snow,51,100,1,1,1
4905,12,Urban,Clear,36,40,0,0,0
4906,5,Urban,Fog,20,40,0,0,0
4907,16,Urban,Clear,20,40,0,0,0
4908,12,Highway,Clear,31,100,0,0,0
4909,12,Urban,Clear,46,40,0,0,0
4910,23,Urban,Clear,29,40,0,0,0
4911,18,Highway,Clear,88,100,0,0,0
4912,3,Highway,Clear,39,100,0,0,0
4913,13,Highway,Fog,45,100,1,1,1
4914,20,Urban,Clear,49,40,0,0,0
4915,9,Urban,Rain,63,40,0,0,0
4916,4,Urban,Rain,39,40,0,0,0
4917,8,Urban,Rain,65,40,0,0,0
4918,13,Urban,Fog,50,40,0,0,0
4919,7,Rural,Clear,41,60,0,0,0
4920,9,Highway,Fog,94,100,0,0,0
4921,20,Highway,Clear,32,100,0,0,0
4922,4,Urban,Clear,26,40,0,0,0
4923,16,Highway,Rain,39,100,0,0,0
4924,16,Urban,Clear,40,40,0,0,0
4925,17,Rural,Rain,81,60,0,0,0
4926,13,Rural,Rain,48,60,0,0,0
4927,23,Rural,Clear,27,60,0,0,0
4928,12,Urban,Clear,31,40,0,0,0
4929,9,Rural,Clear,90,60,0,0,0
4930,21,Rural,Clear,26,60,0,0,0
4931,7,Rural,Clear,23,60,0,0,0
4932,12,Highway,Rain,52,100,0,0,0
4933,1,Highway,Clear,59,100,0,0,0
4934,14,Highway,Clear,43,100,0,0,0
4935,20,Urban,Clear,31,40,0,0,0
4936,7,Highway,Clear,45,100,0,0,0
4937,3,Highway,Fog,34,100,1,1,1
4938,12,Rural,Clear,28,60,0,0,0
4939,0,Rural,Clear,24,60,0,0,0
4940,18,Urban,Clear,66,40,0,0,0
4941,4,Rural,Fog,40,60,0,0,0
4942,11,Highway,Clear,51,100,0,0,0
4943,2,Highway,Rain,57,100,1,1,1
4944,6,Rural,Rain,38,60,0,0,0
4945,23,Rural,Clear,43,60,0,0,0
4946,7,Highway,Fog,37,100,0,0,0
4947,9,Urban,Clear,86,40,0,0,0
4948,4,Highway,Rain,39,100,1,1,1
4949,17,Rural,Clear,63,60,0,0,0
4950,4,Rural,Rain,39,60,0,0,0
4951,20,Highway,Clear,60,100,0,0,0
4952,2,Highway,Rain,48,100,1,1,1
4953,12,Rural,Clear,47,60,0,0,0
4954,9,Urban,Clear,87,40,0,0,0
4955,18,Rural,Clear,63,60,0,0,0
4956,18,Urban,Rain,72,40,0,0,0
4957,22,Highway,Clear,36,100,0,0,0
4958,15,Rural,Clear,26,60,0,0,0
4959,2,Rural,Rain,32,60,0,0,0
4960,7,Urban,Clear,29,40,0,0,0
4961,10,Highway,Clear,76,100,0,0,0
4962,20,Highway,Clear,47,100,0,0,0
4963,19,Urban,Clear,71,40,0,0,0
4964,10,Rural,Clear,62,60,0,0,0
4965,22,Urban,Rain,35,40,0,0,0
4966,23,Rural,Rain,40,60,0,0,0
4967,22,Highway,Fog,41,100,1,1,1
4968,20,Highway,Clear,54,100,0,0,0
4969,20,Highway,Rain,42,100,0,0,0
4970,12,Rural,Clear,45,60,0,0,0
4971,2,Urban,Clear,46,40,0,0,0
4972,6,Urban,Clear,28,40,0,0,0
4973,9,Rural,Clear,77,60,0,0,0
4974,4,Highway,Clear,49,100,0,0,0
4975,13,Highway,Clear,48,100,0,0,0
4976,0,Highway,Clear,56,100,0,0,0
4977,13,Highway,Clear,56,100,0,0,0
4978,6,Rural,Clear,48,60,0,0,0
4979,15,Urban,Clear,28,40,0,0,0
4980,9,Urban,Clear,83,40,0,0,0
4981,1,Highway,Clear,43,100,0,0,0
4982,15,Urban,Clear,48,40,0,0,0
4983,18,Urban,Clear,60,40,0,0,0
4984,9,Urban,Clear,64,40,0,0,0
4985,2,Highway,Clear,52,100,0,0,0
4986,2,Highway,Clear,56,100,1,1,1
4987,4,Rural,Fog,23,60,0,0,0
4988,17,Rural,Clear,86,60,0,0,0
4989,2,Urban,Snow,45,40,0,0,0
4990,21,Urban,Clear,33,40,0,0,0
4991,23,Rural,Clear,44,60,0,0,0
4992,8,Urban,Clear,78,40,0,0,0
4993,13,Highway,Clear,35,100,0,0,0
4994,19,Rural,Clear,62,60,0,0,0
4995,5,Urban,Clear,49,40,0,0,0
4996,14,Rural,Clear,45,60,0,0,0
4997,9,Rural,Clear,80,60,0,0,0
4998,22,Urban,Clear,47,40,0,0,0
4999,20,Highway,Snow,36,100,0,0,0
5000,22,Rural,Rain,37,60,0,0,0
5001,5,Rural,Fog,20,60,0,0,0
5002,7,Rural,Rain,27,60,0,0,0
5003,15,Highway,Rain,60,100,0,0,0
5004,5,Highway,Rain,57,100,0,0,0
5005,12,Highway,Clear,43,100,0,0,0
5006,17,Rural,Clear,90,60,0,0,0
5007,7,Urban,Snow,47,40,0,0,0
5008,18,Urban,Clear,75,40,0,0,0
5009,5,Rural,Snow,47,60,0,0,0
5010,10,Highway,Rain,85,100,0,0,0
5011,17,Urban,Clear,70,40,0,0,0
5012,20,Urban,Clear,39,40,0,0,0
5013,7,Urban,Clear,34,40,0,0,0
5014,14,Rural,Clear,39,60,0,0,0
5015,1,Urban,Clear,27,40,0,0,0
5016,1,Urban,Rain,23,40,0,0,0
5017,15,Urban,Clear,50,40,0,0,0
5018,4,Highway,Rain,55,100,0,0,0
5019,12,Highway,Clear,44,100,0,0,0
5020,1,Rural,Clear,30,60,0,0,0
5021,21,Highway,Fog,41,100,0,0,0
5022,8,Urban,Clear,69,40,0,0,0
5023,16,Highway,Clear,45,100,0,0,0
5024,8,Rural,Clear,90,60,0,0,0
5025,9,Rural,Snow,87,60,0,0,0
5026,18,Urban,Clear,64,40,0,0,0
5027,12,Rural,Rain,41,60,0,0,0
5028,22,Highway,Fog,54,100,1,1,1
5029,16,Rural,Clear,44,60,0,0,0
5030,23,Urban,Clear,45,40,0,0,0
5031,22,Highway,Clear,48,100,0,0,0
5032,4,Rural,Clear,36,60,0,0,0
5033,16,Highway,Clear,39,100,0,0,0
5034,11,Highway,Clear,40,100,0,0,0
5035,18,Rural,Rain,65,60,0,0,0
5036,13,Highway,Clear,41,100,0,0,0
5037,5,Highway,Clear,38,100,0,0,0
5038,16,Rural,Rain,25,60,0,0,0
5039,4,Highway,Clear,50,100,1,1,1
5040,20,Highway,Clear,59,100,0,0,0
5041,19,Highway,Rain,78,100,1,1,1
5042,4,Urban,Rain,47,40,0,0,0
5043,1,Urban,Clear,21,40,0,0,0
5044,4,Highway,Rain,51,100,1,1,1
5045,8,Highway,Clear,97,100,0,0,0
5046,12,Rural,Clear,23,60,0,0,0
5047,7,Urban,Clear,47,40,0,0,0
5048,17,Rural,Clear,66,60,0,0,0
5049,2,Highway,Clear,47,100,0,0,0
5050,15,Rural,Rain,37,60,0,0,0
5051,20,Highway,Clear,48,100,0,0,0
5052,0,Rural,Clear,35,60,0,0,0
5053,0,Rural,Rain,43,60,0,0,0
5054,4,Highway,Clear,33,100,0,0,0
5055,13,Urban,Fog,20,40,0,0,0
5056,8,Highway,Clear,79,100,0,0,0
5057,4,Rural,Clear,21,60,0,0,0
5058,14,Highway,Snow,40,100,0,0,0
5059,23,Highway,Fog,60,100,1,1,1
5060,16,Highway,Clear,42,100,0,0,0
5061,17,Highway,Clear,97,100,0,0,0
5062,9,Rural,Fog,69,60,0,0,0
5063,0,Urban,Clear,27,40,0,0,0
5064,4,Highway,Rain,31,100,1,1,1
5065,18,Urban,Clear,79,40,0,0,0
5066,13,Urban,Rain,27,40,0,0,0
5067,9,Urban,Rain,62,40,0,0,0
5068,21,Urban,Rain,42,40,0,0,0
5069,5,Rural,Clear,46,60,0,0,0
5070,1,Highway,Clear,46,100,0,1,1
5071,7,Rural,Rain,46,60,0,0,0
5072,19,Rural,Clear,82,60,0,0,0
5073,12,Urban,Rain,50,40,0,0,0
5074,14,Urban,Clear,34,40,0,0,0
5075,3,Urban,Snow,20,40,0,0,0
5076,8,Rural,Rain,79,60,0,0,0
5077,10,Rural,Clear,76,60,0,0,0
5078,12,Urban,Rain,38,40,0,0,0
5079,20,Urban,Rain,35,40,0,0,0
5080,18,Highway,Fog,96,100,0,0,0
5081,12,Rural,Clear,27,60,0,0,0
5082,0,Rural,Rain,44,60,0,0,0
5083,9,Highway,Clear,78,100,0,0,0
5084,3,Highway,Clear,55,100,0,1,1
5085,6,Rural,Rain,21,60,0,0,0
5086,17,Rural,Clear,62,60,0,0,0
5087,20,Urban,Fog,33,40,0,0,0
5088,14,Urban,Clear,29,40,0,0,0
5089,1,Urban,Clear,30,40,0,0,0
5090,3,Rural,Clear,35,60,0,0,0
5091,1,Urban,Clear,43,40,0,0,0
5092,21,Rural,Fog,24,60,0,0,0
5093,3,Highway,Clear,34,100,0,0,0
5094,9,Highway,Clear,76,100,0,0,0
5095,18,Rural,Rain,70,60,0,0,0
5096,7,Highway,Fog,53,100,0,0,0
5097,10,Rural,Clear,77,60,0,0,0
5098,13,Highway,Rain,46,100,0,0,0
5099,14,Urban,Clear,38,40,0,0,0
5100,22,Rural,Clear,43,60,0,0,0
5101,4,Highway,Clear,41,100,0,0,0
5102,23,Urban,Clear,23,40,0,0,0
5103,7,Urban,Clear,48,40,0,0,0
5104,23,Urban,Rain,31,40,0,0,0
5105,23,Highway,Rain,58,100,1,1,1
5106,5,Urban,Rain,29,40,0,0,0
5107,19,Highway,Clear,84,100,0,0,0
5108,17,Urban,Clear,75,40,0,0,0
5109,17,Urban,Clear,61,40,0,0,0
5110,15,Urban,Rain,29,40,0,0,0
5111,13,Highway,Clear,48,100,0,0,0
5112,17,Highway,Rain,87,100,1,1,1
5113,22,Rural,Clear,28,60,0,0,0
5114,15,Urban,Clear,43,40,0,0,0
5115,10,Rural,Rain,84,60,0,0,0
5116,18,Highway,Rain,74,100,0,0,0
5117,14,Urban,Clear,44,40,0,0,0
5118,19,Urban,Clear,90,40,0,0,0
5119,4,Rural,Clear,43,60,0,0,0
5120,21,Rural,Clear,33,60,0,0,0
5121,11,Urban,Clear,27,40,0,0,0
5122,8,Highway,Clear,96,100,0,0,0
5123,12,Highway,Clear,30,100,0,0,0
5124,13,Urban,Rain,40,40,0,0,0
5125,2,Rural,Fog,21,60,0,0,0
5126,21,Highway,Clear,40,100,0,0,0
5127,15,Highway,Rain,56,100,0,0,0
5128,14,Rural,Clear,40,60,0,0,0
5129,14,Urban,Rain,31,40,0,0,0
5130,14,Urban,Clear,36,40,0,0,0
5131,23,Urban,Rain,35,40,0,0,0
5132,22,Highway,Rain,50,100,1,1,1
5133,15,Urban,Clear,31,40,0,0,0
5134,20,Highway,Fog,44,100,0,0,0
5135,16,Rural,Clear,45,60,0,0,0
5136,7,Urban,Rain,48,40,0,0,0
5137,12,Highway,Snow,60,100,1,1,1
5138,18,Urban,Rain,73,40,0,0,0
5139,15,Rural,Rain,26,60,0,0,0
5140,1,Highway,Fog,41,100,1,1,1
5141,23,Highway,Fog,35,100,0,1,1
5142,10,Highway,Clear,92,100,0,0,0
5143,16,Urban,Clear,36,40,0,0,0
5144,8,Highway,Clear,88,100,0,0,0
5145,22,Urban,Clear,31,40,0,0,0
5146,17,Highway,Rain,94,100,0,0,0
5147,20,Urban,Clear,29,40,0,0,0
5148,21,Rural,Clear,36,60,0,0,0
5149,22,Urban,Clear,20,40,0,0,0
5150,20,Highway,Clear,45,100,0,0,0
5151,18,Rural,Fog,74,60,0,0,0
5152,12,Highway,Clear,38,100,0,0,0
5153,1,Highway,Clear,42,100,0,1,1
5154,11,Urban,Clear,42,40,0,0,0
5155,22,Highway,Fog,60,100,1,1,1
5156,22,Highway,Rain,51,100,1,1,1
5157,1,Rural,Clear,32,60,0,0,0
5158,1,Urban,Clear,41,40,0,0,0
5159,18,Urban,Clear,82,40,0,0,0
5160,3,Highway,Rain,57,100,1,1,1
5161,18,Urban,Clear,61,40,0,0,0
5162,14,Rural,Fog,24,60,0,0,0
5163,3,Rural,Rain,22,60,0,0,0
5164,21,Highway,Clear,52,100,0,0,0
5165,8,Rural,Clear,71,60,0,0,0
5166,17,Highway,Fog,82,100,0,0,0
5167,8,Highway,Rain,74,100,0,0,0
5168,6,Urban,Clear,23,40,0,0,0
5169,2,Highway,Clear,31,100,1,1,1
5170,0,Highway,Rain,53,100,1,1,1
5171,11,Highway,Clear,52,100,0,0,0
5172,16,Urban,Clear,42,40,0,0,0
5173,3,Highway,Clear,39,100,1,1,1
5174,15,Rural,Rain,27,60,0,0,0
5175,10,Highway,Clear,73,100,0,0,0
5176,14,Urban,Clear,38,40,0,0,0
5177,0,Highway,Rain,46,100,1,1,1
5178,15,Urban,Clear,45,40,0,0,0
5179,18,Rural,Clear,82,60,0,0,0
5180,19,Rural,Fog,77,60,0,0,0
5181,7,Rural,Rain,45,60,0,0,0
5182,1,Urban,Clear,39,40,0,0,0
5183,18,Highway,Fog,73,100,0,0,0
5184,14,Urban,Clear,26,40,0,0,0
5185,19,Highway,Fog,75,100,0,0,0
5186,0,Highway,Rain,55,100,1,1,1
5187,6,Highway,Clear,40,100,0,0,0
5188,7,Highway,Clear,46,100,0,0,0
5189,13,Highway,Clear,43,100,0,0,0
5190,2,Highway,Rain,56,100,1,1,1
5191,22,Rural,Clear,21,60,0,0,0
5192,2,Urban,Snow,30,40,0,0,0
5193,11,Highway,Clear,54,100,0,0,0
5194,23,Rural,Clear,21,60,0,0,0
5195,9,Rural,Snow,85,60,0,0,0
5196,0,Rural,Clear,49,60,0,0,0
5197,9,Highway,Rain,73,100,1,1,1
5198,12,Highway,Fog,55,100,0,0,0
5199,20,Highway,Fog,35,100,0,0,0
5200,9,Highway,Clear,93,100,0,0,0
5201,19,Highway,Clear,94,100,0,0,0
5202,7,Rural,Clear,39,60,0,0,0
5203,15,Highway,Clear,46,100,0,0,0
5204,10,Rural,Rain,62,60,0,0,0
5205,7,Urban,Clear,32,40,0,0,0
5206,21,Highway,Rain,55,100,0,0,0
5207,1,Urban,Clear,24,40,0,0,0
5208,5,Highway,Clear,51,100,0,0,0
5209,16,Urban,Clear,36,40,0,0,0
5210,14,Urban,Fog,42,40,0,0,0
5211,20,Urban,Clear,48,40,0,0,0
5212,14,Urban,Clear,32,40,0,0,0
5213,13,Rural,Clear,44,60,0,0,0
5214,11,Highway,Rain,51,100,0,0,0
5215,23,Highway,Rain,57,100,1,1,1
5216,2,Urban,Fog,39,40,0,0,0
5217,5,Highway,Rain,37,100,0,0,0
5218,22,Highway,Clear,33,100,1,1,1
5219,18,Rural,Clear,86,60,0,0,0
5220,9,Highway,Clear,91,100,0,0,0
5221,22,Highway,Clear,50,100,0,0,0
5222,18,Urban,Rain,68,40,0,0,0
5223,18,Highway,Rain,98,100,0,0,0
5224,9,Urban,Rain,60,40,0,0,0
5225,22,Urban,Rain,30,40,0,0,0
5226,0,Rural,Rain,29,60,0,0,0
5227,21,Rural,Snow,38,60,0,0,0
5228,12,Rural,Clear,35,60,0,0,0
5229,12,Urban,Clear,28,40,0,0,0
5230,18,Highway,Clear,94,100,0,0,0
5231,13,Rural,Fog,28,60,0,0,0
5232,18,Rural,Clear,80,60,0,0,0
5233,11,Highway,Clear,50,100,0,0,0
5234,11,Rural,Clear,32,60,0,0,0
5235,11,Highway,Rain,51,100,0,0,0
5236,15,Rural,Fog,35,60,0,0,0
5237,21,Urban,Clear,39,40,0,0,0
5238,16,Rural,Clear,46,60,0,0,0
5239,2,Rural,Rain,24,60,0,0,0
5240,18,Highway,Fog,78,100,0,0,0
5241,4,Urban,Clear,39,40,0,0,0
5242,22,Rural,Clear,44,60,0,0,0
5243,17,Urban,Clear,71,40,0,0,0
5244,13,Rural,Fog,27,60,0,0,0
5245,10,Highway,Rain,91,100,0,1,1
5246,11,Urban,Fog,44,40,0,0,0
5247,9,Highway,Clear,81,100,0,0,0
5248,17,Urban,Clear,86,40,0,0,0
5249,12,Highway,Fog,34,100,0,0,0
5250,10,Urban,Clear,90,40,0,0,0
5251,3,Urban,Rain,38,40,0,0,0
5252,6,Rural,Clear,35,60,0,0,0
5253,20,Rural,Rain,20,60,0,0,0
5254,4,Rural,Clear,40,60,0,0,0
5255,22,Highway,Clear,40,100,1,1,1
5256,1,Rural,Clear,26,60,0,0,0
5257,3,Highway,Clear,49,100,1,1,1
5258,23,Urban,Rain,42,40,0,0,0
5259,15,Rural,Clear,50,60,0,0,0
5260,6,Rural,Clear,46,60,0,0,0
5261,20,Highway,Fog,36,100,0,0,0
5262,8,Urban,Clear,64,40,0,0,0
5263,19,Urban,Fog,86,40,0,0,0
5264,12,Urban,Rain,32,40,0,0,0
5265,22,Rural,Clear,37,60,0,0,0
5266,14,Highway,Fog,30,100,0,1,1
5267,6,Highway,Clear,43,100,0,0,0
5268,20,Rural,Rain,36,60,0,0,0
5269,6,Rural,Clear,35,60,0,0,0
5270,1,Highway,Fog,41,100,1,1,1
5271,8,Rural,Clear,89,60,0,0,0
5272,19,Rural,Fog,62,60,0,0,0
5273,15,Rural,Clear,35,60,0,0,0
5274,16,Rural,Rain,36,60,0,0,0
5275,20,Rural,Clear,47,60,0,0,0
5276,14,Urban,Clear,32,40,0,0,0
5277,13,Rural,Snow,39,60,0,0,0
5278,12,Rural,Clear,25,60,0,0,0
5279,3,Highway,Clear,48,100,0,0,0
5280,5,Highway,Clear,42,100,0,0,0
5281,0,Rural,Rain,32,60,0,0,0
5282,6,Rural,Rain,41,60,0,0,0
5283,6,Rural,Clear,25,60,0,0,0
5284,16,Urban,Rain,25,40,0,0,0
5285,2,Rural,Rain,42,60,0,0,0
5286,11,Highway,Snow,49,100,0,0,0
5287,18,Urban,Clear,79,40,0,0,0
5288,9,Urban,Fog,84,40,0,0,0
5289,4,Urban,Rain,27,40,0,0,0
5290,2,Highway,Clear,33,100,1,1,1
5291,17,Rural,Clear,69,60,0,0,0
5292,20,Urban,Snow,24,40,0,0,0
5293,14,Highway,Clear,49,100,0,0,0
5294,20,Rural,Clear,29,60,0,0,0
5295,6,Urban,Clear,35,40,0,0,0
5296,9,Highway,Clear,76,100,0,0,0
5297,14,Highway,Clear,50,100,0,0,0
5298,2,Highway,Fog,54,100,1,1,1
5299,14,Urban,Clear,23,40,0,0,0
5300,9,Highway,Clear,75,100,0,0,0
5301,12,Rural,Clear,30,60,0,0,0
5302,23,Rural,Rain,44,60,0,0,0
5303,23,Rural,Snow,33,60,0,0,0
5304,9,Urban,Clear,60,40,0,0,0
5305,19,Rural,Snow,89,60,0,0,0
5306,17,Urban,Rain,63,40,0,0,0
5307,23,Rural,Fog,36,60,0,0,0
5308,10,Highway,Rain,96,100,0,0,0
5309,11,Highway,Clear,38,100,0,0,0
5310,13,Highway,Clear,58,100,0,0,0
5311,23,Rural,Clear,45,60,0,0,0
5312,23,Urban,Clear,32,40,0,0,0
5313,15,Rural,Clear,37,60,0,0,0
5314,5,Urban,Clear,40,40,0,0,0
5315,4,Rural,Fog,46,60,0,0,0
5316,0,Highway,Clear,54,100,0,0,0
5317,9,Highway,Snow,86,100,0,0,0
5318,17,Urban,Snow,69,40,0,0,0
5319,6,Urban,Clear,39,40,0,0,0
5320,22,Rural,Clear,41,60,0,0,0
5321,23,Rural,Clear,50,60,0,0,0
5322,8,Rural,Clear,74,60,0,0,0
5323,13,Highway,Clear,36,100,0,0,0
5324,1,Highway,Clear,30,100,1,1,1
5325,9,Rural,Fog,90,60,0,0,0
5326,7,Rural,Clear,39,60,0,0,0
5327,20,Rural,Clear,48,60,0,0,0
5328,2,Urban,Clear,21,40,0,0,0
5329,1,Rural,Rain,20,60,0,0,0
5330,10,Highway,Clear,70,100,0,0,0
5331,17,Highway,Clear,84,100,0,0,0
5332,10,Urban,Rain,69,40,0,0,0
5333,6,Urban,Clear,28,40,0,0,0
5334,5,Highway,Rain,50,100,0,0,0
5335,0,Rural,Clear,42,60,0,0,0
5336,3,Rural,Clear,26,60,0,0,0
5337,15,Urban,Clear,43,40,0,0,0
5338,9,Urban,Rain,69,40,0,0,0
5339,16,Urban,Rain,44,40,0,0,0
5340,19,Highway,Clear,89,100,0,0,0
5341,20,Highway,Rain,56,100,0,0,0
5342,20,Highway,Clear,46,100,0,0,0
5343,6,Rural,Fog,22,60,0,0,0
5344,7,Urban,Clear,21,40,0,0,0
5345,18,Rural,Rain,74,60,0,0,0
5346,7,Highway,Fog,39,100,1,1,1
5347,5,Rural,Clear,47,60,0,0,0
5348,9,Urban,Clear,62,40,0,0,0
5349,13,Urban,Fog,43,40,0,0,0
5350,9,Highway,Clear,77,100,0,0,0
5351,14,Rural,Clear,28,60,0,0,0
5352,0,Urban,Clear,20,40,0,0,0
5353,23,Highway,Rain,43,100,0,1,1
5354,1,Highway,Clear,38,100,1,1,1
5355,14,Highway,Snow,34,100,1,1,1
5356,22,Highway,Clear,35,100,0,0,0
5357,21,Highway,Clear,43,100,0,0,0
5358,3,Rural,Rain,39,60,0,0,0
5359,6,Rural,Snow,22,60,0,0,0
5360,18,Rural,Clear,87,60,0,0,0
5361,5,Urban,Rain,31,40,0,0,0
5362,23,Rural,Clear,29,60,0,0,0
5363,8,Urban,Rain,81,40,0,0,0
5364,1,Urban,Rain,43,40,0,0,0
5365,4,Highway,Clear,53,100,1,1,1
5366,20,Urban,Clear,42,40,0,0,0
5367,1,Rural,Clear,27,60,0,0,0
5368,4,Highway,Clear,53,100,1,1,1
5369,6,Rural,Fog,30,60,0,0,0
5370,18,Rural,Clear,73,60,0,0,0
5371,20,Urban,Clear,32,40,0,0,0
5372,19,Rural,Rain,87,60,0,0,0
5373,6,Highway,Clear,36,100,0,0,0
5374,18,Urban,Rain,72,40,0,0,0
5375,23,Rural,Rain,27,60,0,0,0
5376,10,Urban,Clear,81,40,0,0,0
5377,11,Rural,Clear,36,60,0,0,0
5378,17,Rural,Clear,63,60,0,0,0
5379,14,Highway,Rain,58,100,0,0,0
5380,19,Highway,Fog,93,100,0,0,0
5381,21,Highway,Snow,33,100,1,1,1
5382,11,Highway,Clear,40,100,0,0,0
5383,6,Rural,Clear,50,60,0,0,0
5384,21,Urban,Rain,44,40,0,0,0
5385,5,Urban,Fog,26,40,0,0,0
5386,23,Rural,Clear,26,60,0,0,0
5387,14,Urban,Clear,49,40,0,0,0
5388,19,Highway,Clear,82,100,0,0,0
5389,6,Highway,Clear,51,100,0,0,0
5390,21,Highway,Rain,41,100,0,0,0
5391,0,Rural,Snow,46,60,0,0,0
5392,7,Urban,Clear,47,40,0,0,0
5393,17,Highway,Rain,98,100,1,1,1
5394,19,Rural,Rain,64,60,0,0,0
5395,21,Highway,Snow,35,100,0,0,0
5396,4,Urban,Clear,25,40,0,0,0
5397,10,Rural,Rain,60,60,0,0,0
5398,22,Urban,Clear,33,40,0,0,0
5399,14,Highway,Clear,60,100,0,0,0
5400,4,Highway,Rain,55,100,0,1,1
5401,14,Highway,Clear,36,100,0,0,0
5402,5,Urban,Clear,21,40,0,0,0
5403,3,Urban,Clear,43,40,0,0,0
5404,5,Rural,Fog,48,60,0,0,0
5405,10,Rural,Clear,82,60,0,0,0
5406,22,Highway,Clear,41,100,0,0,0
5407,21,Rural,Rain,24,60,0,0,0
5408,20,Rural,Rain,31,60,0,0,0
5409,6,Urban,Clear,29,40,0,0,0
5410,22,Urban,Snow,25,40,0,0,0
5411,12,Rural,Clear,34,60,0,0,0
5412,1,Rural,Clear,29,60,0,0,0
5413,1,Highway,Clear,53,100,1,1,1
5414,7,Rural,Fog,42,60,0,0,0
5415,11,Rural,Rain,36,60,0,0,0
5416,6,Urban,Clear,20,40,0,0,0
5417,4,Highway,Clear,44,100,0,0,0
5418,1,Urban,Rain,43,40,0,0,0
5419,4,Rural,Clear,20,60,0,0,0
5420,3,Rural,Clear,47,60,0,0,0
5421,4,Urban,Fog,40,40,0,0,0
5422,3,Highway,Clear,45,100,0,0,0
5423,21,Highway,Clear,41,100,0,0,0
5424,13,Rural,Clear,24,60,0,0,0
5425,22,Highway,Clear,48,100,1,1,1
5426,20,Highway,Clear,59,100,0,0,0
5427,15,Rural,Clear,33,60,0,0,0
5428,0,Urban,Snow,45,40,0,0,0
5429,19,Rural,Fog,82,60,0,0,0
5430,8,Rural,Clear,62,60,0,0,0
5431,18,Rural,Rain,63,60,0,0,0
5432,17,Highway,Rain,97,100,1,1,1
5433,5,Rural,Clear,25,60,0,0,0
5434,23,Urban,Clear,21,40,0,0,0
5435,22,Highway,Rain,48,100,1,1,1
5436,11,Urban,Clear,30,40,0,0,0
5437,10,Urban,Clear,87,40,0,0,0
5438,7,Urban,Clear,40,40,0,0,0
5439,6,Highway,Rain,56,100,1,1,1
5440,6,Rural,Clear,49,60,0,0,0
5441,18,Urban,Clear,70,40,0,0,0
5442,14,Urban,Rain,46,40,0,0,0
5443,21,Highway,Fog,47,100,0,1,1
5444,5,Rural,Rain,36,60,0,0,0
5445,1,Rural,Clear,43,60,0,0,0
5446,23,Rural,Rain,30,60,0,0,0
5447,20,Urban,Clear,47,40,0,0,0
5448,4,Highway,Clear,46,100,1,1,1
5449,4,Highway,Clear,57,100,0,0,0
5450,15,Rural,Rain,46,60,0,0,0
5451,14,Highway,Clear,51,100,0,0,0
5452,23,Rural,Clear,43,60,0,0,0
5453,0,Urban,Rain,41,40,0,0,0
5454,17,Rural,Rain,90,60,0,0,0
5455,17,Rural,Rain,68,60,0,0,0
5456,3,Rural,Rain,41,60,0,0,0
5457,18,Highway,Rain,90,100,0,0,0
5458,15,Rural,Clear,22,60,0,0,0
5459,15,Highway,Rain,31,100,1,1,1
5460,15,Urban,Fog,20,40,0,0,0
5461,14,Urban,Rain,33,40,0,0,0
5462,13,Rural,Fog,26,60,0,0,0
5463,4,Rural,Clear,35,60,0,0,0
5464,20,Highway,Clear,31,100,0,0,0
5465,7,Highway,Clear,57,100,0,0,0
5466,22,Highway,Rain,52,100,1,1,1
5467,23,Urban,Clear,26,40,0,0,0
5468,23,Highway,Snow,31,100,1,1,1
5469,23,Rural,Rain,39,60,0,0,0
5470,18,Urban,Clear,77,40,0,0,0
5471,15,Rural,Rain,32,60,0,0,0
5472,22,Highway,Fog,34,100,1,1,1
5473,21,Rural,Clear,47,60,0,0,0
5474,0,Highway,Clear,59,100,0,1,1
5475,22,Highway,Clear,53,100,0,0,0
5476,7,Highway,Fog,52,100,0,0,0
5477,20,Urban,Clear,29,40,0,0,0
5478,21,Highway,Clear,31,100,0,0,0
5479,9,Urban,Snow,88,40,0,0,0
5480,8,Rural,Clear,63,60,0,0,0
5481,16,Highway,Clear,40,100,0,0,0
5482,14,Highway,Clear,45,100,0,0,0
5483,16,Highway,Clear,39,100,0,0,0
5484,2,Highway,Clear,35,100,1,1,1
5485,13,Rural,Clear,25,60,0,0,0
5486,3,Urban,Clear,29,40,0,0,0
5487,8,Rural,Rain,60,60,0,0,0
5488,0,Highway,Rain,39,100,1,1,1
5489,23,Highway,Snow,51,100,1,1,1
5490,4,Urban,Clear,48,40,0,0,0
5491,14,Urban,Clear,32,40,0,0,0
5492,7,Highway,Clear,39,100,0,0,0
5493,12,Highway,Fog,36,100,0,0,0
5494,7,Rural,Clear,39,60,0,0,0
5495,18,Rural,Clear,66,60,0,0,0
5496,16,Urban,Clear,38,40,0,0,0
5497,8,Urban,Clear,70,40,0,0,0
5498,9,Rural,Clear,70,60,0,0,0
5499,19,Urban,Clear,73,40,0,0,0
5500,9,Highway,Clear,89,100,0,0,0
5501,16,Highway,Fog,57,100,0,0,0
5502,3,Rural,Rain,28,60,0,0,0
5503,3,Urban,Rain,26,40,0,0,0
5504,15,Rural,Rain,48,60,0,0,0
5505,8,Highway,Clear,70,100,0,0,0
5506,11,Highway,Clear,36,100,0,0,0
5507,20,Rural,Fog,30,60,0,0,0
5508,9,Highway,Clear,89,100,0,0,0
5509,22,Urban,Clear,47,40,0,0,0
5510,10,Rural,Clear,65,60,0,0,0
5511,9,Highway,Clear,74,100,0,0,0
5512,22,Urban,Clear,45,40,0,0,0
5513,9,Rural,Clear,89,60,0,0,0
5514,13,Highway,Clear,40,100,0,0,0
5515,16,Rural,Clear,35,60,0,0,0
5516,5,Urban,Clear,39,40,0,0,0
5517,8,Urban,Rain,73,40,0,0,0
5518,4,Urban,Rain,25,40,0,0,0
5519,12,Urban,Clear,36,40,0,0,0
5520,12,Highway,Clear,53,100,0,0,0
5521,4,Rural,Clear,21,60,0,0,0
5522,7,Highway,Rain,36,100,1,1,1
5523,18,Highway,Clear,92,100,0,0,0
5524,13,Highway,Clear,44,100,0,0,0
5525,23,Highway,Fog,44,100,1,1,1
5526,18,Highway,Clear,77,100,0,0,0
5527,10,Rural,Fog,62,60,0,0,0
5528,7,Rural,Rain,39,60,0,0,0
5529,21,Highway,Clear,32,100,0,0,0
5530,23,Highway,Rain,51,100,1,1,1
5531,21,Rural,Rain,23,60,0,0,0
5532,8,Urban,Clear,88,40,0,0,0
5533,15,Rural,Clear,29,60,0,0,0
5534,13,Highway,Clear,39,100,0,0,0
5535,13,Urban,Clear,29,40,0,0,0
5536,14,Rural,Snow,27,60,0,0,0
5537,5,Highway,Clear,56,100,0,0,0
5538,16,Urban,Clear,36,40,0,0,0
5539,14,Rural,Clear,43,60,0,0,0
5540,19,Rural,Clear,79,60,0,0,0
5541,11,Rural,Rain,46,60,0,0,0
5542,12,Rural,Snow,38,60,0,0,0
5543,14,Rural,Clear,20,60,0,0,0
5544,14,Highway,Clear,59,100,0,0,0
5545,20,Urban,Snow,31,40,0,0,0
5546,16,Urban,Snow,42,40,0,0,0
5547,15,Rural,Rain,48,60,0,0,0
5548,19,Highway,Rain,88,100,0,0,0
5549,10,Rural,Clear,79,60,0,0,0
5550,7,Urban,Clear,34,40,0,0,0
5551,21,Highway,Clear,50,100,0,0,0
5552,5,Urban,Clear,25,40,0,0,0
5553,16,Urban,Clear,39,40,0,0,0
5554,22,Urban,Fog,34,40,0,0,0
5555,4,Rural,Rain,36,60,0,0,0
5556,10,Highway,Snow,94,100,1,1,1
5557,6,Rural,Snow,45,60,0,0,0
5558,8,Urban,Clear,65,40,0,0,0
5559,7,Rural,Clear,27,60,0,0,0
5560,14,Urban,Clear,31,40,0,0,0
5561,11,Highway,Rain,55,100,0,0,0
5562,5,Urban,Clear,28,40,0,0,0
5563,13,Urban,Clear,22,40,0,0,0
5564,21,Urban,Clear,45,40,0,0,0
5565,8,Highway,Snow,79,100,0,0,0
5566,9,Rural,Clear,74,60,0,0,0
5567,14,Highway,Snow,42,100,0,0,0
5568,16,Rural,Clear,49,60,0,0,0
5569,2,Urban,Snow,27,40,0,0,0
5570,7,Rural,Fog,22,60,0,0,0
5571,19,Rural,Rain,62,60,0,0,0
5572,6,Rural,Rain,42,60,0,0,0
5573,10,Highway,Clear,78,100,0,0,0
5574,19,Urban,Clear,82,40,0,0,0
5575,18,Rural,Rain,89,60,0,0,0
5576,3,Highway,Clear,42,100,1,1,1
5577,7,Rural,Rain,30,60,0,0,0
5578,14,Urban,Fog,28,40,0,0,0
5579,6,Rural,Snow,26,60,0,0,0
5580,18,Highway,Clear,97,100,0,0,0
5581,0,Urban,Clear,46,40,0,0,0
5582,23,Highway,Fog,49,100,1,1,1
5583,8,Highway,Fog,74,100,0,0,0
5584,6,Urban,Clear,35,40,0,0,0
5585,2,Urban,Fog,40,40,0,0,0
5586,1,Rural,Fog,29,60,0,0,0
5587,13,Highway,Clear,43,100,0,0,0
5588,7,Highway,Clear,39,100,0,0,0
5589,22,Highway,Clear,33,100,1,1,1
5590,0,Highway,Clear,43,100,0,0,0
5591,7,Urban,Clear,34,40,0,0,0
5592,1,Urban,Clear,22,40,0,0,0
5593,12,Urban,Snow,50,40,0,0,0
5594,22,Urban,Clear,44,40,0,0,0
5595,11,Highway,Clear,55,100,0,0,0
5596,22,Rural,Rain,33,60,0,0,0
5597,5,Urban,Fog,46,40,0,0,0
5598,21,Rural,Clear,21,60,0,0,0
5599,14,Highway,Rain,54,100,0,0,0
5600,22,Rural,Rain,39,60,0,0,0
5601,23,Rural,Clear,44,60,0,0,0
5602,0,Highway,Clear,48,100,0,0,0
5603,19,Highway,Clear,85,100,0,0,0
5604,1,Rural,Clear,50,60,0,0,0
5605,22,Urban,Clear,27,40,0,0,0
5606,23,Highway,Rain,48,100,1,1,1
5607,7,Rural,Clear,45,60,0,0,0
5608,14,Urban,Clear,45,40,0,0,0
5609,8,Urban,Clear,72,40,0,0,0
5610,14,Rural,Rain,43,60,0,0,0
5611,15,Urban,Clear,36,40,0,0,0
5612,1,Highway,Clear,39,100,0,0,0
5613,9,Rural,Rain,81,60,0,0,0
5614,7,Urban,Clear,44,40,0,0,0
5615,23,Urban,Clear,22,40,0,0,0
5616,20,Highway,Clear,33,100,0,0,0
5617,12,Highway,Clear,51,100,0,0,0
5618,11,Urban,Clear,20,40,0,0,0
5619,8,Highway,Rain,90,100,0,0,0
5620,22,Highway,Clear,53,100,0,0,0
5621,6,Highway,Clear,42,100,0,0,0
5622,15,Highway,Clear,60,100,0,0,0
5623,22,Urban,Clear,41,40,0,0,0
5624,3,Highway,Clear,49,100,1,1,1
5625,9,Highway,Clear,73,100,0,0,0
5626,14,Highway,Rain,50,100,0,1,1
5627,2,Urban,Snow,23,40,0,0,0
5628,23,Urban,Fog,44,40,0,0,0
5629,8,Urban,Rain,63,40,0,0,0
5630,19,Highway,Clear,97,100,0,0,0
5631,17,Urban,Clear,63,40,0,0,0
5632,1,Rural,Rain,32,60,0,0,0
5633,14,Highway,Clear,34,100,0,0,0
5634,10,Highway,Clear,85,100,0,0,0
5635,21,Highway,Clear,31,100,0,0,0
5636,18,Highway,Clear,81,100,0,0,0
5637,2,Rural,Clear,25,60,0,0,0
5638,11,Rural,Clear,40,60,0,0,0
5639,15,Highway,Rain,50,100,0,0,0
5640,2,Urban,Clear,30,40,0,0,0
5641,3,Urban,Clear,41,40,0,0,0
5642,7,Urban,Rain,45,40,0,0,0
5643,13,Rural,Fog,43,60,0,0,0
5644,22,Urban,Rain,24,40,0,0,0
5645,15,Highway,Clear,44,100,0,0,0
5646,9,Highway,Clear,100,100,0,0,0
5647,2,Highway,Fog,44,100,1,1,1
5648,4,Highway,Snow,47,100,1,1,1
5649,15,Highway,Clear,32,100,0,0,0
5650,14,Rural,Clear,20,60,0,0,0
5651,23,Rural,Clear,30,60,0,0,0
5652,17,Rural,Clear,61,60,0,0,0
5653,11,Highway,Rain,31,100,1,1,1
5654,7,Highway,Clear,51,100,0,0,0
5655,10,Highway,Rain,100,100,0,0,0
5656,13,Rural,Clear,43,60,0,0,0
5657,16,Urban,Fog,30,40,0,0,0
5658,5,Highway,Clear,31,100,0,0,0
5659,15,Rural,Clear,37,60,0,0,0
5660,10,Urban,Clear,90,40,0,0,0
5661,3,Rural,Rain,23,60,0,0,0
5662,9,Highway,Clear,97,100,0,0,0
5663,1,Highway,Rain,51,100,1,1,1
5664,4,Rural,Clear,36,60,0,0,0
5665,17,Highway,Clear,79,100,0,0,0
5666,18,Urban,Clear,85,40,0,0,0
5667,6,Urban,Clear,31,40,0,0,0
5668,21,Highway,Rain,49,100,0,0,0
5669,10,Urban,Snow,62,40,0,0,0
5670,22,Highway,Snow,30,100,1,1,1
5671,13,Urban,Clear,33,40,0,0,0
5672,15,Rural,Clear,21,60,0,0,0
5673,16,Urban,Clear,24,40,0,0,0
5674,20,Urban,Rain,24,40,0,0,0
5675,9,Urban,Fog,89,40,0,0,0
5676,6,Highway,Clear,35,100,0,0,0
5677,0,Urban,Clear,42,40,0,0,0
5678,12,Highway,Clear,51,100,0,0,0
5679,16,Highway,Clear,37,100,0,0,0
5680,17,Rural,Rain,69,60,0,0,0
5681,18,Rural,Rain,68,60,0,0,0
5682,4,Rural,Clear,50,60,0,0,0
5683,6,Urban,Rain,26,40,0,0,0
5684,2,Urban,Rain,23,40,0,0,0
5685,0,Highway,Rain,42,100,1,1,1
5686,3,Rural,Fog,38,60,0,0,0
5687,5,Highway,Clear,48,100,0,0,0
5688,1,Rural,Snow,33,60,0,0,0
5689,9,Urban,Rain,80,40,0,0,0
5690,2,Highway,Clear,33,100,1,1,1
5691,10,Urban,Clear,84,40,0,0,0
5692,1,Rural,Clear,20,60,0,0,0
5693,20,Highway,Snow,48,100,0,0,0
5694,0,Highway,Clear,51,100,0,0,0
5695,19,Highway,Clear,94,100,0,0,0
5696,9,Rural,Clear,90,60,0,0,0
5697,7,Highway,Clear,51,100,0,0,0
5698,23,Rural,Clear,48,60,0,0,0
5699,5,Highway,Fog,54,100,0,0,0
5700,5,Highway,Fog,45,100,0,0,0
5701,1,Rural,Clear,23,60,0,0,0
5702,2,Urban,Snow,39,40,0,0,0
5703,21,Urban,Clear,20,40,0,0,0
5704,1,Highway,Rain,34,100,1,1,1
5705,7,Urban,Rain,22,40,0,0,0
5706,7,Rural,Clear,41,60,0,0,0
5707,2,Highway,Rain,54,100,1,1,1
5708,1,Urban,Rain,31,40,0,0,0
5709,0,Highway,Clear,38,100,0,0,0
5710,15,Urban,Clear,36,40,0,0,0
5711,5,Highway,Rain,47,100,1,1,1
5712,23,Highway,Clear,46,100,0,0,0
5713,2,Rural,Clear,33,60,0,0,0
5714,2,Highway,Rain,46,100,0,1,1
5715,4,Highway,Snow,32,100,1,1,1
5716,10,Urban,Rain,88,40,0,0,0
5717,23,Urban,Clear,33,40,0,0,0
5718,22,Rural,Clear,27,60,0,0,0
5719,11,Rural,Clear,20,60,0,0,0
5720,3,Highway,Clear,54,100,1,1,1
5721,2,Urban,Clear,44,40,0,0,0
5722,10,Rural,Rain,85,60,0,0,0
5723,4,Urban,Fog,20,40,0,0,0
5724,13,Rural,Rain,49,60,0,0,0
5725,1,Rural,Clear,22,60,0,0,0
5726,20,Urban,Rain,25,40,0,0,0
5727,16,Highway,Clear,40,100,0,0,0
5728,5,Urban,Clear,45,40,0,0,0
5729,19,Highway,Rain,84,100,0,0,0
5730,19,Highway,Clear,82,100,0,0,0
5731,16,Rural,Rain,46,60,0,0,0
5732,20,Highway,Rain,51,100,0,0,0
5733,18,Urban,Clear,67,40,0,0,0
5734,3,Highway,Snow,35,100,1,1,1
5735,12,Rural,Clear,22,60,0,0,0
5736,4,Rural,Clear,30,60,0,0,0
5737,9,Rural,Clear,87,60,0,0,0
5738,0,Urban,Clear,36,40,0,0,0
5739,21,Highway,Clear,45,100,0,0,0
5740,0,Urban,Clear,48,40,0,0,0
5741,14,Rural,Rain,24,60,0,0,0
5742,19,Rural,Clear,65,60,0,0,0
5743,12,Urban,Clear,32,40,0,0,0
5744,14,Urban,Clear,28,40,0,0,0
5745,4,Highway,Rain,39,100,1,1,1
5746,2,Highway,Clear,52,100,0,0,0
5747,7,Highway,Clear,43,100,0,0,0
5748,21,Rural,Clear,45,60,0,0,0
5749,13,Rural,Clear,33,60,0,0,0
5750,2,Urban,Snow,35,40,0,0,0
5751,20,Urban,Rain,36,40,0,0,0
5752,14,Urban,Clear,26,40,0,0,0
5753,15,Rural,Rain,29,60,0,0,0
5754,7,Rural,Clear,50,60,0,0,0
5755,8,Highway,Clear,71,100,0,0,0
5756,16,Highway,Clear,42,100,0,0,0
5757,23,Highway,Clear,34,100,1,1,1
5758,7,Urban,Clear,25,40,0,0,0
5759,11,Highway,Rain,51,100,0,0,0
5760,0,Urban,Rain,48,40,0,0,0
5761,4,Highway,Clear,34,100,0,0,0
5762,12,Urban,Clear,20,40,0,0,0
5763,6,Rural,Clear,46,60,0,0,0
5764,15,Rural,Clear,49,60,0,0,0
5765,2,Rural,Rain,34,60,0,0,0
5766,7,Urban,Rain,21,40,0,0,0
5767,20,Rural,Fog,23,60,0,0,0
5768,6,Highway,Clear,54,100,0,0,0
5769,18,Rural,Rain,73,60,0,0,0
5770,19,Urban,Clear,68,40,0,0,0
5771,11,Urban,Clear,34,40,0,0,0
5772,4,Highway,Clear,39,100,0,0,0
5773,0,Urban,Fog,30,40,0,0,0
5774,17,Highway,Clear,87,100,0,0,0
5775,16,Highway,Clear,58,100,0,0,0
5776,0,Rural,Clear,47,60,0,0,0
5777,17,Urban,Clear,75,40,0,0,0
5778,13,Highway,Clear,32,100,0,0,0
5779,20,Highway,Rain,33,100,0,0,0
5780,14,Urban,Clear,49,40,0,0,0
5781,2,Urban,Rain,26,40,0,0,0
5782,20,Highway,Rain,37,100,0,0,0
5783,19,Urban,Fog,72,40,0,0,0
5784,11,Urban,Clear,49,40,0,0,0
5785,19,Highway,Rain,87,100,0,0,0
5786,19,Rural,Rain,75,60,0,0,0
5787,8,Urban,Fog,84,40,0,0,0
5788,10,Urban,Snow,88,40,0,0,0
5789,9,Rural,Rain,62,60,0,0,0
5790,20,Highway,Rain,44,100,1,1,1
5791,16,Rural,Clear,24,60,0,0,0
5792,13,Highway,Clear,52,100,0,0,0
5793,3,Rural,Fog,33,60,0,0,0
5794,17,Rural,Clear,63,60,0,0,0
5795,13,Rural,Fog,28,60,0,0,0
5796,4,Urban,Clear,41,40,0,0,0
5797,14,Highway,Clear,52,100,0,0,0
5798,18,Rural,Clear,90,60,0,0,0
5799,6,Rural,Clear,24,60,0,0,0
5800,4,Urban,Clear,35,40,0,0,0
5801,16,Rural,Clear,21,60,0,0,0
5802,2,Urban,Clear,23,40,0,0,0
5803,6,Urban,Clear,42,40,0,0,0
5804,20,Rural,Clear,20,60,0,0,0
5805,9,Urban,Snow,85,40,0,0,0
5806,19,Rural,Clear,81,60,0,0,0
5807,0,Highway,Fog,31,100,1,1,1
5808,13,Urban,Clear,48,40,0,0,0
5809,19,Urban,Fog,77,40,0,0,0
5810,4,Urban,Clear,36,40,0,0,0
5811,18,Highway,Clear,71,100,0,0,0
5812,2,Highway,Clear,45,100,0,0,0
5813,14,Urban,Clear,48,40,0,0,0
5814,14,Rural,Clear,20,60,0,0,0
5815,17,Highway,Clear,72,100,0,0,0
5816,6,Rural,Clear,48,60,0,0,0
5817,22,Highway,Fog,41,100,1,1,1
5818,15,Urban,Clear,41,40,0,0,0
5819,23,Rural,Fog,35,60,0,0,0
5820,10,Rural,Clear,67,60,0,0,0
5821,21,Rural,Clear,49,60,0,0,0
5822,12,Highway,Fog,30,100,0,0,0
5823,12,Urban,Clear,33,40,0,0,0
5824,6,Highway,Clear,33,100,0,0,0
5825,14,Highway,Rain,43,100,0,0,0
5826,3,Rural,Rain,44,60,0,0,0
5827,11,Highway,Clear,50,100,0,0,0
5828,11,Urban,Rain,45,40,0,0,0
5829,7,Rural,Clear,47,60,0,0,0
5830,10,Highway,Clear,76,100,0,0,0
5831,8,Rural,Rain,73,60,0,0,0
5832,1,Rural,Clear,31,60,0,0,0
5833,11,Rural,Clear,28,60,0,0,0
5834,23,Highway,Rain,56,100,1,1,1
5835,19,Highway,Clear,90,100,0,0,0
5836,11,Rural,Clear,37,60,0,0,0
5837,13,Rural,Rain,33,60,0,0,0
5838,7,Highway,Snow,59,100,0,0,0
5839,18,Urban,Clear,66,40,0,0,0
5840,6,Highway,Rain,40,100,0,0,0
5841,0,Rural,Rain,22,60,0,0,0
5842,22,Highway,Clear,36,100,0,0,0
5843,11,Rural,Fog,21,60,0,0,0
5844,22,Urban,Clear,47,40,0,0,0
5845,8,Urban,Clear,80,40,0,0,0
5846,8,Urban,Rain,65,40,0,0,0
5847,1,Rural,Rain,35,60,0,0,0
5848,9,Highway,Clear,96,100,0,0,0
5849,18,Urban,Clear,64,40,0,0,0
5850,16,Highway,Rain,47,100,0,0,0
5851,13,Rural,Rain,35,60,0,0,0
5852,15,Highway,Rain,56,100,0,1,1
5853,3,Highway,Snow,47,100,1,1,1
5854,0,Rural,Fog,45,60,0,0,0
5855,11,Rural,Rain,25,60,0,0,0
5856,12,Urban,Clear,28,40,0,0,0
5857,0,Urban,Snow,37,40,0,0,0
5858,15,Rural,Snow,41,60,0,0,0
5859,16,Urban,Rain,31,40,0,0,0
5860,12,Highway,Clear,44,100,0,0,0
5861,22,Rural,Rain,31,60,0,0,0
5862,23,Urban,Snow,26,40,0,0,0
5863,4,Urban,Clear,35,40,0,0,0
5864,4,Highway,Rain,39,100,1,1,1
5865,12,Highway,Rain,54,100,0,0,0
5866,3,Urban,Rain,20,40,0,0,0
5867,1,Rural,Clear,42,60,0,0,0
5868,19,Highway,Clear,75,100,0,0,0
5869,14,Urban,Clear,30,40,0,0,0
5870,14,Urban,Rain,47,40,0,0,0
5871,11,Highway,Clear,40,100,0,0,0
5872,11,Highway,Rain,33,100,1,1,1
5873,18,Urban,Clear,62,40,0,0,0
5874,20,Rural,Clear,30,60,0,0,0
5875,12,Rural,Snow,42,60,0,0,0
5876,21,Urban,Fog,28,40,0,0,0
5877,5,Rural,Fog,27,60,0,0,0
5878,0,Rural,Clear,46,60,0,0,0
5879,5,Highway,Clear,42,100,0,0,0
5880,10,Rural,Clear,90,60,0,0,0
5881,8,Urban,Clear,67,40,0,0,0
5882,22,Highway,Clear,41,100,0,0,0
5883,14,Highway,Clear,41,100,0,0,0
5884,11,Rural,Rain,26,60,0,0,0
5885,9,Highway,Clear,97,100,0,0,0
5886,0,Highway,Clear,60,100,0,0,0
5887,8,Urban,Clear,78,40,0,0,0
5888,18,Urban,Rain,79,40,0,0,0
5889,20,Urban,Clear,40,40,0,0,0
5890,21,Highway,Rain,46,100,0,0,0
5891,5,Highway,Clear,47,100,0,0,0
5892,23,Highway,Clear,43,100,1,1,1
5893,11,Highway,Clear,38,100,0,0,0
5894,1,Highway,Snow,42,100,0,1,1
5895,7,Rural,Clear,39,60,0,0,0
5896,13,Rural,Rain,28,60,0,0,0
5897,10,Urban,Clear,62,40,0,0,0
5898,14,Rural,Fog,35,60,0,0,0
5899,17,Urban,Rain,66,40,0,0,0
5900,1,Highway,Rain,46,100,1,1,1
5901,8,Urban,Rain,85,40,0,0,0
5902,16,Highway,Clear,60,100,0,0,0
5903,10,Rural,Rain,73,60,0,0,0
5904,7,Rural,Clear,24,60,0,0,0
5905,10,Highway,Clear,75,100,0,0,0
5906,6,Highway,Clear,54,100,0,0,0
5907,9,Highway,Clear,80,100,0,0,0
5908,23,Urban,Clear,26,40,0,0,0
5909,7,Urban,Clear,44,40,0,0,0
5910,4,Highway,Rain,36,100,1,1,1
5911,22,Highway,Rain,59,100,1,1,1
5912,18,Urban,Clear,65,40,0,0,0
5913,4,Highway,Clear,38,100,0,0,0
5914,4,Urban,Clear,36,40,0,0,0
5915,2,Rural,Rain,21,60,0,0,0
5916,13,Highway,Clear,30,100,0,0,0
5917,1,Urban,Rain,39,40,0,0,0
5918,10,Urban,Clear,87,40,0,0,0
5919,21,Urban,Fog,43,40,0,0,0
5920,13,Rural,Clear,35,60,0,0,0
5921,10,Highway,Clear,77,100,0,0,0
5922,11,Rural,Clear,38,60,0,0,0
5923,7,Urban,Rain,21,40,0,0,0
5924,22,Highway,Clear,48,100,0,0,0
5925,5,Rural,Rain,29,60,0,0,0
5926,16,Highway,Clear,33,100,0,0,0
5927,1,Urban,Clear,47,40,0,0,0
5928,22,Rural,Clear,36,60,0,0,0
5929,11,Urban,Clear,34,40,0,0,0
5930,12,Urban,Clear,45,40,0,0,0
5931,6,Rural,Rain,47,60,0,0,0
5932,18,Rural,Clear,77,60,0,0,0
5933,4,Highway,Clear,52,100,0,0,0
5934,3,Rural,Rain,43,60,0,0,0
5935,12,Urban,Clear,26,40,0,0,0
5936,2,Highway,Rain,45,100,1,1,1
5937,11,Urban,Clear,43,40,0,0,0
5938,19,Urban,Clear,79,40,0,0,0
5939,6,Rural,Rain,35,60,0,0,0
5940,5,Highway,Clear,45,100,0,0,0
5941,21,Rural,Rain,38,60,0,0,0
5942,20,Highway,Rain,59,100,1,1,1
5943,22,Rural,Fog,46,60,0,0,0
5944,15,Rural,Clear,30,60,0,0,0
5945,2,Highway,Clear,30,100,0,0,0
5946,4,Rural,Clear,50,60,0,0,0
5947,10,Highway,Rain,71,100,0,0,0
5948,17,Highway,Clear,83,100,0,0,0
5949,6,Highway,Fog,46,100,1,1,1
5950,17,Rural,Rain,80,60,0,0,0
5951,5,Highway,Snow,56,100,0,0,0
5952,11,Urban,Clear,35,40,0,0,0
5953,0,Rural,Clear,32,60,0,0,0
5954,3,Rural,Clear,43,60,0,0,0
5955,1,Highway,Rain,30,100,1,1,1
5956,17,Rural,Clear,89,60,0,0,0
5957,0,Highway,Fog,49,100,1,1,1
5958,19,Urban,Rain,90,40,0,0,0
5959,2,Urban,Clear,32,40,0,0,0
5960,5,Rural,Clear,36,60,0,0,0
5961,22,Highway,Clear,51,100,1,1,1
5962,7,Rural,Clear,46,60,0,0,0
5963,6,Highway,Clear,47,100,0,0,0
5964,17,Urban,Clear,77,40,0,0,0
5965,19,Highway,Rain,93,100,1,1,1
5966,14,Rural,Clear,20,60,0,0,0
5967,7,Highway,Clear,56,100,0,0,0
5968,20,Highway,Clear,30,100,0,0,0
5969,12,Rural,Snow,20,60,0,0,0
5970,6,Urban,Clear,38,40,0,0,0
5971,23,Urban,Rain,31,40,0,0,0
5972,9,Urban,Fog,65,40,0,0,0
5973,9,Rural,Fog,76,60,0,0,0
5974,0,Urban,Clear,33,40,0,0,0
5975,22,Urban,Rain,40,40,0,0,0
5976,1,Highway,Clear,41,100,0,0,0
5977,9,Highway,Fog,77,100,0,0,0
5978,14,Rural,Rain,31,60,0,0,0
5979,5,Urban,Clear,47,40,0,0,0
5980,4,Urban,Clear,38,40,0,0,0
5981,6,Urban,Clear,20,40,0,0,0
5982,3,Urban,Clear,25,40,0,0,0
5983,23,Highway,Clear,39,100,0,0,0
5984,14,Urban,Rain,28,40,0,0,0
5985,6,Urban,Clear,28,40,0,0,0
5986,12,Urban,Clear,37,40,0,0,0
5987,5,Highway,Clear,41,100,0,0,0
5988,4,Urban,Rain,33,40,0,0,0
5989,10,Rural,Clear,89,60,0,0,0
5990,2,Rural,Rain,28,60,0,0,0
5991,1,Rural,Clear,28,60,0,0,0
5992,15,Highway,Fog,43,100,0,0,0
5993,22,Urban,Clear,42,40,0,0,0
5994,2,Rural,Clear,47,60,0,0,0
5995,0,Highway,Clear,60,100,1,1,1
5996,8,Urban,Rain,88,40,0,0,0
5997,4,Highway,Fog,41,100,1,1,1
5998,5,Rural,Clear,44,60,0,0,0
5999,8,Highway,Clear,87,100,0,0,0
6000,13,Highway,Clear,58,100,0,0,0
6001,7,Rural,Clear,36,60,0,0,0
6002,0,Urban,Clear,20,40,0,0,0
6003,2,Urban,Clear,42,40,0,0,0
6004,15,Rural,Fog,45,60,0,0,0
6005,4,Rural,Rain,40,60,0,0,0
6006,5,Highway,Snow,54,100,1,1,1
6007,14,Urban,Clear,26,40,0,0,0
6008,0,Highway,Clear,46,100,1,1,1
6009,13,Urban,Clear,29,40,0,0,0
6010,0,Highway,Rain,56,100,1,1,1
6011,16,Urban,Clear,49,40,0,0,0
6012,20,Urban,Clear,36,40,0,0,0
6013,1,Highway,Rain,55,100,1,1,1
6014,7,Urban,Fog,50,40,0,0,0
6015,20,Rural,Clear,31,60,0,0,0
6016,6,Highway,Clear,44,100,0,0,0
6017,11,Highway,Clear,55,100,0,0,0
6018,4,Urban,Clear,39,40,0,0,0
6019,14,Rural,Clear,40,60,0,0,0
6020,4,Highway,Fog,47,100,1,1,1
6021,21,Highway,Clear,38,100,0,0,0
6022,5,Urban,Clear,40,40,0,0,0
6023,20,Urban,Clear,47,40,0,0,0
6024,9,Highway,Clear,88,100,0,0,0
6025,7,Urban,Clear,25,40,0,0,0
6026,14,Urban,Clear,42,40,0,0,0
6027,12,Rural,Rain,31,60,0,0,0
6028,22,Rural,Rain,29,60,0,0,0
6029,5,Urban,Fog,21,40,0,0,0
6030,9,Urban,Clear,61,40,0,0,0
6031,5,Highway,Clear,52,100,0,0,0
6032,15,Rural,Rain,29,60,0,0,0
6033,2,Urban,Clear,43,40,0,0,0
6034,14,Rural,Clear,47,60,0,0,0
6035,13,Urban,Clear,33,40,0,0,0
6036,21,Highway,Clear,48,100,0,0,0
6037,0,Urban,Clear,47,40,0,0,0
6038,10,Highway,Clear,97,100,0,0,0
6039,23,Highway,Fog,58,100,1,1,1
6040,6,Urban,Clear,45,40,0,0,0
6041,23,Urban,Clear,34,40,0,0,0
6042,16,Urban,Fog,43,40,0,0,0
6043,15,Urban,Fog,31,40,0,0,0
6044,19,Highway,Clear,70,100,0,0,0
6045,0,Rural,Rain,40,60,0,0,0
6046,18,Urban,Rain,63,40,0,0,0
6047,14,Rural,Clear,49,60,0,0,0
6048,22,Rural,Rain,41,60,0,0,0
6049,14,Rural,Clear,44,60,0,0,0
6050,16,Rural,Snow,39,60,0,0,0
6051,19,Highway,Rain,73,100,0,0,0
6052,19,Urban,Clear,74,40,0,0,0
6053,11,Rural,Clear,38,60,0,0,0
6054,20,Highway,Clear,50,100,0,0,0
6055,14,Urban,Clear,35,40,0,0,0
6056,5,Urban,Clear,49,40,0,0,0
6057,2,Highway,Rain,59,100,1,1,1
6058,14,Rural,Snow,31,60,0,0,0
6059,16,Highway,Rain,41,100,0,0,0
6060,5,Rural,Clear,42,60,0,0,0
6061,9,Highway,Clear,88,100,0,0,0
6062,3,Rural,Clear,31,60,0,0,0
6063,11,Rural,Rain,30,60,0,0,0
6064,4,Rural,Clear,24,60,0,0,0
6065,0,Rural,Clear,50,60,0,0,0
6066,16,Rural,Clear,47,60,0,0,0
6067,16,Highway,Rain,31,100,0,0,0
6068,15,Urban,Rain,35,40,0,0,0
6069,19,Highway,Clear,86,100,0,0,0
6070,0,Urban,Clear,35,40,0,0,0
6071,3,Highway,Clear,43,100,0,0,0
6072,15,Highway,Clear,48,100,0,0,0
6073,20,Urban,Clear,36,40,0,0,0
6074,19,Urban,Rain,80,40,0,0,0
6075,8,Highway,Clear,94,100,0,0,0
6076,0,Rural,Clear,40,60,0,0,0
6077,20,Urban,Rain,35,40,0,0,0
6078,18,Highway,Clear,70,100,0,0,0
6079,8,Urban,Rain,83,40,0,0,0
6080,5,Rural,Rain,43,60,0,0,0
6081,23,Rural,Clear,47,60,0,0,0
6082,12,Urban,Clear,26,40,0,0,0
6083,7,Urban,Clear,27,40,0,0,0
6084,14,Urban,Rain,50,40,0,0,0
6085,2,Rural,Clear,39,60,0,0,0
6086,20,Rural,Clear,21,60,0,0,0
6087,10,Rural,Fog,67,60,0,0,0
6088,15,Urban,Clear,46,40,0,0,0
6089,3,Rural,Clear,21,60,0,0,0
6090,15,Rural,Clear,28,60,0,0,0
6091,3,Rural,Rain,24,60,0,0,0
6092,8,Highway,Clear,85,100,0,0,0
6093,5,Urban,Snow,48,40,0,0,0
6094,10,Highway,Clear,77,100,0,0,0
6095,1,Rural,Clear,41,60,0,0,0
6096,16,Rural,Clear,27,60,0,0,0
6097,4,Rural,Clear,38,60,0,0,0
6098,20,Urban,Clear,23,40,0,0,0
6099,22,Rural,Rain,23,60,0,0,0
6100,7,Urban,Clear,40,40,0,0,0
6101,20,Highway,Clear,41,100,0,0,0
6102,8,Rural,Clear,61,60,0,0,0
6103,16,Rural,Clear,43,60,0,0,0
6104,19,Rural,Clear,64,60,0,0,0
6105,23,Urban,Clear,37,40,0,0,0
6106,6,Highway,Clear,41,100,0,0,0
6107,10,Rural,Fog,61,60,0,0,0
6108,6,Urban,Clear,29,40,0,0,0
6109,6,Urban,Clear,47,40,0,0,0
6110,8,Highway,Clear,70,100,0,0,0
6111,10,Rural,Snow,81,60,0,0,0
6112,14,Highway,Fog,58,100,0,0,0
6113,4,Urban,Clear,21,40,0,0,0
6114,12,Highway,Rain,55,100,0,0,0
6115,5,Urban,Rain,49,40,0,0,0
6116,13,Rural,Clear,39,60,0,0,0
6117,12,Urban,Fog,29,40,0,0,0
6118,19,Urban,Rain,78,40,0,0,0
6119,10,Highway,Clear,71,100,0,0,0
6120,5,Urban,Clear,22,40,0,0,0
6121,23,Highway,Rain,41,100,1,1,1
6122,15,Urban,Fog,41,40,0,0,0
6123,10,Rural,Fog,80,60,0,0,0
6124,12,Urban,Rain,40,40,0,0,0
6125,3,Rural,Rain,39,60,0,0,0
6126,7,Rural,Clear,25,60,0,0,0
6127,8,Urban,Clear,78,40,0,0,0
6128,7,Rural,Clear,50,60,0,0,0
6129,7,Urban,Clear,34,40,0,0,0
6130,10,Highway,Clear,100,100,0,0,0
6131,2,Rural,Rain,46,60,0,0,0
6132,13,Urban,Clear,28,40,0,0,0
6133,11,Urban,Rain,26,40,0,0,0
6134,16,Highway,Rain,58,100,0,0,0
6135,5,Rural,Rain,24,60,0,0,0
6136,23,Rural,Clear,50,60,0,0,0
6137,11,Urban,Clear,27,40,0,0,0
6138,11,Urban,Rain,24,40,0,0,0
6139,2,Highway,Clear,47,100,1,1,1
6140,15,Urban,Clear,38,40,0,0,0
6141,18,Urban,Fog,62,40,0,0,0
6142,18,Highway,Clear,74,100,0,0,0
6143,17,Urban,Snow,90,40,0,0,0
6144,7,Rural,Clear,43,60,0,0,0
6145,0,Urban,Rain,33,40,0,0,0
6146,19,Highway,Clear,80,100,0,0,0
6147,6,Rural,Clear,23,60,0,0,0
6148,18,Urban,Rain,83,40,0,0,0
6149,14,Urban,Clear,33,40,0,0,0
6150,8,Urban,Clear,86,40,0,0,0
6151,21,Highway,Clear,50,100,0,0,0
6152,16,Highway,Snow,46,100,1,1,1
6153,5,Rural,Clear,34,60,0,0,0
6154,19,Highway,Clear,70,100,0,0,0
6155,13,Rural,Clear,39,60,0,0,0
6156,11,Highway,Clear,45,100,0,0,0
6157,22,Rural,Rain,47,60,0,0,0
6158,16,Urban,Clear,25,40,0,0,0
6159,0,Rural,Clear,34,60,0,0,0
6160,7,Urban,Clear,32,40,0,0,0
6161,1,Highway,Rain,33,100,1,1,1
6162,15,Rural,Clear,36,60,0,0,0
6163,13,Urban,Clear,28,40,0,0,0
6164,22,Urban,Clear,36,40,0,0,0
6165,12,Urban,Clear,27,40,0,0,0
6166,9,Urban,Snow,87,40,0,0,0
6167,17,Urban,Clear,90,40,0,0,0
6168,18,Urban,Fog,90,40,0,0,0
6169,3,Urban,Clear,43,40,0,0,0
6170,4,Urban,Rain,50,40,0,0,0
6171,20,Rural,Clear,44,60,0,0,0
6172,12,Rural,Clear,30,60,0,0,0
6173,6,Highway,Clear,60,100,0,0,0
6174,18,Rural,Clear,85,60,0,0,0
6175,23,Highway,Clear,45,100,0,0,0
6176,8,Highway,Clear,89,100,0,0,0
6177,15,Rural,Clear,23,60,0,0,0
6178,0,Highway,Rain,45,100,1,1,1
6179,15,Urban,Clear,21,40,0,0,0
6180,17,Urban,Rain,62,40,0,0,0
6181,13,Urban,Rain,46,40,0,0,0
6182,17,Rural,Rain,69,60,0,0,0
6183,0,Rural,Clear,36,60,0,0,0
6184,23,Rural,Clear,33,60,0,0,0
6185,17,Urban,Clear,86,40,0,0,0
6186,15,Urban,Rain,33,40,0,0,0
6187,10,Highway,Clear,87,100,0,0,0
6188,7,Rural,Rain,21,60,0,0,0
6189,12,Rural,Clear,24,60,0,0,0
6190,7,Rural,Rain,41,60,0,0,0
6191,19,Highway,Fog,80,100,1,1,1
6192,17,Highway,Rain,77,100,1,1,1
6193,6,Highway,Clear,60,100,0,0,0
6194,20,Highway,Clear,57,100,0,0,0
6195,23,Rural,Fog,24,60,0,0,0
6196,11,Highway,Snow,41,100,0,0,0
6197,17,Urban,Clear,83,40,0,0,0
6198,22,Urban,Clear,41,40,0,0,0
6199,8,Urban,Clear,86,40,0,0,0
6200,6,Highway,Snow,59,100,0,0,0
6201,21,Urban,Clear,21,40,0,0,0
6202,18,Rural,Fog,71,60,0,0,0
6203,14,Urban,Rain,21,40,0,0,0
6204,19,Urban,Fog,80,40,0,0,0
6205,0,Urban,Rain,43,40,0,0,0
6206,7,Highway,Clear,53,100,0,0,0
6207,14,Urban,Clear,25,40,0,0,0
6208,2,Highway,Clear,35,100,1,1,1
6209,11,Highway,Snow,50,100,1,1,1
6210,3,Highway,Rain,38,100,1,1,1
6211,14,Highway,Clear,56,100,0,0,0
6212,19,Rural,Rain,77,60,0,0,0
6213,16,Rural,Fog,26,60,0,0,0
6214,6,Rural,Clear,25,60,0,0,0
6215,6,Highway,Clear,48,100,0,0,0
6216,13,Rural,Clear,30,60,0,0,0
6217,18,Rural,Fog,85,60,0,0,0
6218,0,Highway,Clear,48,100,1,1,1
6219,6,Urban,Fog,24,40,0,0,0
6220,12,Highway,Clear,30,100,0,0,0
6221,9,Highway,Clear,70,100,0,0,0
6222,7,Highway,Fog,31,100,0,0,0
6223,18,Highway,Clear,79,100,0,0,0
6224,19,Urban,Clear,62,40,0,0,0
6225,6,Rural,Clear,42,60,0,0,0
6226,14,Rural,Clear,22,60,0,0,0
6227,11,Highway,Clear,50,100,0,0,0
6228,16,Highway,Clear,52,100,0,0,0
6229,17,Rural,Rain,64,60,0,0,0
6230,6,Rural,Fog,35,60,0,0,0
6231,4,Rural,Snow,35,60,0,0,0
6232,20,Rural,Rain,40,60,0,0,0
6233,18,Urban,Clear,82,40,0,0,0
6234,21,Highway,Rain,41,100,0,0,0
6235,9,Urban,Clear,79,40,0,0,0
6236,8,Highway,Clear,82,100,0,0,0
6237,17,Highway,Snow,96,100,0,0,0
6238,4,Rural,Rain,36,60,0,0,0
6239,1,Urban,Clear,46,40,0,0,0
6240,18,Highway,Clear,77,100,0,0,0
6241,2,Urban,Rain,22,40,0,0,0
6242,20,Rural,Clear,36,60,0,0,0
6243,7,Highway,Fog,40,100,0,0,0
6244,20,Rural,Fog,27,60,0,0,0
6245,21,Urban,Clear,23,40,0,0,0
6246,15,Urban,Rain,48,40,0,0,0
6247,14,Highway,Clear,54,100,0,0,0
6248,2,Rural,Rain,24,60,0,0,0
6249,3,Urban,Clear,50,40,0,0,0
6250,3,Highway,Clear,30,100,0,0,0
6251,19,Rural,Clear,75,60,0,0,0
6252,23,Highway,Clear,44,100,0,0,0
6253,18,Urban,Clear,82,40,0,0,0
6254,20,Highway,Rain,55,100,0,0,0
6255,15,Highway,Clear,53,100,0,0,0
6256,3,Highway,Clear,36,100,0,1,1
6257,22,Rural,Fog,47,60,0,0,0
6258,13,Urban,Clear,31,40,0,0,0
6259,19,Highway,Fog,71,100,0,0,0
6260,11,Rural,Rain,29,60,0,0,0
6261,21,Rural,Clear,33,60,0,0,0
6262,2,Urban,Clear,35,40,0,0,0
6263,6,Highway,Rain,55,100,0,0,0
6264,3,Rural,Snow,47,60,0,0,0
6265,7,Urban,Rain,50,40,0,0,0
6266,19,Urban,Snow,66,40,0,0,0
6267,14,Highway,Clear,58,100,0,0,0
6268,21,Rural,Fog,47,60,0,0,0
6269,5,Rural,Clear,23,60,0,0,0
6270,14,Highway,Rain,31,100,1,1,1
6271,8,Rural,Clear,60,60,0,0,0
6272,5,Rural,Clear,45,60,0,0,0
6273,22,Urban,Clear,50,40,0,0,0
6274,11,Highway,Clear,48,100,0,0,0
6275,0,Urban,Clear,32,40,0,0,0
6276,2,Highway,Rain,36,100,1,1,1
6277,10,Urban,Clear,72,40,0,0,0
6278,22,Rural,Clear,38,60,0,0,0
6279,11,Urban,Clear,24,40,0,0,0
6280,8,Rural,Rain,77,60,0,0,0
6281,4,Rural,Rain,25,60,0,0,0
6282,23,Highway,Clear,33,100,0,0,0
6283,1,Urban,Fog,22,40,0,0,0
6284,12,Rural,Clear,45,60,0,0,0
6285,5,Highway,Clear,40,100,0,0,0
6286,15,Highway,Clear,32,100,0,0,0
6287,16,Highway,Clear,52,100,0,0,0
6288,11,Urban,Clear,32,40,0,0,0
6289,20,Urban,Clear,37,40,0,0,0
6290,11,Rural,Clear,30,60,0,0,0
6291,23,Highway,Snow,54,100,1,1,1
6292,3,Highway,Clear,58,100,0,1,1
6293,17,Highway,Clear,83,100,0,0,0
6294,21,Rural,Clear,32,60,0,0,0
6295,10,Urban,Clear,67,40,0,0,0
6296,0,Highway,Clear,48,100,1,1,1
6297,12,Highway,Clear,38,100,0,0,0
6298,21,Rural,Clear,50,60,0,0,0
6299,3,Urban,Fog,28,40,0,0,0
6300,0,Highway,Fog,44,100,1,1,1
6301,15,Rural,Clear,38,60,0,0,0
6302,15,Urban,Rain,25,40,0,0,0
6303,0,Urban,Rain,24,40,0,0,0
6304,4,Rural,Clear,40,60,0,0,0
6305,22,Highway,Rain,44,100,1,1,1
6306,21,Rural,Clear,20,60,0,0,0
6307,2,Highway,Rain,51,100,0,1,1
6308,17,Urban,Clear,78,40,0,0,0
6309,13,Highway,Rain,33,100,0,0,0
6310,0,Urban,Clear,35,40,0,0,0
6311,3,Highway,Rain,45,100,1,1,1
6312,23,Rural,Clear,42,60,0,0,0
6313,18,Highway,Clear,89,100,0,0,0
6314,1,Urban,Clear,42,40,0,0,0
6315,0,Urban,Clear,38,40,0,0,0
6316,20,Highway,Rain,32,100,1,1,1
6317,18,Urban,Clear,84,40,0,0,0
6318,16,Urban,Clear,45,40,0,0,0
6319,23,Urban,Rain,42,40,0,0,0
6320,8,Urban,Fog,90,40,0,0,0
6321,21,Urban,Clear,41,40,0,0,0
6322,14,Rural,Clear,43,60,0,0,0
6323,23,Highway,Rain,36,100,1,1,1
6324,4,Highway,Clear,44,100,1,1,1
6325,21,Urban,Clear,33,40,0,0,0
6326,3,Rural,Rain,49,60,0,0,0
6327,5,Urban,Clear,46,40,0,0,0
6328,12,Highway,Clear,38,100,0,0,0
6329,15,Urban,Rain,34,40,0,0,0
6330,15,Rural,Clear,32,60,0,0,0
6331,20,Highway,Clear,33,100,0,0,0
6332,10,Urban,Clear,69,40,0,0,0
6333,1,Highway,Clear,45,100,0,0,0
6334,1,Urban,Rain,23,40,0,0,0
6335,1,Urban,Clear,43,40,0,0,0
6336,4,Urban,Snow,29,40,0,0,0
6337,6,Highway,Fog,30,100,0,0,0
6338,9,Rural,Clear,84,60,0,0,0
6339,8,Urban,Fog,61,40,0,0,0
6340,6,Rural,Clear,36,60,0,0,0
6341,22,Urban,Snow,41,40,0,0,0
6342,23,Urban,Clear,36,40,0,0,0
6343,6,Highway,Clear,58,100,0,0,0
6344,13,Urban,Clear,36,40,0,0,0
6345,3,Rural,Clear,35,60,0,0,0
6346,13,Rural,Fog,20,60,0,0,0
6347,2,Highway,Clear,40,100,0,0,0
6348,3,Urban,Clear,42,40,0,0,0
6349,14,Highway,Clear,60,100,0,0,0
6350,11,Urban,Clear,36,40,0,0,0
6351,4,Urban,Fog,44,40,0,0,0
6352,8,Urban,Rain,68,40,0,0,0
6353,22,Rural,Rain,32,60,0,0,0
6354,15,Rural,Clear,23,60,0,0,0
6355,7,Highway,Clear,35,100,0,0,0
6356,3,Highway,Rain,48,100,0,1,1
6357,5,Urban,Rain,24,40,0,0,0
6358,14,Urban,Clear,46,40,0,0,0
6359,12,Urban,Snow,24,40,0,0,0
6360,14,Urban,Fog,25,40,0,0,0
6361,6,Rural,Rain,46,60,0,0,0
6362,9,Highway,Rain,94,100,0,0,0
6363,15,Rural,Rain,50,60,0,0,0
6364,1,Highway,Rain,39,100,1,1,1
6365,8,Highway,Rain,88,100,0,0,0
6366,23,Urban,Clear,32,40,0,0,0
6367,7,Rural,Rain,48,60,0,0,0
6368,13,Highway,Clear,60,100,0,0,0
6369,9,Highway,Clear,71,100,0,0,0
6370,19,Urban,Rain,87,40,0,0,0
6371,5,Highway,Clear,60,100,0,0,0
6372,20,Highway,Clear,30,100,0,0,0
6373,16,Urban,Fog,37,40,0,0,0
6374,23,Urban,Rain,26,40,0,0,0
6375,12,Rural,Rain,40,60,0,0,0
6376,21,Urban,Clear,31,40,0,0,0
6377,9,Urban,Rain,70,40,0,0,0
6378,16,Highway,Clear,30,100,0,0,0
6379,0,Urban,Clear,37,40,0,0,0
6380,17,Highway,Clear,99,100,0,0,0
6381,10,Highway,Clear,81,100,0,0,0
6382,2,Rural,Clear,29,60,0,0,0
6383,6,Highway,Fog,36,100,0,1,1
6384,1,Rural,Rain,48,60,0,0,0
6385,1,Highway,Clear,30,100,0,0,0
6386,17,Highway,Fog,94,100,0,0,0
6387,4,Urban,Clear,50,40,0,0,0
6388,23,Urban,Clear,47,40,0,0,0
6389,21,Rural,Clear,20,60,0,0,0
6390,15,Urban,Clear,28,40,0,0,0
6391,13,Rural,Clear,50,60,0,0,0
6392,20,Highway,Rain,38,100,0,0,0
6393,8,Urban,Rain,68,40,0,0,0
6394,6,Highway,Clear,30,100,0,0,0
6395,4,Urban,Clear,24,40,0,0,0
6396,16,Highway,Rain,43,100,0,0,0
6397,23,Highway,Clear,40,100,0,0,0
6398,13,Urban,Clear,27,40,0,0,0
6399,4,Urban,Clear,48,40,0,0,0
6400,15,Highway,Clear,44,100,0,0,0
6401,10,Highway,Clear,72,100,0,0,0
6402,17,Urban,Clear,62,40,0,0,0
6403,13,Urban,Clear,36,40,0,0,0
6404,20,Rural,Clear,25,60,0,0,0
6405,17,Highway,Clear,81,100,0,0,0
6406,1,Highway,Clear,54,100,0,0,0
6407,21,Rural,Snow,44,60,0,0,0
6408,6,Rural,Clear,29,60,0,0,0
6409,16,Urban,Clear,35,40,0,0,0
6410,6,Highway,Clear,55,100,0,0,0
6411,21,Highway,Snow,43,100,0,0,0
6412,0,Urban,Clear,22,40,0,0,0
6413,1,Highway,Clear,46,100,0,0,0
6414,17,Rural,Clear,63,60,0,0,0
6415,18,Rural,Clear,81,60,0,0,0
6416,22,Rural,Clear,30,60,0,0,0
6417,20,Urban,Clear,29,40,0,0,0
6418,18,Rural,Clear,85,60,0,0,0
6419,21,Highway,Rain,42,100,0,0,0
6420,7,Highway,Clear,32,100,0,0,0
6421,17,Highway,Rain,100,100,0,0,0
6422,0,Highway,Clear,40,100,0,0,0
6423,22,Urban,Rain,48,40,0,0,0
6424,13,Urban,Clear,40,40,0,0,0
6425,15,Highway,Clear,59,100,0,0,0
6426,13,Highway,Clear,50,100,0,0,0
6427,0,Rural,Rain,44,60,0,0,0
6428,21,Rural,Clear,40,60,0,0,0
6429,23,Rural,Clear,35,60,0,0,0
6430,15,Urban,Clear,45,40,0,0,0
6431,11,Urban,Clear,27,40,0,0,0
6432,16,Highway,Clear,43,100,0,0,0
6433,16,Highway,Clear,41,100,0,0,0
6434,14,Rural,Rain,50,60,0,0,0
6435,8,Urban,Clear,61,40,0,0,0
6436,15,Highway,Clear,47,100,0,0,0
6437,18,Highway,Clear,77,100,0,0,0
6438,6,Highway,Fog,50,100,0,0,0
6439,19,Highway,Clear,96,100,0,0,0
6440,7,Highway,Fog,48,100,0,0,0
6441,6,Rural,Clear,47,60,0,0,0
6442,13,Highway,Clear,41,100,0,0,0
6443,8,Rural,Clear,65,60,0,0,0
6444,22,Highway,Clear,43,100,1,1,1
6445,12,Rural,Snow,31,60,0,0,0
6446,8,Highway,Rain,78,100,1,1,1
6447,13,Highway,Rain,50,100,1,1,1
6448,1,Rural,Clear,40,60,0,0,0
6449,22,Highway,Clear,31,100,1,1,1
6450,13,Rural,Clear,35,60,0,0,0
6451,11,Highway,Fog,36,100,0,0,0
6452,16,Highway,Clear,59,100,0,0,0
6453,16,Rural,Rain,25,60,0,0,0
6454,11,Highway,Clear,60,100,0,0,0
6455,0,Urban,Clear,21,40,0,0,0
6456,21,Urban,Fog,43,40,0,0,0
6457,5,Urban,Clear,23,40,0,0,0
6458,6,Highway,Clear,47,100,0,0,0
6459,13,Highway,Snow,43,100,0,0,0
6460,14,Rural,Rain,50,60,0,0,0
6461,22,Rural,Clear,20,60,0,0,0
6462,20,Highway,Fog,43,100,1,1,1
6463,2,Highway,Clear,47,100,0,0,0
6464,2,Highway,Clear,59,100,0,0,0
6465,13,Rural,Clear,40,60,0,0,0
6466,14,Rural,Clear,43,60,0,0,0
6467,9,Urban,Clear,63,40,0,0,0
6468,18,Urban,Rain,76,40,0,0,0
6469,16,Rural,Rain,31,60,0,0,0
6470,22,Rural,Fog,41,60,0,0,0
6471,22,Highway,Snow,35,100,1,1,1
6472,18,Rural,Clear,86,60,0,0,0
6473,10,Urban,Rain,68,40,0,0,0
6474,16,Highway,Clear,33,100,0,0,0
6475,14,Rural,Fog,48,60,0,0,0
6476,9,Rural,Clear,81,60,0,0,0
6477,6,Rural,Clear,21,60,0,0,0
6478,8,Highway,Fog,73,100,0,0,0
6479,6,Highway,Clear,57,100,0,0,0
6480,1,Urban,Rain,35,40,0,0,0
6481,10,Urban,Clear,85,40,0,0,0
6482,19,Highway,Fog,78,100,0,0,0
6483,6,Highway,Rain,39,100,0,0,0
6484,20,Urban,Rain,44,40,0,0,0
6485,16,Rural,Rain,31,60,0,0,0
6486,23,Highway,Clear,42,100,0,0,0
6487,8,Urban,Clear,81,40,0,0,0
6488,15,Highway,Clear,40,100,0,0,0
6489,21,Rural,Clear,39,60,0,0,0
6490,17,Rural,Fog,64,60,0,0,0
6491,13,Rural,Clear,38,60,0,0,0
6492,11,Rural,Rain,47,60,0,0,0
6493,18,Rural,Clear,66,60,0,0,0
6494,9,Highway,Clear,94,100,0,0,0
6495,22,Urban,Clear,36,40,0,0,0
6496,2,Highway,Rain,33,100,1,1,1
6497,10,Highway,Clear,84,100,0,0,0
6498,7,Highway,Clear,49,100,0,0,0
6499,4,Rural,Rain,40,60,0,0,0
6500,17,Urban,Clear,89,40,0,0,0
6501,10,Urban,Clear,88,40,0,0,0
6502,15,Urban,Clear,47,40,0,0,0
6503,15,Rural,Rain,45,60,0,0,0
6504,22,Rural,Clear,21,60,0,0,0
6505,0,Highway,Clear,32,100,1,1,1
6506,8,Highway,Snow,71,100,1,1,1
6507,1,Rural,Fog,38,60,0,0,0
6508,15,Highway,Clear,31,100,0,0,0
6509,1,Urban,Clear,36,40,0,0,0
6510,18,Highway,Clear,94,100,0,0,0
6511,19,Urban,Clear,69,40,0,0,0
6512,21,Urban,Rain,24,40,0,0,0
6513,17,Urban,Rain,60,40,0,0,0
6514,0,Highway,Clear,34,100,1,1,1
6515,5,Urban,Clear,45,40,0,0,0
6516,0,Urban,Clear,26,40,0,0,0
6517,15,Urban,Fog,27,40,0,0,0
6518,16,Highway,Clear,36,100,0,0,0
6519,6,Rural,Rain,25,60,0,0,0
6520,20,Urban,Clear,28,40,0,0,0
6521,8,Urban,Clear,67,40,0,0,0
6522,9,Rural,Rain,67,60,0,0,0
6523,17,Highway,Clear,82,100,0,0,0
6524,0,Highway,Clear,47,100,0,0,0
6525,13,Urban,Rain,48,40,0,0,0
6526,1,Rural,Clear,42,60,0,0,0
6527,2,Urban,Clear,39,40,0,0,0
6528,0,Rural,Clear,34,60,0,0,0
6529,15,Rural,Clear,27,60,0,0,0
6530,8,Rural,Clear,72,60,0,0,0
6531,9,Urban,Fog,74,40,0,0,0
6532,9,Urban,Clear,77,40,0,0,0
6533,22,Rural,Clear,45,60,0,0,0
6534,19,Urban,Clear,70,40,0,0,0
6535,5,Urban,Rain,33,40,0,0,0
6536,8,Rural,Rain,87,60,0,0,0
6537,20,Highway,Clear,44,100,0,0,0
6538,0,Highway,Rain,53,100,1,1,1
6539,22,Highway,Clear,44,100,0,1,1
6540,3,Urban,Rain,50,40,0,0,0
6541,1,Urban,Rain,30,40,0,0,0
6542,1,Urban,Clear,23,40,0,0,0
6543,17,Urban,Clear,74,40,0,0,0
6544,13,Urban,Rain,50,40,0,0,0
6545,14,Urban,Clear,25,40,0,0,0
6546,15,Rural,Clear,37,60,0,0,0
6547,23,Rural,Snow,32,60,0,0,0
6548,2,Urban,Fog,35,40,0,0,0
6549,22,Rural,Rain,32,60,0,0,0
6550,14,Rural,Clear,29,60,0,0,0
6551,19,Urban,Clear,67,40,0,0,0
6552,19,Rural,Rain,71,60,0,0,0
6553,13,Urban,Clear,40,40,0,0,0
6554,1,Highway,Clear,37,100,1,1,1
6555,21,Urban,Clear,31,40,0,0,0
6556,7,Urban,Rain,25,40,0,0,0
6557,15,Urban,Clear,48,40,0,0,0
6558,17,Rural,Clear,71,60,0,0,0
6559,16,Highway,Snow,51,100,0,0,0
6560,9,Rural,Clear,83,60,0,0,0
6561,19,Rural,Fog,73,60,0,0,0
6562,10,Highway,Clear,76,100,0,0,0
6563,10,Rural,Rain,84,60,0,0,0
6564,12,Urban,Clear,33,40,0,0,0
6565,11,Rural,Clear,48,60,0,0,0
6566,10,Rural,Clear,85,60,0,0,0
6567,15,Rural,Clear,44,60,0,0,0
6568,23,Highway,Clear,34,100,0,0,0
6569,2,Urban,Rain,22,40,0,0,0
6570,20,Highway,Clear,31,100,0,0,0
6571,22,Highway,Clear,34,100,1,1,1
6572,7,Urban,Rain,31,40,0,0,0
6573,4,Rural,Clear,35,60,0,0,0
6574,15,Highway,Clear,34,100,0,0,0
6575,12,Highway,Clear,48,100,0,0,0
6576,14,Highway,Clear,51,100,0,0,0
6577,12,Rural,Snow,26,60,0,0,0
6578,20,Rural,Rain,38,60,0,0,0
6579,13,Rural,Fog,41,60,0,0,0
6580,6,Highway,Clear,60,100,0,0,0
6581,6,Rural,Clear,21,60,0,0,0
6582,15,Rural,Snow,31,60,0,0,0
6583,9,Rural,Clear,79,60,0,0,0
6584,1,Highway,Clear,52,100,0,0,0
6585,0,Highway,Clear,44,100,1,1,1
6586,17,Rural,Clear,63,60,0,0,0
6587,4,Rural,Clear,34,60,0,0,0
6588,1,Urban,Clear,42,40,0,0,0
6589,22,Rural,Clear,28,60,0,0,0
6590,19,Urban,Fog,86,40,0,0,0
6591,22,Highway,Snow,52,100,1,1,1
6592,4,Urban,Rain,27,40,0,0,0
6593,3,Highway,Clear,54,100,0,0,0
6594,1,Highway,Rain,35,100,1,1,1
6595,3,Urban,Clear,46,40,0,0,0
6596,15,Urban,Clear,39,40,0,0,0
6597,20,Urban,Rain,46,40,0,0,0
6598,22,Rural,Clear,36,60,0,0,0
6599,1,Highway,Clear,49,100,1,1,1
6600,4,Urban,Clear,21,40,0,0,0
6601,2,Urban,Rain,41,40,0,0,0
6602,13,Urban,Clear,33,40,0,0,0
6603,11,Rural,Clear,33,60,0,0,0
6604,16,Highway,Rain,51,100,0,0,0
6605,18,Urban,Clear,65,40,0,0,0
6606,0,Highway,Rain,30,100,1,1,1
6607,12,Rural,Fog,31,60,0,0,0
6608,23,Rural,Clear,26,60,0,0,0
6609,13,Rural,Clear,21,60,0,0,0
6610,1,Highway,Rain,57,100,0,0,0
6611,6,Urban,Clear,50,40,0,0,0
6612,1,Urban,Clear,23,40,0,0,0
6613,16,Rural,Clear,22,60,0,0,0
6614,13,Rural,Rain,21,60,0,0,0
6615,5,Urban,Clear,38,40,0,0,0
6616,17,Rural,Clear,65,60,0,0,0
6617,0,Urban,Clear,39,40,0,0,0
6618,12,Urban,Rain,39,40,0,0,0
6619,19,Highway,Fog,95,100,0,0,0
6620,4,Urban,Clear,43,40,0,0,0
6621,18,Rural,Rain,60,60,0,0,0
6622,7,Urban,Fog,38,40,0,0,0
6623,5,Rural,Clear,35,60,0,0,0
6624,10,Urban,Clear,72,40,0,0,0
6625,17,Highway,Clear,88,100,0,0,0
6626,15,Urban,Snow,50,40,0,0,0
6627,20,Highway,Rain,32,100,1,1,1
6628,21,Highway,Clear,42,100,0,0,0
6629,16,Highway,Rain,36,100,0,0,0
6630,16,Urban,Rain,39,40,0,0,0
6631,1,Rural,Clear,35,60,0,0,0
6632,20,Urban,Clear,27,40,0,0,0
6633,8,Rural,Clear,69,60,0,0,0
6634,13,Urban,Rain,36,40,0,0,0
6635,2,Highway,Rain,34,100,1,1,1
6636,12,Highway,Rain,53,100,0,0,0
6637,14,Rural,Clear,20,60,0,0,0
6638,10,Rural,Fog,60,60,0,0,0
6639,0,Highway,Clear,55,100,0,0,0
6640,1,Highway,Clear,46,100,0,1,1
6641,20,Urban,Clear,50,40,0,0,0
6642,10,Urban,Clear,74,40,0,0,0
6643,3,Rural,Rain,39,60,0,0,0
6644,8,Urban,Snow,70,40,0,0,0
6645,4,Rural,Rain,28,60,0,0,0
6646,1,Urban,Clear,36,40,0,0,0
6647,18,Rural,Fog,60,60,0,0,0
6648,7,Rural,Clear,40,60,0,0,0
6649,7,Rural,Clear,37,60,0,0,0
6650,10,Urban,Fog,90,40,0,0,0
6651,7,Urban,Rain,33,40,0,0,0
6652,15,Highway,Clear,32,100,0,0,0
6653,4,Urban,Clear,46,40,0,0,0
6654,2,Highway,Rain,40,100,1,1,1
6655,21,Highway,Rain,50,100,1,1,1
6656,17,Rural,Clear,62,60,0,0,0
6657,6,Rural,Fog,50,60,0,0,0
6658,4,Highway,Rain,34,100,1,1,1
6659,3,Highway,Clear,56,100,0,0,0
6660,0,Rural,Clear,36,60,0,0,0
6661,10,Highway,Clear,87,100,0,0,0
6662,23,Urban,Snow,29,40,0,0,0
6663,1,Urban,Clear,45,40,0,0,0
6664,21,Urban,Clear,41,40,0,0,0
6665,18,Urban,Clear,76,40,0,0,0
6666,11,Urban,Clear,31,40,0,0,0
6667,20,Urban,Clear,32,40,0,0,0
6668,10,Highway,Clear,97,100,0,0,0
6669,2,Rural,Rain,47,60,0,0,0
6670,16,Urban,Clear,34,40,0,0,0
6671,1,Urban,Clear,21,40,0,0,0
6672,16,Rural,Rain,35,60,0,0,0
6673,18,Rural,Fog,68,60,0,0,0
6674,16,Urban,Fog,49,40,0,0,0
6675,16,Rural,Rain,35,60,0,0,0
6676,19,Urban,Rain,75,40,0,0,0
6677,22,Urban,Clear,33,40,0,0,0
6678,10,Urban,Clear,88,40,0,0,0
6679,13,Urban,Clear,48,40,0,0,0
6680,1,Urban,Snow,38,40,0,0,0
6681,11,Urban,Rain,43,40,0,0,0
6682,5,Rural,Clear,31,60,0,0,0
6683,8,Urban,Fog,67,40,0,0,0
6684,7,Highway,Clear,44,100,0,0,0
6685,8,Urban,Fog,76,40,0,0,0
6686,3,Urban,Clear,46,40,0,0,0
6687,0,Rural,Rain,30,60,0,0,0
6688,8,Rural,Clear,81,60,0,0,0
6689,1,Highway,Clear,46,100,0,0,0
6690,12,Urban,Rain,41,40,0,0,0
6691,7,Highway,Clear,43,100,0,0,0
6692,15,Rural,Rain,30,60,0,0,0
6693,0,Rural,Rain,35,60,0,0,0
6694,16,Urban,Clear,44,40,0,0,0
6695,12,Highway,Clear,45,100,0,0,0
6696,20,Rural,Clear,41,60,0,0,0
6697,23,Rural,Clear,37,60,0,0,0
6698,10,Rural,Clear,67,60,0,0,0
6699,2,Highway,Clear,48,100,1,1,1
6700,0,Rural,Clear,22,60,0,0,0
6701,5,Rural,Clear,42,60,0,0,0
6702,14,Highway,Clear,38,100,0,0,0
6703,0,Highway,Clear,39,100,1,1,1
6704,3,Urban,Rain,28,40,0,0,0
6705,15,Rural,Clear,25,60,0,0,0
6706,12,Rural,Fog,44,60,0,0,0
6707,19,Rural,Clear,76,60,0,0,0
6708,9,Highway,Clear,74,100,0,0,0
6709,18,Highway,Clear,86,100,0,0,0
6710,15,Rural,Clear,29,60,0,0,0
6711,22,Rural,Clear,28,60,0,0,0
6712,10,Highway,Clear,73,100,0,0,0
6713,22,Rural,Clear,29,60,0,0,0
6714,15,Urban,Clear,33,40,0,0,0
6715,17,Urban,Rain,69,40,0,0,0
6716,3,Urban,Clear,40,40,0,0,0
6717,18,Rural,Rain,63,60,0,0,0
6718,8,Highway,Clear,93,100,0,0,0
6719,21,Highway,Rain,43,100,0,0,0
6720,22,Urban,Clear,50,40,0,0,0
6721,22,Urban,Clear,39,40,0,0,0
6722,17,Urban,Clear,63,40,0,0,0
6723,18,Highway,Snow,70,100,0,0,0
6724,16,Highway,Clear,35,100,0,0,0
6725,11,Rural,Rain,26,60,0,0,0
6726,17,Urban,Snow,70,40,0,0,0
6727,19,Rural,Clear,81,60,0,0,0
6728,18,Highway,Rain,76,100,0,0,0
6729,20,Rural,Clear,46,60,0,0,0
6730,5,Highway,Rain,38,100,0,0,0
6731,3,Urban,Clear,33,40,0,0,0
6732,8,Highway,Rain,80,100,0,1,1
6733,23,Urban,Fog,47,40,0,0,0
6734,0,Urban,Rain,41,40,0,0,0
6735,9,Rural,Clear,63,60,0,0,0
6736,7,Highway,Clear,44,100,0,0,0
6737,19,Rural,Clear,65,60,0,0,0
6738,9,Rural,Clear,86,60,0,0,0
6739,3,Rural,Snow,29,60,0,0,0
6740,7,Rural,Clear,31,60,0,0,0
6741,17,Urban,Clear,60,40,0,0,0
6742,21,Highway,Clear,54,100,0,0,0
6743,4,Highway,Rain,57,100,1,1,1
6744,13,Highway,Fog,41,100,0,0,0
6745,2,Urban,Clear,43,40,0,0,0
6746,6,Highway,Clear,41,100,0,0,0
6747,6,Rural,Clear,49,60,0,0,0
6748,13,Urban,Clear,42,40,0,0,0
6749,2,Rural,Clear,43,60,0,0,0
6750,13,Highway,Fog,46,100,0,0,0
6751,11,Urban,Rain,45,40,0,0,0
6752,6,Urban,Rain,36,40,0,0,0
6753,11,Highway,Clear,56,100,0,0,0
6754,6,Urban,Clear,30,40,0,0,0
6755,9,Rural,Rain,63,60,0,0,0
6756,3,Highway,Clear,55,100,0,0,0
6757,17,Urban,Clear,69,40,0,0,0
6758,14,Urban,Rain,38,40,0,0,0
6759,6,Highway,Clear,34,100,0,0,0
6760,15,Highway,Clear,45,100,0,0,0
6761,15,Rural,Clear,39,60,0,0,0
6762,21,Highway,Clear,60,100,0,0,0
6763,3,Rural,Clear,23,60,0,0,0
6764,0,Rural,Clear,20,60,0,0,0
6765,18,Urban,Snow,71,40,0,0,0
6766,10,Urban,Clear,81,40,0,0,0
6767,13,Rural,Clear,40,60,0,0,0
6768,10,Highway,Fog,77,100,0,0,0
6769,17,Urban,Clear,85,40,0,0,0
6770,1,Urban,Clear,47,40,0,0,0
6771,6,Highway,Rain,39,100,0,0,0
6772,0,Highway,Clear,43,100,1,1,1
6773,14,Urban,Rain,39,40,0,0,0
6774,10,Urban,Clear,60,40,0,0,0
6775,23,Highway,Clear,47,100,0,0,0
6776,16,Highway,Clear,52,100,0,0,0
6777,3,Highway,Clear,58,100,0,0,0
6778,8,Rural,Snow,70,60,0,0,0
6779,18,Rural,Fog,64,60,0,0,0
6780,2,Urban,Rain,38,40,0,0,0
6781,23,Highway,Rain,55,100,1,1,1
6782,19,Highway,Clear,85,100,0,0,0
6783,15,Rural,Clear,25,60,0,0,0
6784,18,Urban,Snow,85,40,0,0,0
6785,23,Rural,Clear,34,60,0,0,0
6786,0,Highway,Rain,37,100,1,1,1
6787,21,Urban,Rain,45,40,0,0,0
6788,4,Urban,Snow,27,40,0,0,0
6789,2,Urban,Rain,28,40,0,0,0
6790,17,Highway,Clear,73,100,0,0,0
6791,3,Highway,Snow,38,100,1,1,1
6792,13,Rural,Fog,49,60,0,0,0
6793,16,Rural,Clear,24,60,0,0,0
6794,6,Urban,Clear,30,40,0,0,0
6795,10,Rural,Rain,83,60,0,0,0
6796,10,Highway,Fog,99,100,0,0,0
6797,17,Highway,Clear,80,100,0,0,0
6798,14,Urban,Fog,49,40,0,0,0
6799,9,Rural,Rain,86,60,0,0,0
6800,10,Highway,Rain,93,100,0,0,0
6801,23,Urban,Fog,33,40,0,0,0
6802,17,Rural,Clear,61,60,0,0,0
6803,22,Rural,Fog,31,60,0,0,0
6804,5,Highway,Rain,44,100,0,0,0
6805,7,Rural,Snow,25,60,0,0,0
6806,13,Highway,Clear,35,100,0,0,0
6807,17,Urban,Rain,61,40,0,0,0
6808,11,Urban,Clear,39,40,0,0,0
6809,0,Rural,Rain,30,60,0,0,0
6810,20,Highway,Rain,60,100,0,0,0
6811,19,Urban,Clear,62,40,0,0,0
6812,1,Urban,Rain,42,40,0,0,0
6813,3,Urban,Clear,32,40,0,0,0
6814,20,Urban,Clear,33,40,0,0,0
6815,19,Rural,Clear,88,60,0,0,0
6816,5,Rural,Rain,22,60,0,0,0
6817,6,Urban,Clear,31,40,0,0,0
6818,17,Highway,Clear,100,100,0,0,0
6819,21,Rural,Rain,46,60,0,0,0
6820,18,Highway,Clear,88,100,0,0,0
6821,17,Rural,Clear,65,60,0,0,0
6822,4,Rural,Rain,27,60,0,0,0
6823,18,Rural,Clear,86,60,0,0,0
6824,9,Highway,Clear,81,100,0,0,0
6825,9,Urban,Clear,86,40,0,0,0
6826,9,Highway,Rain,95,100,1,1,1
6827,12,Highway,Clear,49,100,0,0,0
6828,14,Rural,Clear,48,60,0,0,0
6829,13,Rural,Clear,37,60,0,0,0
6830,11,Rural,Rain,40,60,0,0,0
6831,7,Rural,Clear,27,60,0,0,0
6832,3,Rural,Clear,22,60,0,0,0
6833,7,Rural,Clear,27,60,0,0,0
6834,7,Highway,Clear,37,100,0,0,0
6835,22,Highway,Clear,45,100,0,0,0
6836,21,Highway,Clear,60,100,0,0,0
6837,11,Highway,Fog,55,100,0,0,0
6838,1,Rural,Clear,26,60,0,0,0
6839,20,Urban,Rain,47,40,0,0,0
6840,15,Rural,Clear,49,60,0,0,0
6841,12,Rural,Fog,42,60,0,0,0
6842,0,Urban,Clear,21,40,0,0,0
6843,10,Highway,Clear,73,100,0,0,0
6844,23,Highway,Clear,34,100,0,1,1
6845,10,Urban,Fog,72,40,0,0,0
6846,21,Urban,Rain,38,40,0,0,0
6847,16,Urban,Clear,29,40,0,0,0
6848,9,Highway,Rain,89,100,0,0,0
6849,3,Urban,Rain,24,40,0,0,0
6850,17,Rural,Clear,67,60,0,0,0
6851,7,Highway,Snow,48,100,0,0,0
6852,3,Rural,Rain,30,60,0,0,0
6853,20,Urban,Clear,42,40,0,0,0
6854,11,Urban,Clear,46,40,0,0,0
6855,14,Highway,Clear,38,100,0,0,0
6856,3,Rural,Clear,44,60,0,0,0
6857,11,Rural,Rain,24,60,0,0,0
6858,8,Urban,Snow,62,40,0,0,0
6859,4,Rural,Clear,27,60,0,0,0
6860,8,Highway,Rain,82,100,1,1,1
6861,12,Rural,Rain,27,60,0,0,0
6862,4,Highway,Clear,57,100,1,1,1
6863,1,Urban,Clear,22,40,0,0,0
6864,20,Highway,Fog,32,100,0,0,0
6865,20,Rural,Rain,21,60,0,0,0
6866,23,Urban,Clear,24,40,0,0,0
6867,20,Highway,Clear,31,100,0,0,0
6868,10,Rural,Clear,65,60,0,0,0
6869,18,Rural,Fog,89,60,0,0,0
6870,18,Rural,Clear,87,60,0,0,0
6871,4,Rural,Clear,27,60,0,0,0
6872,4,Urban,Clear,40,40,0,0,0
6873,14,Rural,Clear,33,60,0,0,0
6874,10,Highway,Clear,84,100,0,0,0
6875,3,Rural,Clear,22,60,0,0,0
6876,17,Rural,Rain,72,60,0,0,0
6877,9,Highway,Clear,78,100,0,0,0
6878,5,Rural,Clear,49,60,0,0,0
6879,7,Highway,Clear,49,100,0,0,0
6880,17,Highway,Clear,79,100,0,0,0
6881,4,Rural,Rain,21,60,0,0,0
6882,23,Urban,Snow,26,40,0,0,0
6883,8,Highway,Clear,98,100,0,0,0
6884,17,Urban,Clear,63,40,0,0,0
6885,2,Highway,Clear,41,100,0,0,0
6886,19,Urban,Clear,75,40,0,0,0
6887,14,Urban,Rain,31,40,0,0,0
6888,8,Urban,Clear,70,40,0,0,0
6889,5,Urban,Clear,46,40,0,0,0
6890,1,Highway,Rain,52,100,0,1,1
6891,2,Highway,Rain,44,100,1,1,1
6892,20,Urban,Rain,25,40,0,0,0
6893,5,Urban,Rain,37,40,0,0,0
6894,4,Urban,Clear,46,40,0,0,0
6895,9,Urban,Clear,88,40,0,0,0
6896,14,Urban,Clear,20,40,0,0,0
6897,2,Rural,Clear,28,60,0,0,0
6898,20,Rural,Rain,28,60,0,0,0
6899,16,Urban,Fog,45,40,0,0,0
6900,6,Rural,Clear,33,60,0,0,0
6901,21,Rural,Rain,21,60,0,0,0
6902,22,Highway,Clear,55,100,1,1,1
6903,10,Highway,Fog,72,100,0,0,0
6904,23,Highway,Clear,51,100,0,0,0
6905,18,Urban,Clear,65,40,0,0,0
6906,2,Highway,Rain,56,100,1,1,1
6907,11,Rural,Clear,25,60,0,0,0
6908,6,Urban,Clear,33,40,0,0,0
6909,0,Highway,Clear,33,100,1,1,1
6910,7,Urban,Clear,23,40,0,0,0
6911,8,Urban,Snow,74,40,0,0,0
6912,17,Rural,Rain,72,60,0,0,0
6913,17,Highway,Clear,92,100,0,0,0
6914,9,Rural,Clear,68,60,0,0,0
6915,11,Highway,Clear,59,100,0,0,0
6916,1,Urban,Clear,45,40,0,0,0
6917,17,Highway,Clear,90,100,0,0,0
6918,1,Highway,Clear,50,100,0,0,0
6919,2,Rural,Fog,45,60,0,0,0
6920,19,Urban,Rain,70,40,0,0,0
6921,15,Rural,Snow,43,60,0,0,0
6922,16,Urban,Clear,49,40,0,0,0
6923,16,Rural,Clear,43,60,0,0,0
6924,14,Rural,Snow,49,60,0,0,0
6925,7,Highway,Clear,45,100,0,0,0
6926,14,Highway,Rain,51,100,0,0,0
6927,9,Urban,Clear,82,40,0,0,0
6928,21,Highway,Clear,59,100,0,0,0
6929,10,Urban,Rain,73,40,0,0,0
6930,1,Urban,Clear,40,40,0,0,0
6931,12,Rural,Clear,22,60,0,0,0
6932,4,Urban,Clear,27,40,0,0,0
6933,11,Rural,Rain,40,60,0,0,0
6934,18,Rural,Clear,67,60,0,0,0
6935,17,Highway,Clear,97,100,0,0,0
6936,7,Highway,Fog,58,100,1,1,1
6937,18,Highway,Rain,92,100,0,0,0
6938,20,Highway,Clear,56,100,0,0,0
6939,8,Highway,Fog,83,100,0,0,0
6940,14,Rural,Clear,44,60,0,0,0
6941,7,Highway,Clear,44,100,0,0,0
6942,17,Rural,Fog,86,60,0,0,0
6943,19,Highway,Clear,80,100,0,0,0
6944,21,Rural,Clear,24,60,0,0,0
6945,13,Rural,Fog,25,60,0,0,0
6946,11,Urban,Fog,30,40,0,0,0
6947,20,Rural,Clear,30,60,0,0,0
6948,15,Urban,Clear,23,40,0,0,0
6949,9,Rural,Clear,89,60,0,0,0
6950,8,Rural,Rain,74,60,0,0,0
6951,20,Highway,Snow,57,100,0,1,1
6952,9,Highway,Fog,84,100,0,0,0
6953,8,Rural,Clear,74,60,0,0,0
6954,14,Highway,Clear,51,100,0,0,0
6955,11,Highway,Clear,42,100,0,0,0
6956,4,Urban,Clear,36,40,0,0,0
6957,16,Urban,Clear,26,40,0,0,0
6958,11,Urban,Snow,39,40,0,0,0
6959,23,Rural,Clear,36,60,0,0,0
6960,19,Highway,Clear,88,100,0,0,0
6961,7,Highway,Clear,38,100,0,0,0
6962,3,Highway,Clear,48,100,0,0,0
6963,11,Highway,Snow,42,100,0,0,0
6964,7,Highway,Clear,51,100,0,0,0
6965,18,Rural,Rain,79,60,0,0,0
6966,10,Urban,Rain,78,40,0,0,0
6967,13,Rural,Clear,40,60,0,0,0
6968,11,Rural,Fog,39,60,0,0,0
6969,6,Rural,Clear,21,60,0,0,0
6970,20,Urban,Clear,44,40,0,0,0
6971,4,Urban,Clear,46,40,0,0,0
6972,9,Rural,Clear,70,60,0,0,0
6973,3,Urban,Clear,45,40,0,0,0
6974,23,Urban,Clear,33,40,0,0,0
6975,2,Urban,Rain,39,40,0,0,0
6976,20,Urban,Clear,50,40,0,0,0
6977,15,Rural,Rain,38,60,0,0,0
6978,21,Urban,Clear,36,40,0,0,0
6979,15,Rural,Clear,20,60,0,0,0
6980,2,Rural,Clear,46,60,0,0,0
6981,20,Urban,Clear,49,40,0,0,0
6982,6,Rural,Clear,43,60,0,0,0
6983,5,Highway,Rain,30,100,0,0,0
6984,18,Rural,Rain,90,60,0,0,0
6985,18,Rural,Rain,82,60,0,0,0
6986,20,Urban,Rain,21,40,0,0,0
6987,6,Rural,Snow,31,60,0,0,0
6988,9,Rural,Fog,90,60,0,0,0
6989,6,Rural,Clear,36,60,0,0,0
6990,12,Urban,Clear,45,40,0,0,0
6991,0,Rural,Fog,49,60,0,0,0
6992,21,Urban,Rain,20,40,0,0,0
6993,7,Highway,Rain,45,100,0,0,0
6994,16,Urban,Clear,20,40,0,0,0
6995,0,Rural,Clear,37,60,0,0,0
6996,20,Rural,Clear,33,60,0,0,0
6997,18,Highway,Clear,70,100,0,0,0
6998,9,Urban,Clear,60,40,0,0,0
6999,2,Urban,Rain,45,40,0,0,0
7000,20,Rural,Clear,39,60,0,0,0
7001,20,Highway,Fog,45,100,0,0,0
7002,13,Highway,Rain,48,100,0,0,0
7003,10,Rural,Rain,70,60,0,0,0
7004,13,Highway,Clear,36,100,0,0,0
7005,20,Highway,Clear,56,100,0,0,0
7006,7,Highway,Clear,58,100,0,0,0
7007,9,Rural,Clear,88,60,0,0,0
7008,8,Urban,Clear,71,40,0,0,0
7009,4,Urban,Fog,39,40,0,0,0
7010,1,Urban,Rain,48,40,0,0,0
7011,13,Highway,Clear,45,100,0,0,0
7012,21,Highway,Rain,54,100,0,0,0
7013,2,Urban,Clear,37,40,0,0,0
7014,2,Urban,Clear,25,40,0,0,0
7015,5,Highway,Clear,40,100,0,0,0
7016,18,Rural,Snow,75,60,0,0,0
7017,14,Urban,Rain,30,40,0,0,0
7018,15,Rural,Clear,28,60,0,0,0
7019,5,Rural,Rain,45,60,0,0,0
7020,20,Rural,Clear,44,60,0,0,0
7021,19,Urban,Clear,90,40,0,0,0
7022,20,Rural,Clear,36,60,0,0,0
7023,14,Rural,Clear,33,60,0,0,0
7024,6,Highway,Rain,37,100,0,0,0
7025,15,Urban,Clear,35,40,0,0,0
7026,11,Rural,Clear,21,60,0,0,0
7027,7,Rural,Rain,33,60,0,0,0
7028,2,Highway,Rain,60,100,1,1,1
7029,23,Urban,Clear,42,40,0,0,0
7030,0,Urban,Clear,21,40,0,0,0
7031,2,Rural,Rain,37,60,0,0,0
7032,15,Rural,Rain,32,60,0,0,0
7033,1,Urban,Rain,37,40,0,0,0
7034,15,Rural,Clear,45,60,0,0,0
7035,21,Rural,Clear,36,60,0,0,0
7036,22,Urban,Clear,48,40,0,0,0
7037,0,Highway,Rain,49,100,1,1,1
7038,8,Rural,Clear,77,60,0,0,0
7039,0,Rural,Rain,35,60,0,0,0
7040,13,Urban,Clear,45,40,0,0,0
7041,11,Highway,Snow,30,100,0,0,0
7042,0,Rural,Rain,42,60,0,0,0
7043,17,Rural,Clear,82,60,0,0,0
7044,3,Urban,Clear,49,40,0,0,0
7045,16,Urban,Rain,36,40,0,0,0
7046,16,Highway,Clear,42,100,0,0,0
7047,21,Highway,Fog,46,100,0,0,0
7048,10,Urban,Clear,80,40,0,0,0
7049,9,Urban,Fog,60,40,0,0,0
7050,3,Urban,Fog,28,40,0,0,0
7051,21,Rural,Clear,39,60,0,0,0
7052,18,Rural,Clear,88,60,0,0,0
7053,5,Rural,Fog,46,60,0,0,0
7054,4,Rural,Clear,37,60,0,0,0
7055,11,Rural,Rain,29,60,0,0,0
7056,3,Urban,Rain,47,40,0,0,0
7057,5,Rural,Fog,30,60,0,0,0
7058,0,Highway,Rain,58,100,1,1,1
7059,12,Rural,Clear,45,60,0,0,0
7060,13,Rural,Clear,28,60,0,0,0
7061,3,Urban,Rain,25,40,0,0,0
7062,22,Urban,Fog,34,40,0,0,0
7063,3,Highway,Clear,30,100,1,1,1
7064,14,Urban,Clear,31,40,0,0,0
7065,1,Urban,Clear,20,40,0,0,0
7066,21,Rural,Rain,47,60,0,0,0
7067,23,Urban,Rain,37,40,0,0,0
7068,22,Rural,Snow,26,60,0,0,0
7069,15,Urban,Fog,23,40,0,0,0
7070,2,Highway,Clear,44,100,0,0,0
7071,19,Urban,Clear,77,40,0,0,0
7072,11,Urban,Snow,36,40,0,0,0
7073,5,Urban,Fog,50,40,0,0,0
7074,23,Highway,Rain,44,100,1,1,1
7075,4,Urban,Clear,35,40,0,0,0
7076,2,Rural,Clear,29,60,0,0,0
7077,16,Highway,Rain,55,100,0,0,0
7078,8,Rural,Rain,79,60,0,0,0
7079,22,Highway,Clear,33,100,0,0,0
7080,4,Highway,Rain,38,100,1,1,1
7081,3,Rural,Clear,34,60,0,0,0
7082,15,Highway,Clear,30,100,0,0,0
7083,11,Rural,Rain,33,60,0,0,0
7084,19,Highway,Clear,78,100,0,0,0
7085,16,Urban,Rain,44,40,0,0,0
7086,6,Highway,Clear,44,100,0,0,0
7087,21,Highway,Clear,48,100,0,0,0
7088,5,Urban,Rain,28,40,0,0,0
7089,15,Urban,Clear,37,40,0,0,0
7090,2,Urban,Clear,47,40,0,0,0
7091,13,Highway,Clear,45,100,0,0,0
7092,15,Highway,Clear,37,100,0,0,0
7093,13,Highway,Clear,33,100,0,0,0
7094,23,Rural,Clear,47,60,0,0,0
7095,2,Highway,Clear,55,100,0,0,0
7096,6,Urban,Clear,25,40,0,0,0
7097,23,Rural,Rain,32,60,0,0,0
7098,7,Urban,Clear,30,40,0,0,0
7099,4,Urban,Clear,25,40,0,0,0
7100,21,Rural,Snow,28,60,0,0,0
7101,3,Highway,Fog,53,100,1,1,1
7102,10,Urban,Fog,61,40,0,0,0
7103,10,Rural,Rain,82,60,0,0,0
7104,11,Rural,Rain,28,60,0,0,0
7105,3,Highway,Clear,31,100,0,0,0
7106,15,Rural,Clear,42,60,0,0,0
7107,21,Urban,Fog,26,40,0,0,0
7108,18,Highway,Clear,97,100,0,0,0
7109,23,Highway,Rain,56,100,1,1,1
7110,3,Rural,Clear,44,60,0,0,0
7111,1,Rural,Clear,21,60,0,0,0
7112,23,Rural,Clear,27,60,0,0,0
7113,19,Rural,Clear,65,60,0,0,0
7114,10,Urban,Clear,64,40,0,0,0
7115,8,Highway,Clear,86,100,0,0,0
7116,7,Rural,Rain,23,60,0,0,0
7117,0,Rural,Clear,29,60,0,0,0
7118,14,Urban,Clear,35,40,0,0,0
7119,18,Highway,Rain,71,100,0,0,0
7120,8,Rural,Clear,63,60,0,0,0
7121,23,Rural,Clear,41,60,0,0,0
7122,6,Urban,Clear,26,40,0,0,0
7123,15,Rural,Fog,50,60,0,0,0
7124,9,Rural,Clear,62,60,0,0,0
7125,4,Rural,Rain,20,60,0,0,0
7126,12,Highway,Clear,40,100,0,0,0
7127,6,Highway,Clear,47,100,0,0,0
7128,18,Rural,Rain,76,60,0,0,0
7129,15,Urban,Fog,42,40,0,0,0
7130,0,Highway,Rain,52,100,1,1,1
7131,13,Urban,Rain,43,40,0,0,0
7132,14,Rural,Clear,48,60,0,0,0
7133,3,Highway,Fog,48,100,0,1,1
7134,19,Urban,Clear,69,40,0,0,0
7135,17,Highway,Clear,88,100,0,0,0
7136,9,Urban,Clear,61,40,0,0,0
7137,6,Rural,Clear,42,60,0,0,0
7138,15,Rural,Clear,40,60,0,0,0
7139,18,Highway,Clear,70,100,0,0,0
7140,5,Urban,Rain,48,40,0,0,0
7141,23,Urban,Fog,35,40,0,0,0
7142,17,Rural,Clear,67,60,0,0,0
7143,18,Urban,Clear,77,40,0,0,0
7144,5,Highway,Clear,31,100,0,0,0
7145,17,Rural,Clear,83,60,0,0,0
7146,0,Highway,Clear,49,100,0,0,0
7147,16,Rural,Clear,32,60,0,0,0
7148,11,Highway,Clear,55,100,0,0,0
7149,7,Urban,Clear,38,40,0,0,0
7150,1,Rural,Clear,43,60,0,0,0
7151,16,Highway,Rain,55,100,1,1,1
7152,5,Rural,Snow,37,60,0,0,0
7153,19,Highway,Rain,100,100,0,0,0
7154,0,Urban,Rain,30,40,0,0,0
7155,1,Highway,Fog,42,100,1,1,1
7156,17,Highway,Rain,97,100,0,0,0
7157,19,Rural,Rain,60,60,0,0,0
7158,7,Urban,Clear,40,40,0,0,0
7159,2,Highway,Clear,35,100,1,1,1
7160,17,Highway,Fog,87,100,0,0,0
7161,4,Highway,Rain,48,100,1,1,1
7162,21,Rural,Clear,50,60,0,0,0
7163,16,Rural,Clear,49,60,0,0,0
7164,5,Urban,Clear,29,40,0,0,0
7165,19,Rural,Clear,80,60,0,0,0
7166,12,Highway,Clear,41,100,0,0,0
7167,9,Urban,Rain,81,40,0,0,0
7168,7,Highway,Clear,33,100,0,0,0
7169,23,Urban,Rain,41,40,0,0,0
7170,0,Rural,Clear,39,60,0,0,0
7171,12,Rural,Rain,34,60,0,0,0
7172,1,Urban,Clear,22,40,0,0,0
7173,1,Urban,Clear,36,40,0,0,0
7174,8,Rural,Snow,78,60,0,0,0
7175,19,Urban,Clear,72,40,0,0,0
7176,6,Urban,Clear,27,40,0,0,0
7177,1,Urban,Snow,24,40,0,0,0
7178,20,Urban,Clear,22,40,0,0,0
7179,15,Urban,Clear,30,40,0,0,0
7180,22,Rural,Rain,37,60,0,0,0
7181,4,Rural,Clear,41,60,0,0,0
7182,4,Urban,Clear,47,40,0,0,0
7183,17,Highway,Fog,94,100,1,1,1
7184,0,Highway,Rain,50,100,1,1,1
7185,0,Highway,Rain,34,100,1,1,1
7186,9,Rural,Clear,81,60,0,0,0
7187,10,Urban,Fog,81,40,0,0,0
7188,9,Urban,Rain,83,40,0,0,0
7189,21,Rural,Clear,34,60,0,0,0
7190,21,Rural,Clear,25,60,0,0,0
7191,0,Urban,Fog,33,40,0,0,0
7192,12,Rural,Clear,48,60,0,0,0
7193,21,Highway,Clear,45,100,0,0,0
7194,14,Urban,Rain,29,40,0,0,0
7195,0,Urban,Clear,46,40,0,0,0
7196,5,Urban,Rain,43,40,0,0,0
7197,3,Urban,Clear,24,40,0,0,0
7198,7,Urban,Clear,31,40,0,0,0
7199,7,Rural,Clear,45,60,0,0,0
7200,6,Urban,Rain,29,40,0,0,0
7201,18,Highway,Rain,100,100,0,0,0
7202,17,Rural,Clear,87,60,0,0,0
7203,8,Highway,Clear,74,100,0,0,0
7204,11,Highway,Clear,38,100,0,0,0
7205,19,Urban,Clear,79,40,0,0,0
7206,22,Urban,Rain,41,40,0,0,0
7207,15,Urban,Clear,36,40,0,0,0
7208,12,Rural,Rain,49,60,0,0,0
7209,14,Urban,Clear,34,40,0,0,0
7210,3,Rural,Fog,23,60,0,0,0
7211,0,Urban,Clear,26,40,0,0,0
7212,0,Rural,Clear,39,60,0,0,0
7213,6,Rural,Rain,31,60,0,0,0
7214,14,Highway,Rain,33,100,0,0,0
7215,4,Urban,Clear,42,40,0,0,0
7216,0,Highway,Clear,34,100,1,1,1
7217,0,Highway,Rain,40,100,1,1,1
7218,14,Highway,Clear,55,100,0,0,0
7219,16,Urban,Snow,26,40,0,0,0
7220,15,Highway,Rain,34,100,1,1,1
7221,12,Highway,Rain,42,100,1,1,1
7222,5,Highway,Clear,32,100,0,0,0
7223,4,Urban,Rain,38,40,0,0,0
7224,5,Urban,Rain,31,40,0,0,0
7225,17,Urban,Fog,80,40,0,0,0
7226,23,Urban,Snow,48,40,0,0,0
7227,19,Highway,Rain,94,100,1,1,1
7228,12,Highway,Fog,41,100,0,0,0
7229,12,Highway,Fog,33,100,0,0,0
7230,23,Urban,Clear,44,40,0,0,0
7231,23,Urban,Clear,33,40,0,0,0
7232,18,Rural,Clear,84,60,0,0,0
7233,21,Urban,Fog,44,40,0,0,0
7234,9,Highway,Clear,79,100,0,0,0
7235,12,Highway,Clear,51,100,0,0,0
7236,9,Urban,Clear,66,40,0,0,0
7237,20,Urban,Fog,39,40,0,0,0
7238,23,Highway,Clear,42,100,1,1,1
7239,15,Urban,Rain,33,40,0,0,0
7240,22,Rural,Clear,50,60,0,0,0
7241,20,Rural,Clear,37,60,0,0,0
7242,1,Rural,Clear,48,60,0,0,0
7243,21,Highway,Clear,34,100,0,0,0
7244,9,Urban,Clear,72,40,0,0,0
7245,14,Urban,Clear,48,40,0,0,0
7246,1,Urban,Clear,34,40,0,0,0
7247,20,Rural,Clear,34,60,0,0,0
7248,20,Rural,Clear,37,60,0,0,0
7249,3,Rural,Rain,38,60,0,0,0
7250,16,Rural,Fog,40,60,0,0,0
7251,11,Rural,Clear,42,60,0,0,0
7252,2,Rural,Clear,34,60,0,0,0
7253,11,Highway,Clear,34,100,0,0,0
7254,2,Urban,Clear,31,40,0,0,0
7255,19,Highway,Fog,91,100,0,0,0
7256,9,Urban,Fog,66,40,0,0,0
7257,8,Rural,Clear,77,60,0,0,0
7258,21,Urban,Fog,42,40,0,0,0
7259,7,Urban,Clear,25,40,0,0,0
7260,18,Rural,Clear,67,60,0,0,0
7261,13,Highway,Clear,42,100,0,0,0
7262,20,Highway,Clear,37,100,0,0,0
7263,15,Rural,Clear,30,60,0,0,0
7264,17,Highway,Clear,97,100,0,0,0
7265,12,Highway,Clear,50,100,0,0,0
7266,13,Rural,Clear,22,60,0,0,0
7267,19,Urban,Clear,89,40,0,0,0
7268,21,Rural,Clear,34,60,0,0,0
7269,16,Rural,Clear,45,60,0,0,0
7270,18,Highway,Clear,95,100,0,0,0
7271,20,Highway,Rain,40,100,0,0,0
7272,23,Urban,Rain,32,40,0,0,0
7273,20,Urban,Clear,21,40,0,0,0
7274,18,Highway,Clear,75,100,0,0,0
7275,15,Highway,Fog,57,100,0,1,1
7276,18,Highway,Clear,91,100,0,0,0
7277,18,Highway,Rain,70,100,1,1,1
7278,1,Highway,Snow,43,100,1,1,1
7279,16,Rural,Clear,30,60,0,0,0
7280,16,Urban,Rain,40,40,0,0,0
7281,1,Highway,Clear,52,100,1,1,1
7282,9,Rural,Clear,82,60,0,0,0
7283,10,Rural,Fog,63,60,0,0,0
7284,1,Rural,Rain,40,60,0,0,0
7285,12,Urban,Fog,48,40,0,0,0
7286,6,Urban,Snow,42,40,0,0,0
7287,9,Highway,Clear,81,100,0,0,0
7288,16,Urban,Clear,50,40,0,0,0
7289,1,Urban,Rain,24,40,0,0,0
7290,19,Urban,Rain,88,40,0,0,0
7291,16,Urban,Fog,48,40,0,0,0
7292,1,Rural,Clear,23,60,0,0,0
7293,18,Highway,Clear,89,100,0,0,0
7294,18,Highway,Rain,77,100,1,1,1
7295,2,Highway,Rain,40,100,1,1,1
7296,19,Highway,Clear,83,100,0,0,0
7297,1,Urban,Clear,24,40,0,0,0
7298,15,Rural,Clear,27,60,0,0,0
7299,22,Rural,Rain,36,60,0,0,0
7300,2,Highway,Fog,49,100,1,1,1
7301,10,Rural,Snow,63,60,0,0,0
7302,0,Urban,Clear,30,40,0,0,0
7303,11,Urban,Rain,27,40,0,0,0
7304,16,Urban,Rain,50,40,0,0,0
7305,11,Rural,Clear,27,60,0,0,0
7306,15,Rural,Clear,49,60,0,0,0
7307,6,Highway,Clear,37,100,0,0,0
7308,9,Urban,Clear,82,40,0,0,0
7309,20,Rural,Clear,46,60,0,0,0
7310,15,Highway,Clear,36,100,0,0,0
7311,17,Rural,Clear,75,60,0,0,0
7312,23,Highway,Fog,42,100,1,1,1
7313,2,Rural,Clear,46,60,0,0,0
7314,8,Highway,Fog,83,100,0,1,1
7315,11,Rural,Rain,32,60,0,0,0
7316,9,Rural,Fog,66,60,0,0,0
7317,4,Urban,Rain,22,40,0,0,0
7318,8,Highway,Clear,75,100,0,0,0
7319,23,Urban,Clear,39,40,0,0,0
7320,23,Highway,Clear,46,100,0,0,0
7321,3,Highway,Clear,58,100,0,0,0
7322,8,Rural,Clear,71,60,0,0,0
7323,19,Highway,Clear,74,100,0,0,0
7324,2,Highway,Rain,48,100,1,1,1
7325,7,Urban,Clear,31,40,0,0,0
7326,14,Rural,Clear,32,60,0,0,0
7327,13,Highway,Rain,46,100,0,0,0
7328,23,Rural,Rain,28,60,0,0,0
7329,0,Highway,Clear,39,100,1,1,1
7330,4,Urban,Clear,35,40,0,0,0
7331,6,Highway,Clear,33,100,0,0,0
7332,6,Urban,Clear,49,40,0,0,0
7333,4,Rural,Clear,29,60,0,0,0
7334,0,Highway,Rain,45,100,1,1,1
7335,19,Highway,Clear,85,100,0,0,0
7336,2,Urban,Clear,49,40,0,0,0
7337,17,Urban,Clear,70,40,0,0,0
7338,4,Highway,Clear,36,100,1,1,1
7339,12,Rural,Rain,45,60,0,0,0
7340,17,Rural,Snow,67,60,0,0,0
7341,23,Highway,Clear,42,100,0,1,1
7342,2,Highway,Clear,31,100,1,1,1
7343,3,Urban,Rain,46,40,0,0,0
7344,14,Urban,Fog,50,40,0,0,0
7345,10,Highway,Clear,75,100,0,0,0
7346,5,Urban,Clear,30,40,0,0,0
7347,6,Highway,Rain,32,100,0,0,0
7348,23,Rural,Clear,31,60,0,0,0
7349,14,Highway,Clear,49,100,0,0,0
7350,13,Highway,Rain,47,100,0,0,0
7351,12,Rural,Rain,34,60,0,0,0
7352,11,Urban,Rain,50,40,0,0,0
7353,19,Urban,Clear,73,40,0,0,0
7354,1,Rural,Clear,33,60,0,0,0
7355,22,Urban,Clear,47,40,0,0,0
7356,2,Urban,Rain,40,40,0,0,0
7357,10,Highway,Rain,98,100,0,0,0
7358,8,Highway,Snow,99,100,0,0,0
7359,0,Urban,Clear,41,40,0,0,0
7360,2,Rural,Rain,38,60,1,1,1
7361,8,Urban,Clear,72,40,0,0,0
7362,2,Highway,Clear,55,100,1,1,1
7363,3,Urban,Rain,49,40,0,0,0
7364,8,Highway,Clear,96,100,0,0,0
7365,9,Rural,Fog,72,60,0,0,0
7366,22,Highway,Rain,42,100,1,1,1
7367,0,Urban,Clear,23,40,0,0,0
7368,22,Urban,Rain,26,40,0,0,0
7369,21,Highway,Rain,57,100,0,0,0
7370,7,Rural,Rain,46,60,0,0,0
7371,9,Highway,Rain,75,100,0,0,0
7372,17,Highway,Fog,86,100,0,0,0
7373,2,Rural,Clear,27,60,0,0,0
7374,7,Urban,Fog,49,40,0,0,0
7375,4,Highway,Clear,60,100,0,0,0
7376,1,Highway,Clear,32,100,0,0,0
7377,0,Highway,Clear,32,100,0,0,0
7378,10,Highway,Rain,84,100,0,0,0
7379,12,Rural,Clear,29,60,0,0,0
7380,14,Rural,Clear,39,60,0,0,0
7381,2,Rural,Clear,24,60,0,0,0
7382,23,Rural,Clear,38,60,0,0,0
7383,14,Highway,Fog,41,100,0,0,0
7384,5,Highway,Fog,37,100,0,0,0
7385,14,Rural,Clear,33,60,0,0,0
7386,8,Rural,Clear,68,60,0,0,0
7387,5,Urban,Clear,44,40,0,0,0
7388,16,Highway,Clear,47,100,0,0,0
7389,8,Urban,Snow,90,40,0,0,0
7390,9,Highway,Clear,83,100,0,0,0
7391,23,Rural,Rain,37,60,0,0,0
7392,8,Highway,Rain,98,100,1,1,1
7393,2,Highway,Clear,52,100,1,1,1
7394,22,Highway,Clear,42,100,0,0,0
7395,17,Urban,Clear,79,40,0,0,0
7396,22,Urban,Snow,35,40,0,0,0
7397,9,Urban,Fog,70,40,0,0,0
7398,6,Urban,Clear,41,40,0,0,0
7399,18,Rural,Fog,88,60,0,0,0
7400,10,Urban,Clear,60,40,0,0,0
7401,20,Highway,Clear,58,100,0,0,0
7402,1,Rural,Clear,26,60,0,0,0
7403,6,Highway,Rain,58,100,0,0,0
7404,0,Rural,Fog,24,60,0,0,0
7405,1,Urban,Clear,25,40,0,0,0
7406,9,Rural,Clear,84,60,0,0,0
7407,21,Rural,Clear,26,60,0,0,0
7408,6,Rural,Clear,32,60,0,0,0
7409,0,Highway,Rain,43,100,1,1,1
7410,15,Highway,Fog,49,100,1,1,1
7411,16,Urban,Snow,47,40,0,0,0
7412,1,Rural,Clear,49,60,0,0,0
7413,2,Urban,Fog,27,40,0,0,0
7414,7,Urban,Clear,40,40,0,0,0
7415,15,Rural,Rain,28,60,0,0,0
7416,3,Rural,Clear,42,60,0,0,0
7417,10,Urban,Clear,85,40,0,0,0
7418,23,Urban,Clear,45,40,0,0,0
7419,8,Rural,Clear,84,60,0,0,0
7420,15,Rural,Fog,39,60,0,0,0
7421,23,Rural,Clear,35,60,0,0,0
7422,0,Rural,Clear,36,60,0,0,0
7423,10,Urban,Rain,81,40,0,0,0
7424,4,Urban,Snow,23,40,0,0,0
7425,10,Urban,Rain,74,40,0,0,0
7426,4,Urban,Clear,34,40,0,0,0
7427,16,Rural,Rain,49,60,0,0,0
7428,12,Urban,Snow,37,40,0,0,0
7429,18,Urban,Clear,90,40,0,0,0
7430,13,Urban,Rain,23,40,0,0,0
7431,9,Rural,Rain,88,60,0,0,0
7432,2,Highway,Fog,33,100,1,1,1
7433,10,Urban,Rain,90,40,0,0,0
7434,19,Rural,Fog,85,60,0,0,0
7435,3,Highway,Clear,41,100,1,1,1
7436,7,Highway,Clear,40,100,0,0,0
7437,2,Urban,Fog,25,40,0,0,0
7438,1,Urban,Clear,44,40,0,0,0
7439,18,Highway,Rain,84,100,0,0,0
7440,3,Rural,Clear,31,60,0,0,0
7441,11,Rural,Fog,29,60,0,0,0
7442,1,Rural,Clear,35,60,0,0,0
7443,6,Highway,Snow,42,100,0,0,0
7444,22,Urban,Clear,23,40,0,0,0
7445,0,Highway,Clear,39,100,0,0,0
7446,11,Urban,Clear,22,40,0,0,0
7447,0,Rural,Fog,32,60,0,0,0
7448,1,Urban,Clear,44,40,0,0,0
7449,8,Urban,Fog,64,40,0,0,0
7450,20,Urban,Clear,26,40,0,0,0
7451,7,Urban,Rain,36,40,0,0,0
7452,20,Urban,Rain,50,40,0,0,0
7453,9,Highway,Clear,99,100,0,0,0
7454,8,Urban,Clear,60,40,0,0,0
7455,15,Highway,Rain,45,100,0,0,0
7456,21,Rural,Clear,36,60,0,0,0
7457,18,Urban,Clear,60,40,0,0,0
7458,16,Urban,Clear,41,40,0,0,0
7459,2,Urban,Snow,47,40,0,0,0
7460,14,Highway,Clear,42,100,0,0,0
7461,2,Highway,Clear,40,100,1,1,1
7462,8,Urban,Rain,84,40,0,0,0
7463,2,Rural,Snow,21,60,0,0,0
7464,3,Highway,Clear,46,100,1,1,1
7465,18,Rural,Clear,88,60,0,0,0
7466,5,Highway,Clear,57,100,0,0,0
7467,14,Urban,Rain,33,40,0,0,0
7468,19,Highway,Rain,80,100,0,0,0
7469,16,Highway,Rain,46,100,1,1,1
7470,19,Highway,Fog,91,100,0,0,0
7471,22,Urban,Clear,23,40,0,0,0
7472,17,Urban,Clear,66,40,0,0,0
7473,19,Rural,Clear,79,60,0,0,0
7474,14,Highway,Rain,37,100,0,0,0
7475,4,Rural,Fog,23,60,0,0,0
7476,13,Highway,Clear,48,100,0,0,0
7477,7,Rural,Rain,27,60,0,0,0
7478,3,Rural,Clear,43,60,0,0,0
7479,6,Urban,Clear,46,40,0,0,0
7480,19,Rural,Rain,86,60,0,0,0
7481,22,Rural,Clear,41,60,0,0,0
7482,18,Highway,Fog,95,100,0,0,0
7483,15,Highway,Clear,45,100,0,0,0
7484,6,Rural,Fog,41,60,0,0,0
7485,9,Highway,Clear,78,100,0,0,0
7486,4,Rural,Clear,31,60,0,0,0
7487,21,Urban,Clear,44,40,0,0,0
7488,8,Highway,Rain,83,100,0,0,0
7489,12,Highway,Clear,45,100,0,0,0
7490,7,Highway,Clear,54,100,0,0,0
7491,2,Rural,Clear,39,60,0,0,0
7492,19,Rural,Fog,69,60,0,0,0
7493,18,Rural,Clear,64,60,0,0,0
7494,4,Rural,Clear,49,60,0,0,0
7495,11,Rural,Clear,34,60,0,0,0
7496,9,Urban,Rain,67,40,0,0,0
7497,21,Urban,Rain,46,40,0,0,0
7498,19,Urban,Rain,73,40,0,0,0
7499,18,Urban,Clear,82,40,0,0,0
7500,9,Urban,Clear,78,40,0,0,0
7501,14,Highway,Clear,32,100,0,0,0
7502,2,Rural,Rain,47,60,0,0,0
7503,6,Urban,Clear,20,40,0,0,0
7504,7,Urban,Rain,23,40,0,0,0
7505,6,Highway,Clear,56,100,0,0,0
7506,5,Rural,Fog,37,60,0,0,0
7507,7,Highway,Clear,59,100,0,0,0
7508,16,Urban,Rain,25,40,0,0,0
7509,0,Highway,Clear,39,100,0,0,0
7510,0,Rural,Clear,38,60,0,0,0
7511,13,Highway,Clear,47,100,0,0,0
7512,9,Highway,Fog,98,100,1,1,1
7513,7,Rural,Snow,26,60,0,0,0
7514,0,Highway,Fog,35,100,1,1,1
7515,9,Rural,Clear,60,60,0,0,0
7516,10,Urban,Rain,89,40,0,0,0
7517,0,Rural,Rain,45,60,0,0,0
7518,13,Highway,Rain,32,100,1,1,1
7519,8,Highway,Clear,75,100,0,0,0
7520,22,Urban,Clear,48,40,0,0,0
7521,20,Urban,Clear,42,40,0,0,0
7522,0,Rural,Clear,25,60,0,0,0
7523,23,Rural,Clear,44,60,0,0,0
7524,16,Urban,Fog,29,40,0,0,0
7525,15,Highway,Rain,37,100,0,0,0
7526,2,Highway,Rain,60,100,1,1,1
7527,12,Urban,Fog,23,40,0,0,0
7528,17,Highway,Clear,74,100,0,0,0
7529,19,Urban,Fog,76,40,0,0,0
7530,8,Rural,Clear,60,60,0,0,0
7531,12,Highway,Fog,47,100,1,1,1
7532,12,Rural,Clear,49,60,0,0,0
7533,3,Urban,Clear,40,40,0,0,0
7534,13,Highway,Rain,40,100,1,1,1
7535,10,Rural,Clear,80,60,0,0,0
7536,19,Highway,Clear,100,100,0,0,0
7537,10,Rural,Rain,66,60,0,0,0
7538,12,Urban,Clear,32,40,0,0,0
7539,19,Highway,Clear,93,100,0,0,0
7540,17,Urban,Clear,64,40,0,0,0
7541,7,Urban,Rain,27,40,0,0,0
7542,13,Highway,Rain,47,100,0,0,0
7543,7,Highway,Clear,53,100,0,0,0
7544,0,Rural,Clear,49,60,0,0,0
7545,7,Highway,Rain,49,100,0,0,0
7546,4,Highway,Rain,53,100,1,1,1
7547,19,Rural,Clear,72,60,0,0,0
7548,7,Rural,Rain,47,60,0,0,0
7549,7,Urban,Clear,50,40,0,0,0
7550,9,Rural,Rain,67,60,0,0,0
7551,22,Highway,Clear,47,100,0,0,0
7552,10,Urban,Clear,86,40,0,0,0
7553,15,Highway,Clear,58,100,0,0,0
7554,3,Highway,Fog,59,100,1,1,1
7555,19,Urban,Clear,81,40,0,0,0
7556,0,Urban,Clear,41,40,0,0,0
7557,9,Highway,Clear,79,100,0,0,0
7558,0,Rural,Clear,40,60,0,0,0
7559,1,Urban,Rain,37,40,0,0,0
7560,0,Highway,Rain,45,100,1,1,1
7561,11,Highway,Rain,48,100,0,0,0
7562,4,Urban,Clear,48,40,0,0,0
7563,12,Urban,Rain,30,40,0,0,0
7564,6,Rural,Rain,27,60,0,0,0
7565,23,Rural,Rain,27,60,0,0,0
7566,2,Urban,Rain,20,40,0,0,0
7567,8,Highway,Rain,89,100,0,0,0
7568,18,Rural,Clear,89,60,0,0,0
7569,9,Urban,Clear,88,40,0,0,0
7570,3,Rural,Fog,48,60,0,0,0
7571,14,Highway,Fog,59,100,1,1,1
7572,10,Urban,Clear,85,40,0,0,0
7573,9,Highway,Rain,77,100,0,0,0
7574,21,Urban,Clear,24,40,0,0,0
7575,10,Urban,Rain,68,40,0,0,0
7576,18,Urban,Rain,75,40,0,0,0
7577,14,Rural,Rain,26,60,0,0,0
7578,13,Highway,Fog,44,100,0,0,0
7579,14,Highway,Clear,47,100,0,0,0
7580,18,Rural,Fog,62,60,0,0,0
7581,7,Urban,Clear,26,40,0,0,0
7582,18,Urban,Clear,73,40,0,0,0
7583,20,Rural,Rain,32,60,0,0,0
7584,14,Rural,Rain,27,60,0,0,0
7585,17,Rural,Rain,89,60,0,0,0
7586,14,Rural,Clear,38,60,0,0,0
7587,10,Urban,Clear,65,40,0,0,0
7588,5,Highway,Rain,53,100,0,0,0
7589,12,Rural,Clear,42,60,0,0,0
7590,12,Highway,Clear,49,100,0,0,0
7591,21,Highway,Clear,47,100,0,0,0
7592,8,Rural,Clear,60,60,0,0,0
7593,9,Rural,Fog,65,60,0,0,0
7594,18,Highway,Clear,87,100,0,0,0
7595,23,Rural,Clear,29,60,0,0,0
7596,1,Urban,Rain,35,40,0,0,0
7597,12,Rural,Clear,32,60,0,0,0
7598,17,Urban,Clear,83,40,0,0,0
7599,1,Rural,Snow,23,60,0,0,0
7600,2,Urban,Clear,27,40,0,0,0
7601,10,Highway,Rain,84,100,0,0,0
7602,19,Rural,Clear,88,60,0,0,0
7603,22,Urban,Clear,50,40,0,0,0
7604,4,Rural,Rain,47,60,0,0,0
7605,7,Rural,Clear,23,60,0,0,0
7606,14,Rural,Clear,30,60,0,0,0
7607,6,Rural,Clear,50,60,0,0,0
7608,8,Urban,Snow,82,40,0,0,0
7609,6,Urban,Rain,23,40,0,0,0
7610,21,Rural,Clear,39,60,0,0,0
7611,14,Urban,Clear,25,40,0,0,0
7612,2,Urban,Clear,21,40,0,0,0
7613,6,Rural,Rain,29,60,0,0,0
7614,22,Urban,Fog,36,40,0,0,0
7615,7,Highway,Clear,52,100,0,0,0
7616,4,Rural,Clear,37,60,0,0,0
7617,16,Rural,Rain,34,60,0,0,0
7618,19,Rural,Rain,71,60,0,0,0
7619,8,Rural,Fog,62,60,0,0,0
7620,8,Highway,Clear,92,100,0,0,0
7621,5,Highway,Clear,50,100,0,0,0
7622,22,Urban,Clear,28,40,0,0,0
7623,9,Rural,Snow,75,60,0,0,0
7624,13,Rural,Clear,46,60,0,0,0
7625,12,Highway,Rain,41,100,0,0,0
7626,8,Urban,Fog,68,40,0,0,0
7627,22,Urban,Clear,26,40,0,0,0
7628,10,Highway,Clear,86,100,0,0,0
7629,1,Urban,Clear,45,40,0,0,0
7630,16,Highway,Clear,57,100,0,0,0
7631,11,Urban,Rain,49,40,0,0,0
7632,9,Highway,Clear,82,100,0,0,0
7633,3,Urban,Fog,45,40,0,0,0
7634,20,Urban,Rain,22,40,0,0,0
7635,9,Rural,Snow,77,60,0,0,0
7636,7,Rural,Snow,48,60,0,0,0
7637,9,Rural,Rain,90,60,0,0,0
7638,7,Rural,Clear,35,60,0,0,0
7639,13,Urban,Clear,20,40,0,0,0
7640,10,Highway,Rain,79,100,0,0,0
7641,19,Urban,Clear,60,40,0,0,0
7642,14,Highway,Fog,31,100,1,1,1
7643,9,Urban,Clear,90,40,0,0,0
7644,16,Highway,Fog,37,100,0,0,0
7645,17,Highway,Clear,97,100,0,0,0
7646,19,Urban,Clear,63,40,0,0,0
7647,12,Urban,Clear,46,40,0,0,0
7648,4,Urban,Rain,28,40,0,0,0
7649,4,Urban,Clear,41,40,0,0,0
7650,13,Urban,Rain,26,40,0,0,0
7651,0,Rural,Clear,45,60,0,0,0
7652,20,Highway,Rain,56,100,0,0,0
7653,2,Rural,Rain,39,60,0,0,0
7654,12,Highway,Rain,53,100,0,1,1
7655,21,Rural,Rain,26,60,0,0,0
7656,19,Rural,Rain,77,60,0,0,0
7657,7,Highway,Clear,55,100,0,0,0
7658,2,Rural,Clear,27,60,0,0,0
7659,8,Highway,Clear,81,100,0,0,0
7660,23,Urban,Rain,39,40,0,0,0
7661,19,Rural,Clear,82,60,0,0,0
7662,15,Urban,Clear,24,40,0,0,0
7663,15,Highway,Clear,41,100,0,0,0
7664,11,Rural,Fog,31,60,0,0,0
7665,7,Highway,Clear,52,100,0,0,0
7666,20,Urban,Clear,41,40,0,0,0
7667,13,Rural,Rain,34,60,0,0,0
7668,5,Urban,Clear,28,40,0,0,0
7669,0,Highway,Snow,33,100,1,1,1
7670,22,Rural,Rain,34,60,0,0,0
7671,10,Highway,Clear,70,100,0,0,0
7672,16,Highway,Clear,32,100,0,0,0
7673,18,Urban,Clear,75,40,0,0,0
7674,8,Rural,Rain,81,60,0,0,0
7675,21,Rural,Clear,27,60,0,0,0
7676,5,Highway,Rain,46,100,0,0,0
7677,8,Urban,Fog,67,40,0,0,0
7678,3,Urban,Fog,50,40,0,0,0
7679,9,Urban,Clear,72,40,0,0,0
7680,2,Highway,Clear,57,100,1,1,1
7681,18,Highway,Rain,100,100,1,1,1
7682,11,Highway,Fog,51,100,0,0,0
7683,20,Urban,Rain,22,40,0,0,0
7684,21,Highway,Clear,50,100,0,0,0
7685,8,Urban,Clear,82,40,0,0,0
7686,7,Urban,Rain,37,40,0,0,0
7687,8,Urban,Rain,71,40,0,0,0
7688,0,Rural,Rain,44,60,0,0,0
7689,11,Rural,Clear,46,60,0,0,0
7690,18,Rural,Clear,61,60,0,0,0
7691,16,Urban,Clear,28,40,0,0,0
7692,11,Rural,Rain,50,60,0,0,0
7693,9,Rural,Rain,69,60,0,0,0
7694,17,Rural,Clear,82,60,0,0,0
7695,2,Highway,Clear,48,100,1,1,1
7696,12,Rural,Rain,21,60,0,0,0
7697,14,Urban,Rain,40,40,0,0,0
7698,21,Highway,Rain,37,100,1,1,1
7699,9,Highway,Clear,91,100,0,0,0
7700,21,Urban,Clear,36,40,0,0,0
7701,1,Highway,Fog,41,100,1,1,1
7702,10,Urban,Clear,74,40,0,0,0
7703,18,Highway,Fog,74,100,0,0,0
7704,21,Highway,Clear,32,100,0,0,0
7705,10,Urban,Clear,87,40,0,0,0
7706,19,Urban,Fog,78,40,0,0,0
7707,13,Highway,Clear,44,100,0,0,0
7708,2,Urban,Clear,48,40,0,0,0
7709,0,Rural,Clear,31,60,0,0,0
7710,8,Urban,Clear,63,40,0,0,0
7711,7,Urban,Clear,21,40,0,0,0
7712,13,Highway,Clear,49,100,0,0,0
7713,0,Urban,Clear,37,40,0,0,0
7714,14,Urban,Clear,41,40,0,0,0
7715,18,Urban,Clear,81,40,0,0,0
7716,18,Rural,Clear,60,60,0,0,0
7717,10,Rural,Fog,61,60,0,0,0
7718,14,Urban,Rain,34,40,0,0,0
7719,9,Urban,Clear,67,40,0,0,0
7720,11,Urban,Clear,27,40,0,0,0
7721,14,Highway,Clear,36,100,0,0,0
7722,21,Urban,Clear,42,40,0,0,0
7723,5,Urban,Rain,32,40,0,0,0
7724,22,Rural,Rain,24,60,0,0,0
7725,22,Rural,Rain,43,60,0,0,0
7726,11,Urban,Clear,35,40,0,0,0
7727,8,Rural,Snow,62,60,0,0,0
7728,16,Rural,Clear,36,60,0,0,0
7729,3,Highway,Clear,59,100,0,0,0
7730,4,Urban,Snow,37,40,0,0,0
7731,3,Highway,Clear,40,100,0,0,0
7732,7,Rural,Fog,35,60,0,0,0
7733,21,Urban,Rain,30,40,0,0,0
7734,10,Urban,Snow,80,40,0,0,0
7735,5,Rural,Clear,49,60,0,0,0
7736,1,Urban,Clear,49,40,0,0,0
7737,20,Highway,Clear,52,100,0,0,0
7738,4,Rural,Clear,27,60,0,0,0
7739,8,Urban,Clear,67,40,0,0,0
7740,19,Urban,Clear,90,40,0,0,0
7741,0,Rural,Clear,30,60,0,0,0
7742,8,Rural,Snow,60,60,0,0,0
7743,17,Rural,Clear,69,60,0,0,0
7744,17,Highway,Clear,85,100,0,0,0
7745,16,Highway,Rain,51,100,0,0,0
7746,2,Urban,Snow,39,40,0,0,0
7747,13,Rural,Fog,20,60,0,0,0
7748,8,Rural,Clear,68,60,0,0,0
7749,7,Urban,Clear,32,40,0,0,0
7750,3,Rural,Clear,40,60,0,0,0
7751,21,Urban,Clear,30,40,0,0,0
7752,20,Urban,Clear,40,40,0,0,0
7753,12,Highway,Rain,37,100,1,1,1
7754,13,Rural,Clear,38,60,0,0,0
7755,12,Highway,Clear,39,100,0,0,0
7756,4,Urban,Clear,27,40,0,0,0
7757,8,Highway,Fog,92,100,0,0,0
7758,5,Highway,Rain,58,100,1,1,1
7759,16,Highway,Clear,31,100,0,0,0
7760,7,Urban,Clear,24,40,0,0,0
7761,14,Urban,Clear,43,40,0,0,0
7762,18,Rural,Clear,70,60,0,0,0
7763,23,Highway,Clear,47,100,0,1,1
7764,17,Rural,Clear,76,60,0,0,0
7765,16,Urban,Rain,47,40,0,0,0
7766,21,Urban,Rain,44,40,0,0,0
7767,0,Highway,Clear,34,100,0,0,0
7768,5,Urban,Rain,28,40,0,0,0
7769,11,Rural,Clear,23,60,0,0,0
7770,22,Urban,Fog,39,40,0,0,0
7771,6,Rural,Clear,49,60,0,0,0
7772,20,Highway,Rain,57,100,0,0,0
7773,0,Highway,Clear,30,100,0,0,0
7774,2,Urban,Clear,23,40,0,0,0
7775,14,Urban,Clear,27,40,0,0,0
7776,11,Urban,Clear,46,40,0,0,0
7777,9,Highway,Fog,85,100,1,1,1
7778,15,Urban,Clear,26,40,0,0,0
7779,15,Rural,Clear,47,60,0,0,0
7780,4,Urban,Snow,25,40,0,0,0
7781,21,Urban,Fog,39,40,0,0,0
7782,17,Highway,Rain,76,100,0,0,0
7783,17,Highway,Clear,70,100,0,0,0
7784,4,Rural,Fog,43,60,0,0,0
7785,6,Urban,Clear,31,40,0,0,0
7786,11,Urban,Rain,46,40,0,0,0
7787,15,Urban,Rain,49,40,0,0,0
7788,4,Highway,Clear,60,100,1,1,1
7789,7,Urban,Clear,40,40,0,0,0
7790,11,Rural,Snow,34,60,0,0,0
7791,10,Urban,Rain,64,40,0,0,0
7792,12,Highway,Clear,44,100,0,0,0
7793,11,Highway,Snow,37,100,1,1,1
7794,14,Rural,Clear,38,60,0,0,0
7795,7,Rural,Clear,49,60,0,0,0
7796,13,Urban,Clear,41,40,0,0,0
7797,17,Rural,Clear,65,60,0,0,0
7798,6,Urban,Clear,45,40,0,0,0
7799,22,Urban,Rain,31,40,0,0,0
7800,8,Highway,Snow,78,100,0,0,0
7801,13,Rural,Clear,45,60,0,0,0
7802,7,Highway,Fog,39,100,0,0,0
7803,11,Highway,Clear,47,100,0,0,0
7804,2,Urban,Rain,44,40,0,0,0
7805,18,Rural,Clear,60,60,0,0,0
7806,19,Urban,Clear,73,40,0,0,0
7807,3,Rural,Clear,33,60,0,0,0
7808,0,Highway,Clear,30,100,0,0,0
7809,21,Urban,Rain,28,40,0,0,0
7810,21,Highway,Fog,49,100,0,0,0
7811,9,Urban,Fog,90,40,0,0,0
7812,0,Urban,Rain,45,40,0,0,0
7813,18,Highway,Clear,99,100,0,0,0
7814,7,Rural,Rain,36,60,0,0,0
7815,1,Urban,Clear,24,40,0,0,0
7816,7,Highway,Clear,37,100,0,0,0
7817,22,Highway,Rain,35,100,1,1,1
7818,20,Rural,Clear,41,60,0,0,0
7819,17,Rural,Rain,77,60,0,0,0
7820,20,Rural,Rain,40,60,0,0,0
7821,18,Urban,Fog,90,40,0,0,0
7822,14,Highway,Rain,32,100,1,1,1
7823,6,Highway,Clear,33,100,0,0,0
7824,9,Urban,Clear,63,40,0,0,0
7825,8,Rural,Rain,65,60,0,0,0
7826,20,Highway,Clear,56,100,0,0,0
7827,17,Urban,Clear,88,40,0,0,0
7828,12,Highway,Fog,52,100,0,0,0
7829,5,Rural,Snow,38,60,0,0,0
7830,23,Urban,Fog,42,40,0,0,0
7831,19,Urban,Rain,82,40,0,0,0
7832,19,Rural,Clear,81,60,0,0,0
7833,10,Urban,Fog,61,40,0,0,0
7834,0,Rural,Fog,45,60,0,0,0
7835,18,Urban,Clear,90,40,0,0,0
7836,21,Highway,Clear,38,100,0,0,0
7837,3,Highway,Rain,42,100,1,1,1
7838,11,Urban,Clear,35,40,0,0,0
7839,23,Urban,Clear,20,40,0,0,0
7840,17,Rural,Clear,73,60,0,0,0
7841,13,Highway,Clear,37,100,0,0,0
7842,12,Highway,Clear,49,100,0,0,0
7843,9,Rural,Clear,70,60,0,0,0
7844,11,Rural,Clear,41,60,0,0,0
7845,22,Rural,Rain,22,60,0,0,0
7846,2,Urban,Rain,47,40,0,0,0
7847,11,Rural,Clear,48,60,0,0,0
7848,4,Urban,Clear,20,40,0,0,0
7849,23,Rural,Clear,30,60,0,0,0
7850,10,Urban,Snow,88,40,0,0,0
7851,22,Highway,Snow,55,100,1,1,1
7852,14,Highway,Clear,37,100,0,0,0
7853,2,Urban,Clear,46,40,0,0,0
7854,5,Urban,Snow,37,40,0,0,0
7855,21,Rural,Clear,36,60,0,0,0
7856,10,Rural,Fog,90,60,0,0,0
7857,19,Rural,Fog,60,60,0,0,0
7858,9,Highway,Rain,79,100,1,1,1
7859,19,Urban,Rain,66,40,0,0,0
7860,4,Urban,Rain,31,40,0,0,0
7861,17,Urban,Rain,73,40,0,0,0
7862,13,Urban,Clear,35,40,0,0,0
7863,5,Urban,Clear,45,40,0,0,0
7864,10,Rural,Clear,82,60,0,0,0
7865,8,Urban,Clear,89,40,0,0,0
7866,9,Highway,Clear,74,100,0,0,0
7867,7,Urban,Clear,31,40,0,0,0
7868,22,Urban,Rain,49,40,0,0,0
7869,16,Highway,Clear,60,100,0,0,0
7870,6,Highway,Clear,35,100,0,0,0
7871,2,Rural,Clear,24,60,0,0,0
7872,14,Rural,Clear,46,60,0,0,0
7873,19,Urban,Clear,86,40,0,0,0
7874,2,Urban,Clear,36,40,0,0,0
7875,11,Highway,Clear,34,100,0,0,0
7876,16,Highway,Clear,46,100,0,0,0
7877,12,Rural,Clear,33,60,0,0,0
7878,20,Highway,Clear,46,100,0,0,0
7879,0,Urban,Clear,37,40,0,0,0
7880,5,Urban,Clear,32,40,0,0,0
7881,14,Rural,Rain,34,60,0,0,0
7882,16,Urban,Fog,46,40,0,0,0
7883,0,Highway,Clear,57,100,0,1,1
7884,10,Urban,Clear,77,40,0,0,0
7885,0,Highway,Fog,58,100,1,1,1
7886,0,Rural,Rain,47,60,0,0,0
7887,4,Highway,Clear,43,100,0,0,0
7888,12,Rural,Fog,42,60,0,0,0
7889,8,Highway,Clear,77,100,0,0,0
7890,1,Rural,Clear,36,60,0,0,0
7891,14,Highway,Clear,59,100,0,0,0
7892,12,Rural,Rain,39,60,0,0,0
7893,5,Urban,Clear,48,40,0,0,0
7894,10,Rural,Clear,80,60,0,0,0
7895,15,Urban,Clear,48,40,0,0,0
7896,12,Highway,Clear,32,100,0,0,0
7897,23,Rural,Clear,25,60,0,0,0
7898,13,Urban,Rain,39,40,0,0,0
7899,13,Highway,Clear,52,100,0,0,0
7900,19,Rural,Rain,72,60,0,0,0
7901,19,Rural,Fog,85,60,0,0,0
7902,6,Highway,Clear,47,100,0,0,0
7903,2,Rural,Clear,36,60,0,0,0
7904,18,Highway,Fog,93,100,0,0,0
7905,2,Urban,Clear,34,40,0,0,0
7906,6,Urban,Clear,41,40,0,0,0
7907,4,Urban,Fog,29,40,0,0,0
7908,8,Highway,Rain,82,100,0,0,0
7909,9,Rural,Rain,61,60,0,0,0
7910,3,Urban,Clear,41,40,0,0,0
7911,13,Rural,Clear,28,60,0,0,0
7912,23,Highway,Clear,32,100,0,0,0
7913,5,Urban,Rain,25,40,0,0,0
7914,13,Rural,Rain,34,60,0,0,0
7915,14,Rural,Clear,34,60,0,0,0
7916,18,Highway,Clear,79,100,0,0,0
7917,0,Urban,Rain,38,40,0,0,0
7918,3,Highway,Clear,40,100,0,0,0
7919,8,Highway,Clear,81,100,0,0,0
7920,13,Highway,Clear,30,100,0,0,0
7921,7,Rural,Fog,44,60,0,0,0
7922,12,Highway,Rain,48,100,0,0,0
7923,8,Urban,Clear,72,40,0,0,0
7924,2,Urban,Clear,27,40,0,0,0
7925,10,Rural,Rain,76,60,0,0,0
7926,0,Rural,Clear,29,60,0,0,0
7927,21,Urban,Clear,38,40,0,0,0
7928,6,Urban,Fog,42,40,0,0,0
7929,4,Rural,Clear,22,60,0,0,0
7930,10,Rural,Rain,76,60,0,0,0
7931,12,Rural,Clear,36,60,0,0,0
7932,21,Rural,Clear,22,60,0,0,0
7933,9,Highway,Rain,92,100,1,1,1
7934,15,Highway,Clear,49,100,0,0,0
7935,10,Urban,Clear,89,40,0,0,0
7936,12,Rural,Clear,48,60,0,0,0
7937,13,Highway,Snow,33,100,0,1,1
7938,17,Urban,Clear,63,40,0,0,0
7939,21,Highway,Clear,52,100,0,0,0
7940,13,Urban,Rain,47,40,0,0,0
7941,13,Rural,Clear,26,60,0,0,0
7942,17,Rural,Fog,77,60,0,0,0
7943,2,Rural,Fog,30,60,0,0,0
7944,9,Rural,Rain,85,60,0,0,0
7945,6,Urban,Clear,38,40,0,0,0
7946,6,Urban,Clear,47,40,0,0,0
7947,21,Highway,Clear,44,100,0,0,0
7948,10,Urban,Snow,81,40,0,0,0
7949,12,Rural,Clear,25,60,0,0,0
7950,8,Highway,Clear,90,100,0,0,0
7951,23,Rural,Clear,33,60,0,0,0
7952,19,Rural,Clear,90,60,0,0,0
7953,4,Urban,Clear,47,40,0,0,0
7954,17,Highway,Rain,89,100,0,0,0
7955,0,Urban,Clear,38,40,0,0,0
7956,23,Highway,Clear,48,100,1,1,1
7957,13,Urban,Clear,33,40,0,0,0
7958,22,Rural,Fog,30,60,0,0,0
7959,17,Urban,Snow,74,40,0,0,0
7960,1,Urban,Fog,26,40,0,0,0
7961,22,Rural,Clear,35,60,0,0,0
7962,2,Highway,Clear,30,100,1,1,1
7963,18,Urban,Fog,71,40,0,0,0
7964,18,Urban,Clear,77,40,0,0,0
7965,18,Urban,Rain,74,40,0,0,0
7966,12,Urban,Rain,22,40,0,0,0
7967,11,Rural,Clear,35,60,0,0,0
7968,9,Rural,Rain,72,60,0,0,0
7969,8,Rural,Clear,76,60,0,0,0
7970,17,Rural,Clear,60,60,0,0,0
7971,15,Rural,Clear,45,60,0,0,0
7972,19,Urban,Clear,82,40,0,0,0
7973,3,Urban,Clear,42,40,0,0,0
7974,4,Rural,Clear,44,60,0,0,0
7975,14,Rural,Clear,28,60,0,0,0
7976,18,Urban,Rain,81,40,0,0,0
7977,20,Rural,Clear,35,60,0,0,0
7978,4,Rural,Rain,47,60,0,0,0
7979,4,Rural,Rain,45,60,0,0,0
7980,16,Urban,Rain,48,40,0,0,0
7981,9,Rural,Rain,83,60,0,0,0
7982,19,Highway,Rain,76,100,0,0,0
7983,19,Rural,Fog,77,60,0,0,0
7984,14,Rural,Clear,32,60,0,0,0
7985,2,Urban,Rain,32,40,0,0,0
7986,17,Urban,Clear,64,40,0,0,0
7987,9,Highway,Snow,79,100,0,0,0
7988,8,Highway,Clear,89,100,0,0,0
7989,6,Urban,Rain,32,40,0,0,0
7990,8,Rural,Clear,87,60,0,0,0
7991,11,Urban,Rain,34,40,0,0,0
7992,16,Urban,Fog,44,40,0,0,0
7993,17,Highway,Fog,95,100,0,0,0
7994,0,Urban,Clear,45,40,0,0,0
7995,22,Highway,Rain,54,100,1,1,1
7996,15,Highway,Clear,59,100,0,0,0
7997,9,Urban,Clear,89,40,0,0,0
7998,8,Rural,Rain,83,60,0,0,0
7999,4,Highway,Clear,43,100,0,0,0
8000,18,Rural,Clear,82,60,0,0,0
8001,15,Urban,Clear,45,40,0,0,0
8002,17,Urban,Clear,90,40,0,0,0
8003,1,Urban,Fog,24,40,0,0,0
8004,19,Rural,Clear,69,60,0,0,0
8005,22,Rural,Clear,43,60,0,0,0
8006,15,Highway,Fog,40,100,0,0,0
8007,18,Urban,Clear,80,40,0,0,0
8008,22,Urban,Rain,45,40,0,0,0
8009,12,Rural,Rain,38,60,0,0,0
8010,6,Urban,Clear,23,40,0,0,0
8011,1,Urban,Clear,39,40,0,0,0
8012,8,Urban,Clear,88,40,0,0,0
8013,11,Rural,Clear,30,60,0,0,0
8014,0,Rural,Clear,39,60,0,0,0
8015,5,Highway,Clear,44,100,0,0,0
8016,0,Rural,Rain,47,60,0,0,0
8017,13,Urban,Rain,50,40,0,0,0
8018,17,Urban,Rain,85,40,0,0,0
8019,11,Highway,Clear,53,100,0,0,0
8020,4,Urban,Clear,28,40,0,0,0
8021,13,Rural,Clear,41,60,0,0,0
8022,9,Rural,Rain,64,60,0,0,0
8023,15,Urban,Fog,38,40,0,0,0
8024,13,Highway,Clear,54,100,0,0,0
8025,13,Highway,Clear,54,100,0,0,0
8026,10,Highway,Clear,79,100,0,0,0
8027,19,Urban,Clear,85,40,0,0,0
8028,9,Highway,Clear,90,100,0,0,0
8029,16,Urban,Clear,49,40,0,0,0
8030,6,Highway,Clear,48,100,0,0,0
8031,2,Urban,Snow,46,40,0,0,0
8032,1,Urban,Clear,39,40,0,0,0
8033,9,Urban,Snow,72,40,0,0,0
8034,21,Urban,Clear,20,40,0,0,0
8035,17,Rural,Clear,90,60,0,0,0
8036,19,Urban,Rain,69,40,0,0,0
8037,17,Highway,Clear,87,100,0,0,0
8038,16,Urban,Clear,30,40,0,0,0
8039,20,Urban,Rain,48,40,0,0,0
8040,22,Urban,Rain,21,40,0,0,0
8041,20,Rural,Clear,33,60,0,0,0
8042,5,Highway,Clear,49,100,0,0,0
8043,10,Highway,Rain,83,100,1,1,1
8044,1,Urban,Clear,22,40,0,0,0
8045,5,Rural,Snow,40,60,0,0,0
8046,10,Highway,Clear,88,100,0,0,0
8047,5,Urban,Clear,38,40,0,0,0
8048,22,Urban,Fog,41,40,0,0,0
8049,23,Urban,Rain,40,40,0,0,0
8050,0,Highway,Clear,53,100,1,1,1
8051,22,Urban,Clear,48,40,0,0,0
8052,11,Urban,Clear,32,40,0,0,0
8053,10,Urban,Clear,90,40,0,0,0
8054,23,Rural,Clear,24,60,0,0,0
8055,9,Urban,Rain,85,40,0,0,0
8056,1,Urban,Clear,49,40,0,0,0
8057,17,Urban,Clear,81,40,0,0,0
8058,15,Rural,Fog,33,60,0,0,0
8059,18,Highway,Snow,93,100,0,0,0
8060,12,Urban,Rain,31,40,0,0,0
8061,11,Highway,Clear,49,100,0,0,0
8062,16,Urban,Rain,41,40,0,0,0
8063,8,Urban,Clear,80,40,0,0,0
8064,20,Highway,Clear,49,100,0,0,0
8065,15,Rural,Clear,24,60,0,0,0
8066,4,Rural,Rain,34,60,0,0,0
8067,22,Rural,Fog,46,60,0,0,0
8068,17,Highway,Clear,75,100,0,0,0
8069,19,Urban,Rain,76,40,0,0,0
8070,9,Rural,Rain,83,60,0,0,0
8071,1,Highway,Rain,40,100,1,1,1
8072,23,Rural,Fog,45,60,0,0,0
8073,11,Urban,Clear,49,40,0,0,0
8074,1,Rural,Fog,32,60,0,0,0
8075,18,Highway,Rain,72,100,0,0,0
8076,14,Rural,Clear,34,60,0,0,0
8077,8,Highway,Clear,85,100,0,0,0
8078,23,Highway,Fog,38,100,1,1,1
8079,4,Rural,Clear,35,60,0,0,0
8080,6,Rural,Clear,25,60,0,0,0
8081,14,Rural,Clear,20,60,0,0,0
8082,19,Urban,Clear,65,40,0,0,0
8083,20,Highway,Clear,39,100,0,0,0
8084,9,Rural,Clear,87,60,0,0,0
8085,13,Rural,Clear,22,60,0,0,0
8086,7,Rural,Clear,42,60,0,0,0
8087,5,Rural,Clear,42,60,0,0,0
8088,15,Urban,Snow,29,40,0,0,0
8089,11,Rural,Rain,40,60,0,0,0
8090,11,Rural,Rain,30,60,0,0,0
8091,8,Urban,Clear,65,40,0,0,0
8092,12,Rural,Clear,26,60,0,0,0
8093,14,Highway,Snow,57,100,0,0,0
8094,21,Highway,Rain,57,100,1,1,1
8095,12,Highway,Clear,46,100,0,0,0
8096,11,Rural,Rain,50,60,0,0,0
8097,8,Urban,Clear,83,40,0,0,0
8098,1,Highway,Clear,40,100,1,1,1
8099,16,Urban,Rain,37,40,0,0,0
8100,10,Rural,Rain,88,60,0,0,0
8101,11,Urban,Clear,32,40,0,0,0
8102,3,Rural,Rain,47,60,0,0,0
8103,5,Rural,Rain,40,60,0,0,0
8104,6,Highway,Clear,48,100,0,0,0
8105,19,Urban,Clear,61,40,0,0,0
8106,7,Rural,Rain,40,60,0,0,0
8107,7,Highway,Snow,59,100,0,0,0
8108,18,Urban,Rain,74,40,0,0,0
8109,1,Urban,Clear,21,40,0,0,0
8110,14,Rural,Clear,40,60,0,0,0
8111,2,Rural,Clear,25,60,0,0,0
8112,15,Urban,Clear,25,40,0,0,0
8113,3,Highway,Clear,60,100,1,1,1
8114,1,Urban,Rain,49,40,0,0,0
8115,3,Highway,Fog,55,100,1,1,1
8116,4,Rural,Fog,49,60,0,0,0
8117,20,Urban,Rain,23,40,0,0,0
8118,9,Urban,Rain,89,40,0,0,0
8119,14,Urban,Fog,26,40,0,0,0
8120,22,Highway,Rain,60,100,1,1,1
8121,3,Urban,Rain,45,40,0,0,0
8122,6,Rural,Snow,28,60,0,0,0
8123,14,Urban,Snow,21,40,0,0,0
8124,3,Highway,Rain,35,100,0,1,1
8125,21,Urban,Clear,22,40,0,0,0
8126,21,Highway,Snow,51,100,1,1,1
8127,5,Highway,Rain,43,100,0,0,0
8128,22,Urban,Rain,26,40,0,0,0
8129,12,Rural,Clear,41,60,0,0,0
8130,8,Urban,Clear,85,40,0,0,0
8131,21,Urban,Fog,42,40,0,0,0
8132,8,Rural,Clear,67,60,0,0,0
8133,6,Urban,Clear,23,40,0,0,0
8134,7,Rural,Clear,48,60,0,0,0
8135,22,Urban,Clear,33,40,0,0,0
8136,10,Highway,Fog,90,100,1,1,1
8137,17,Urban,Clear,69,40,0,0,0
8138,13,Highway,Clear,41,100,0,0,0
8139,11,Highway,Clear,41,100,0,0,0
8140,13,Urban,Rain,44,40,0,0,0
8141,12,Urban,Clear,49,40,0,0,0
8142,10,Highway,Clear,88,100,0,0,0
8143,22,Urban,Rain,28,40,0,0,0
8144,23,Urban,Clear,23,40,0,0,0
8145,5,Rural,Clear,31,60,0,0,0
8146,21,Highway,Rain,48,100,0,0,0
8147,2,Rural,Clear,42,60,0,0,0
8148,1,Urban,Snow,20,40,0,0,0
8149,17,Rural,Clear,84,60,0,0,0
8150,23,Urban,Rain,46,40,0,0,0
8151,9,Rural,Clear,75,60,0,0,0
8152,0,Rural,Clear,31,60,0,0,0
8153,0,Highway,Rain,60,100,1,1,1
8154,16,Rural,Snow,28,60,0,0,0
8155,19,Rural,Snow,74,60,0,0,0
8156,6,Rural,Clear,46,60,0,0,0
8157,0,Urban,Clear,32,40,0,0,0
8158,16,Rural,Rain,41,60,0,0,0
8159,13,Urban,Clear,46,40,0,0,0
8160,18,Rural,Clear,73,60,0,0,0
8161,20,Urban,Clear,22,40,0,0,0
8162,1,Urban,Clear,50,40,0,0,0
8163,5,Highway,Clear,48,100,0,0,0
8164,16,Urban,Rain,40,40,0,0,0
8165,13,Highway,Clear,41,100,0,0,0
8166,17,Rural,Clear,87,60,0,0,0
8167,13,Urban,Fog,30,40,0,0,0
8168,10,Highway,Rain,93,100,0,0,0
8169,4,Urban,Clear,39,40,0,0,0
8170,8,Highway,Clear,96,100,0,0,0
8171,14,Urban,Clear,49,40,0,0,0
8172,13,Rural,Clear,26,60,0,0,0
8173,6,Urban,Clear,21,40,0,0,0
8174,4,Rural,Clear,23,60,0,0,0
8175,1,Urban,Clear,46,40,0,0,0
8176,16,Highway,Fog,32,100,0,0,0
8177,1,Highway,Fog,53,100,1,1,1
8178,23,Rural,Clear,22,60,0,0,0
8179,12,Highway,Snow,34,100,0,1,1
8180,8,Rural,Clear,76,60,0,0,0
8181,11,Urban,Clear,24,40,0,0,0
8182,21,Urban,Rain,46,40,0,0,0
8183,9,Rural,Clear,70,60,0,0,0
8184,2,Rural,Clear,29,60,0,0,0
8185,7,Highway,Rain,59,100,1,1,1
8186,1,Highway,Clear,57,100,0,0,0
8187,4,Urban,Clear,32,40,0,0,0
8188,20,Highway,Clear,60,100,0,0,0
8189,18,Rural,Clear,77,60,0,0,0
8190,9,Highway,Rain,79,100,0,0,0
8191,5,Urban,Rain,35,40,0,0,0
8192,18,Highway,Clear,76,100,0,0,0
8193,9,Rural,Rain,67,60,0,0,0
8194,6,Urban,Clear,44,40,0,0,0
8195,2,Rural,Clear,43,60,0,0,0
8196,18,Urban,Fog,67,40,0,0,0
8197,8,Rural,Rain,74,60,0,0,0
8198,7,Highway,Rain,33,100,0,0,0
8199,20,Rural,Rain,41,60,0,0,0
8200,10,Urban,Fog,65,40,0,0,0
8201,9,Rural,Snow,68,60,0,0,0
8202,16,Urban,Clear,29,40,0,0,0
8203,5,Highway,Clear,43,100,0,0,0
8204,19,Rural,Clear,80,60,0,0,0
8205,4,Highway,Clear,35,100,0,0,0
8206,15,Rural,Clear,20,60,0,0,0
8207,14,Urban,Fog,20,40,0,0,0
8208,14,Rural,Snow,21,60,0,0,0
8209,14,Urban,Clear,20,40,0,0,0
8210,16,Urban,Clear,20,40,0,0,0
8211,9,Rural,Rain,73,60,0,0,0
8212,22,Urban,Clear,43,40,0,0,0
8213,18,Highway,Clear,93,100,0,0,0
8214,23,Rural,Clear,48,60,0,0,0
8215,17,Rural,Fog,74,60,0,0,0
8216,14,Highway,Clear,47,100,0,0,0
8217,1,Rural,Clear,26,60,0,0,0
8218,21,Rural,Rain,41,60,0,0,0
8219,22,Highway,Clear,43,100,0,0,0
8220,6,Rural,Clear,44,60,0,0,0
8221,10,Rural,Clear,76,60,0,0,0
8222,9,Rural,Clear,89,60,0,0,0
8223,9,Highway,Clear,95,100,0,0,0
8224,2,Rural,Clear,32,60,0,0,0
8225,19,Highway,Clear,88,100,0,0,0
8226,18,Highway,Rain,86,100,0,0,0
8227,2,Highway,Rain,45,100,0,1,1
8228,5,Highway,Clear,46,100,0,0,0
8229,13,Rural,Clear,50,60,0,0,0
8230,19,Urban,Rain,73,40,0,0,0
8231,8,Urban,Snow,85,40,0,0,0
8232,8,Highway,Clear,83,100,0,0,0
8233,10,Urban,Snow,82,40,0,0,0
8234,11,Urban,Clear,31,40,0,0,0
8235,4,Urban,Clear,41,40,0,0,0
8236,6,Rural,Rain,36,60,0,0,0
8237,9,Urban,Clear,75,40,0,0,0
8238,6,Rural,Snow,39,60,0,0,0
8239,10,Rural,Rain,61,60,0,0,0
8240,0,Rural,Fog,28,60,0,0,0
8241,3,Rural,Rain,20,60,0,0,0
8242,0,Urban,Rain,39,40,0,0,0
8243,20,Rural,Clear,33,60,0,0,0
8244,23,Highway,Clear,52,100,0,0,0
8245,18,Urban,Rain,73,40,0,0,0
8246,9,Urban,Clear,65,40,0,0,0
8247,21,Rural,Clear,36,60,0,0,0
8248,21,Rural,Clear,26,60,0,0,0
8249,13,Rural,Rain,49,60,0,0,0
8250,5,Urban,Fog,31,40,0,0,0
8251,4,Urban,Clear,29,40,0,0,0
8252,21,Urban,Clear,44,40,0,0,0
8253,14,Rural,Clear,26,60,0,0,0
8254,23,Highway,Fog,51,100,1,1,1
8255,16,Rural,Clear,24,60,0,0,0
8256,19,Highway,Clear,84,100,0,0,0
8257,9,Urban,Clear,68,40,0,0,0
8258,18,Highway,Clear,80,100,0,0,0
8259,11,Urban,Rain,32,40,0,0,0
8260,14,Highway,Clear,59,100,0,0,0
8261,22,Urban,Rain,30,40,0,0,0
8262,20,Rural,Rain,34,60,0,0,0
8263,23,Highway,Clear,30,100,1,1,1
8264,13,Urban,Clear,24,40,0,0,0
8265,16,Urban,Clear,49,40,0,0,0
8266,22,Highway,Snow,40,100,1,1,1
8267,22,Highway,Clear,53,100,1,1,1
8268,14,Rural,Clear,36,60,0,0,0
8269,2,Urban,Rain,35,40,0,0,0
8270,10,Urban,Clear,82,40,0,0,0
8271,11,Rural,Clear,22,60,0,0,0
8272,0,Highway,Clear,40,100,1,1,1
8273,12,Urban,Clear,28,40,0,0,0
8274,1,Urban,Clear,24,40,0,0,0
8275,14,Highway,Clear,60,100,0,0,0
8276,7,Rural,Rain,48,60,0,0,0
8277,4,Urban,Fog,44,40,0,0,0
8278,10,Urban,Rain,68,40,0,0,0
8279,6,Rural,Clear,35,60,0,0,0
8280,4,Urban,Rain,35,40,0,0,0
8281,4,Urban,Clear,23,40,0,0,0
8282,9,Highway,Fog,94,100,0,0,0
8283,18,Highway,Clear,94,100,0,0,0
8284,19,Urban,Rain,90,40,0,0,0
8285,15,Highway,Rain,57,100,1,1,1
8286,19,Highway,Clear,87,100,0,0,0
8287,2,Urban,Clear,49,40,0,0,0
8288,8,Urban,Clear,60,40,0,0,0
8289,1,Rural,Snow,35,60,0,0,0
8290,23,Urban,Clear,50,40,0,0,0
8291,0,Highway,Rain,43,100,0,1,1
8292,15,Urban,Clear,49,40,0,0,0
8293,8,Highway,Clear,79,100,0,0,0
8294,4,Highway,Fog,36,100,1,1,1
8295,18,Urban,Clear,82,40,0,0,0
8296,5,Highway,Clear,52,100,0,0,0
8297,10,Urban,Rain,81,40,0,0,0
8298,16,Urban,Rain,47,40,0,0,0
8299,7,Highway,Fog,57,100,0,0,0
8300,1,Highway,Rain,43,100,1,1,1
8301,11,Urban,Clear,28,40,0,0,0
8302,12,Urban,Clear,41,40,0,0,0
8303,9,Urban,Clear,66,40,0,0,0
8304,13,Highway,Snow,56,100,0,0,0
8305,12,Rural,Clear,34,60,0,0,0
8306,9,Highway,Clear,93,100,0,0,0
8307,7,Rural,Clear,39,60,0,0,0
8308,6,Highway,Rain,48,100,0,0,0
8309,3,Rural,Rain,23,60,0,0,0
8310,7,Rural,Clear,38,60,0,0,0
8311,4,Urban,Clear,29,40,0,0,0
8312,11,Highway,Clear,47,100,0,0,0
8313,18,Rural,Clear,69,60,0,0,0
8314,2,Rural,Clear,49,60,0,0,0
8315,20,Highway,Fog,51,100,0,0,0
8316,13,Urban,Clear,37,40,0,0,0
8317,23,Rural,Clear,31,60,0,0,0
8318,9,Highway,Fog,82,100,0,0,0
8319,4,Urban,Rain,44,40,0,0,0
8320,1,Urban,Rain,34,40,0,0,0
8321,6,Rural,Rain,39,60,0,0,0
8322,9,Highway,Clear,81,100,0,0,0
8323,7,Rural,Clear,21,60,0,0,0
8324,14,Urban,Fog,48,40,0,0,0
8325,4,Rural,Clear,21,60,0,0,0
8326,16,Rural,Clear,24,60,0,0,0
8327,21,Rural,Clear,35,60,0,0,0
8328,22,Urban,Clear,46,40,0,0,0
8329,12,Urban,Fog,28,40,0,0,0
8330,7,Urban,Rain,36,40,0,0,0
8331,4,Highway,Clear,60,100,0,0,0
8332,21,Rural,Rain,44,60,0,0,0
8333,19,Rural,Clear,88,60,0,0,0
8334,21,Highway,Clear,57,100,0,0,0
8335,19,Urban,Fog,75,40,0,0,0
8336,11,Rural,Clear,35,60,0,0,0
8337,9,Highway,Fog,91,100,0,0,0
8338,2,Rural,Fog,22,60,0,0,0
8339,20,Rural,Clear,37,60,0,0,0
8340,1,Urban,Clear,35,40,0,0,0
8341,18,Urban,Clear,62,40,0,0,0
8342,11,Rural,Rain,44,60,0,0,0
8343,10,Urban,Clear,69,40,0,0,0
8344,12,Urban,Clear,31,40,0,0,0
8345,8,Highway,Clear,93,100,0,0,0
8346,17,Urban,Rain,71,40,0,0,0
8347,7,Highway,Clear,37,100,0,0,0
8348,4,Rural,Fog,35,60,0,0,0
8349,12,Urban,Clear,42,40,0,0,0
8350,11,Rural,Clear,44,60,0,0,0
8351,3,Rural,Clear,31,60,0,0,0
8352,22,Rural,Clear,36,60,0,0,0
8353,6,Highway,Clear,37,100,0,0,0
8354,10,Highway,Clear,77,100,0,0,0
8355,1,Rural,Clear,49,60,0,0,0
8356,13,Rural,Clear,38,60,0,0,0
8357,9,Urban,Rain,72,40,0,0,0
8358,17,Urban,Rain,64,40,0,0,0
8359,2,Urban,Fog,36,40,0,0,0
8360,22,Rural,Snow,44,60,0,0,0
8361,18,Urban,Clear,82,40,0,0,0
8362,9,Urban,Clear,86,40,0,0,0
8363,23,Urban,Fog,45,40,0,0,0
8364,11,Rural,Rain,31,60,0,0,0
8365,18,Rural,Clear,83,60,0,0,0
8366,13,Rural,Rain,27,60,0,0,0
8367,4,Highway,Clear,34,100,0,0,0
8368,21,Rural,Rain,29,60,0,0,0
8369,0,Rural,Rain,31,60,0,0,0
8370,16,Urban,Rain,24,40,0,0,0
8371,4,Urban,Clear,38,40,0,0,0
8372,2,Urban,Snow,24,40,0,0,0
8373,2,Rural,Rain,31,60,0,0,0
8374,7,Rural,Rain,22,60,0,0,0
8375,3,Rural,Fog,44,60,0,0,0
8376,22,Rural,Clear,46,60,0,0,0
8377,2,Rural,Clear,44,60,0,0,0
8378,1,Rural,Clear,42,60,0,0,0
8379,21,Highway,Fog,43,100,0,0,0
8380,7,Urban,Clear,27,40,0,0,0
8381,23,Highway,Clear,36,100,1,1,1
8382,10,Urban,Clear,73,40,0,0,0
8383,16,Highway,Clear,56,100,0,0,0
8384,10,Urban,Rain,78,40,0,0,0
8385,15,Highway,Snow,44,100,1,1,1
8386,16,Highway,Clear,51,100,0,0,0
8387,14,Highway,Rain,51,100,1,1,1
8388,7,Urban,Rain,36,40,0,0,0
8389,6,Rural,Fog,25,60,0,0,0
8390,3,Urban,Clear,43,40,0,0,0
8391,6,Urban,Clear,20,40,0,0,0
8392,17,Urban,Clear,88,40,0,0,0
8393,10,Urban,Clear,65,40,0,0,0
8394,2,Highway,Clear,49,100,0,0,0
8395,20,Highway,Clear,31,100,0,0,0
8396,9,Urban,Rain,63,40,0,0,0
8397,4,Rural,Rain,48,60,0,0,0
8398,18,Highway,Clear,77,100,0,0,0
8399,15,Highway,Clear,51,100,0,0,0
8400,16,Urban,Clear,34,40,0,0,0
8401,13,Rural,Clear,30,60,0,0,0
8402,2,Highway,Rain,39,100,1,1,1
8403,20,Highway,Rain,48,100,0,0,0
8404,13,Highway,Rain,58,100,0,0,0
8405,4,Urban,Clear,36,40,0,0,0
8406,14,Urban,Clear,23,40,0,0,0
8407,13,Urban,Clear,49,40,0,0,0
8408,15,Highway,Rain,37,100,0,0,0
8409,16,Rural,Clear,47,60,0,0,0
8410,16,Highway,Clear,48,100,0,0,0
8411,20,Urban,Rain,43,40,0,0,0
8412,22,Highway,Rain,60,100,0,1,1
8413,2,Rural,Clear,28,60,0,0,0
8414,10,Rural,Clear,68,60,0,0,0
8415,23,Rural,Rain,45,60,0,0,0
8416,20,Urban,Rain,36,40,0,0,0
8417,6,Urban,Clear,24,40,0,0,0
8418,2,Rural,Clear,32,60,0,0,0
8419,8,Urban,Rain,73,40,0,0,0
8420,13,Highway,Clear,43,100,0,0,0
8421,17,Urban,Clear,67,40,0,0,0
8422,19,Highway,Rain,70,100,0,0,0
8423,5,Rural,Fog,43,60,0,0,0
8424,8,Rural,Clear,82,60,0,0,0
8425,18,Highway,Rain,88,100,0,0,0
8426,6,Highway,Snow,60,100,0,0,0
8427,19,Urban,Clear,83,40,0,0,0
8428,16,Urban,Snow,45,40,0,0,0
8429,11,Rural,Clear,46,60,0,0,0
8430,22,Highway,Clear,50,100,0,0,0
8431,3,Rural,Rain,25,60,0,0,0
8432,6,Highway,Clear,44,100,0,0,0
8433,20,Urban,Rain,44,40,0,0,0
8434,18,Urban,Clear,65,40,0,0,0
8435,17,Urban,Clear,83,40,0,0,0
8436,12,Rural,Clear,47,60,0,0,0
8437,14,Rural,Rain,42,60,0,0,0
8438,2,Rural,Clear,33,60,0,0,0
8439,16,Rural,Clear,49,60,0,0,0
8440,9,Urban,Clear,60,40,0,0,0
8441,13,Rural,Clear,35,60,0,0,0
8442,4,Rural,Clear,24,60,0,0,0
8443,9,Highway,Clear,83,100,0,0,0
8444,8,Urban,Fog,65,40,0,0,0
8445,19,Rural,Clear,60,60,0,0,0
8446,14,Rural,Fog,37,60,0,0,0
8447,9,Urban,Clear,87,40,0,0,0
8448,16,Urban,Rain,25,40,0,0,0
8449,13,Highway,Clear,32,100,0,0,0
8450,7,Urban,Clear,48,40,0,0,0
8451,13,Rural,Rain,35,60,0,0,0
8452,4,Highway,Rain,59,100,1,1,1
8453,17,Rural,Clear,76,60,0,0,0
8454,21,Rural,Rain,24,60,0,0,0
8455,5,Highway,Fog,54,100,0,0,0
8456,9,Urban,Clear,86,40,0,0,0
8457,16,Urban,Clear,26,40,0,0,0
8458,1,Highway,Rain,35,100,1,1,1
8459,6,Rural,Clear,49,60,0,0,0
8460,1,Rural,Clear,37,60,0,0,0
8461,11,Rural,Clear,43,60,0,0,0
8462,19,Urban,Clear,80,40,0,0,0
8463,4,Rural,Clear,27,60,0,0,0
8464,10,Highway,Snow,89,100,1,1,1
8465,13,Urban,Clear,22,40,0,0,0
8466,14,Rural,Rain,46,60,0,0,0
8467,8,Highway,Clear,81,100,0,0,0
8468,3,Urban,Clear,48,40,0,0,0
8469,18,Rural,Clear,78,60,0,0,0
8470,21,Highway,Clear,44,100,0,0,0
8471,14,Rural,Clear,47,60,0,0,0
8472,16,Rural,Clear,33,60,0,0,0
8473,4,Rural,Fog,46,60,1,1,1
8474,11,Rural,Clear,34,60,0,0,0
8475,12,Highway,Clear,56,100,0,0,0
8476,18,Urban,Clear,87,40,0,0,0
8477,18,Rural,Clear,65,60,0,0,0
8478,14,Rural,Rain,20,60,0,0,0
8479,19,Rural,Rain,82,60,0,0,0
8480,13,Urban,Clear,28,40,0,0,0
8481,12,Rural,Clear,41,60,0,0,0
8482,13,Rural,Clear,22,60,0,0,0
8483,21,Urban,Clear,30,40,0,0,0
8484,7,Rural,Fog,31,60,0,0,0
8485,0,Highway,Clear,45,100,0,0,0
8486,0,Urban,Fog,30,40,0,0,0
8487,14,Urban,Fog,39,40,0,0,0
8488,9,Highway,Fog,97,100,1,1,1
8489,9,Rural,Clear,60,60,0,0,0
8490,10,Rural,Clear,65,60,0,0,0
8491,19,Rural,Clear,81,60,0,0,0
8492,2,Rural,Clear,22,60,0,0,0
8493,4,Rural,Clear,44,60,0,0,0
8494,4,Urban,Clear,22,40,0,0,0
8495,15,Highway,Clear,31,100,0,0,0
8496,10,Urban,Rain,67,40,0,0,0
8497,19,Highway,Clear,70,100,0,0,0
8498,14,Highway,Clear,56,100,0,0,0
8499,6,Urban,Clear,39,40,0,0,0
8500,1,Highway,Clear,43,100,0,0,0
8501,2,Urban,Clear,28,40,0,0,0
8502,4,Highway,Rain,57,100,1,1,1
8503,14,Rural,Clear,47,60,0,0,0
8504,16,Urban,Fog,25,40,0,0,0
8505,17,Rural,Clear,76,60,0,0,0
8506,13,Rural,Clear,27,60,0,0,0
8507,2,Highway,Clear,59,100,0,0,0
8508,2,Highway,Fog,42,100,1,1,1
8509,10,Urban,Fog,74,40,0,0,0
8510,16,Urban,Clear,22,40,0,0,0
8511,3,Urban,Clear,20,40,0,0,0
8512,0,Rural,Rain,43,60,0,0,0
8513,8,Rural,Fog,60,60,0,0,0
8514,10,Rural,Fog,85,60,0,0,0
8515,18,Urban,Snow,68,40,0,0,0
8516,18,Highway,Rain,92,100,0,0,0
8517,23,Rural,Rain,38,60,0,0,0
8518,23,Highway,Rain,34,100,1,1,1
8519,23,Highway,Clear,42,100,1,1,1
8520,0,Urban,Rain,48,40,0,0,0
8521,19,Urban,Clear,82,40,0,0,0
8522,12,Rural,Clear,38,60,0,0,0
8523,4,Rural,Clear,36,60,0,0,0
8524,17,Urban,Fog,75,40,0,0,0
8525,14,Urban,Clear,31,40,0,0,0
8526,11,Urban,Fog,35,40,0,0,0
8527,17,Highway,Clear,94,100,0,0,0
8528,19,Highway,Clear,93,100,0,0,0
8529,2,Urban,Clear,21,40,0,0,0
8530,11,Urban,Clear,30,40,0,0,0
8531,22,Rural,Rain,40,60,0,0,0
8532,16,Rural,Rain,22,60,0,0,0
8533,8,Highway,Rain,73,100,0,0,0
8534,2,Urban,Clear,32,40,0,0,0
8535,18,Urban,Clear,77,40,0,0,0
8536,6,Urban,Clear,42,40,0,0,0
8537,19,Rural,Clear,76,60,0,0,0
8538,14,Highway,Clear,42,100,0,0,0
8539,10,Urban,Rain,70,40,0,0,0
8540,5,Rural,Clear,32,60,0,0,0
8541,3,Highway,Fog,42,100,1,1,1
8542,4,Rural,Rain,31,60,0,0,0
8543,23,Urban,Rain,39,40,0,0,0
8544,21,Urban,Clear,31,40,0,0,0
8545,12,Highway,Clear,45,100,0,0,0
8546,4,Urban,Clear,45,40,0,0,0
8547,4,Rural,Clear,48,60,0,0,0
8548,13,Rural,Clear,28,60,0,0,0
8549,7,Highway,Fog,36,100,0,0,0
8550,7,Rural,Clear,32,60,0,0,0
8551,12,Rural,Clear,37,60,0,0,0
8552,3,Highway,Rain,32,100,1,1,1
8553,16,Urban,Clear,41,40,0,0,0
8554,5,Urban,Clear,49,40,0,0,0
8555,23,Highway,Clear,39,100,1,1,1
8556,15,Urban,Rain,28,40,0,0,0
8557,23,Urban,Clear,47,40,0,0,0
8558,23,Rural,Clear,27,60,0,0,0
8559,14,Urban,Clear,36,40,0,0,0
8560,4,Highway,Clear,50,100,1,1,1
8561,23,Urban,Rain,21,40,0,0,0
8562,20,Highway,Clear,55,100,0,0,0
8563,18,Urban,Rain,80,40,0,0,0
8564,16,Highway,Clear,59,100,0,0,0
8565,7,Highway,Clear,47,100,0,0,0
8566,21,Urban,Clear,24,40,0,0,0
8567,7,Rural,Clear,31,60,0,0,0
8568,11,Rural,Rain,28,60,0,0,0
8569,5,Urban,Rain,49,40,0,0,0
8570,16,Highway,Fog,32,100,0,0,0
8571,17,Highway,Clear,95,100,0,0,0
8572,22,Rural,Clear,25,60,0,0,0
8573,5,Rural,Clear,26,60,0,0,0
8574,23,Rural,Clear,50,60,0,0,0
8575,1,Highway,Fog,31,100,1,1,1
8576,4,Urban,Clear,23,40,0,0,0
8577,22,Rural,Clear,42,60,0,0,0
8578,3,Urban,Snow,32,40,0,0,0
8579,20,Rural,Clear,24,60,0,0,0
8580,10,Urban,Rain,72,40,0,0,0
8581,18,Rural,Rain,66,60,0,0,0
8582,2,Rural,Clear,49,60,0,0,0
8583,14,Urban,Rain,26,40,0,0,0
8584,13,Urban,Rain,42,40,0,0,0
8585,12,Urban,Clear,25,40,0,0,0
8586,6,Rural,Clear,41,60,0,0,0
8587,9,Urban,Clear,82,40,0,0,0
8588,1,Rural,Fog,23,60,0,0,0
8589,20,Urban,Clear,33,40,0,0,0
8590,5,Rural,Clear,30,60,0,0,0
8591,15,Highway,Clear,47,100,0,0,0
8592,13,Rural,Fog,29,60,0,0,0
8593,20,Urban,Rain,50,40,0,0,0
8594,23,Urban,Rain,33,40,0,0,0
8595,10,Highway,Rain,82,100,0,0,0
8596,7,Rural,Clear,50,60,0,0,0
8597,4,Rural,Fog,21,60,0,0,0
8598,23,Urban,Clear,45,40,0,0,0
8599,11,Highway,Rain,49,100,1,1,1
8600,6,Urban,Clear,43,40,0,0,0
8601,16,Highway,Snow,52,100,1,1,1
8602,17,Highway,Clear,93,100,0,0,0
8603,16,Urban,Clear,26,40,0,0,0
8604,1,Highway,Clear,58,100,0,0,0
8605,11,Rural,Clear,42,60,0,0,0
8606,7,Highway,Rain,47,100,0,0,0
8607,1,Urban,Clear,24,40,0,0,0
8608,18,Urban,Clear,65,40,0,0,0
8609,19,Rural,Clear,76,60,0,0,0
8610,0,Rural,Clear,36,60,0,0,0
8611,1,Rural,Rain,36,60,0,0,0
8612,7,Rural,Rain,46,60,0,0,0
8613,11,Rural,Clear,47,60,0,0,0
8614,10,Urban,Rain,85,40,0,0,0
8615,2,Urban,Rain,26,40,0,0,0
8616,23,Urban,Fog,50,40,0,0,0
8617,3,Rural,Fog,50,60,0,0,0
8618,22,Rural,Clear,37,60,0,0,0
8619,16,Rural,Rain,34,60,0,0,0
8620,0,Urban,Clear,24,40,0,0,0
8621,4,Rural,Clear,38,60,0,0,0
8622,15,Urban,Clear,21,40,0,0,0
8623,4,Rural,Snow,42,60,0,0,0
8624,15,Highway,Rain,55,100,0,0,0
8625,5,Highway,Clear,42,100,0,0,0
8626,16,Urban,Clear,20,40,0,0,0
8627,2,Highway,Clear,50,100,0,0,0
8628,5,Urban,Clear,39,40,0,0,0
8629,13,Rural,Rain,24,60,0,0,0
8630,21,Urban,Fog,23,40,0,0,0
8631,16,Highway,Clear,59,100,0,0,0
8632,13,Urban,Rain,31,40,0,0,0
8633,9,Rural,Clear,79,60,0,0,0
8634,5,Urban,Clear,46,40,0,0,0
8635,21,Highway,Fog,46,100,0,0,0
8636,16,Urban,Rain,39,40,0,0,0
8637,6,Rural,Rain,36,60,0,0,0
8638,15,Rural,Clear,40,60,0,0,0
8639,18,Urban,Snow,81,40,0,0,0
8640,8,Urban,Clear,77,40,0,0,0
8641,21,Highway,Clear,38,100,0,0,0
8642,5,Rural,Clear,48,60,0,0,0
8643,7,Highway,Clear,53,100,0,0,0
8644,9,Urban,Clear,62,40,0,0,0
8645,18,Highway,Clear,72,100,0,0,0
8646,9,Highway,Clear,88,100,0,0,0
8647,20,Urban,Rain,24,40,0,0,0
8648,19,Highway,Snow,80,100,0,0,0
8649,21,Highway,Rain,31,100,0,0,0
8650,13,Rural,Clear,50,60,0,0,0
8651,21,Rural,Clear,45,60,0,0,0
8652,15,Rural,Clear,24,60,0,0,0
8653,4,Rural,Rain,20,60,0,0,0
8654,18,Urban,Clear,80,40,0,0,0
8655,22,Urban,Clear,33,40,0,0,0
8656,3,Highway,Rain,48,100,0,1,1
8657,10,Highway,Clear,90,100,0,0,0
8658,6,Urban,Rain,41,40,0,0,0
8659,15,Highway,Clear,45,100,0,0,0
8660,1,Rural,Clear,39,60,0,0,0
8661,8,Urban,Rain,72,40,0,0,0
8662,9,Rural,Clear,62,60,0,0,0
8663,10,Rural,Rain,76,60,0,0,0
8664,18,Urban,Clear,78,40,0,0,0
8665,14,Urban,Clear,50,40,0,0,0
8666,7,Highway,Fog,34,100,0,0,0
8667,2,Highway,Fog,36,100,1,1,1
8668,12,Highway,Snow,59,100,0,1,1
8669,7,Highway,Clear,42,100,0,0,0
8670,18,Highway,Rain,100,100,0,0,0
8671,16,Highway,Clear,47,100,0,0,0
8672,3,Highway,Rain,46,100,1,1,1
8673,7,Urban,Snow,34,40,0,0,0
8674,21,Highway,Snow,44,100,0,0,0
8675,6,Highway,Clear,32,100,0,0,0
8676,20,Urban,Clear,42,40,0,0,0
8677,3,Rural,Clear,30,60,0,0,0
8678,18,Urban,Clear,71,40,0,0,0
8679,22,Rural,Fog,49,60,0,0,0
8680,6,Highway,Clear,52,100,0,0,0
8681,13,Urban,Clear,21,40,0,0,0
8682,10,Rural,Clear,77,60,0,0,0
8683,18,Highway,Rain,96,100,0,0,0
8684,8,Rural,Rain,87,60,0,0,0
8685,18,Rural,Clear,74,60,0,0,0
8686,7,Urban,Fog,20,40,0,0,0
8687,19,Rural,Clear,65,60,0,0,0
8688,15,Urban,Clear,46,40,0,0,0
8689,12,Rural,Clear,40,60,0,0,0
8690,13,Rural,Clear,30,60,0,0,0
8691,18,Rural,Clear,61,60,0,0,0
8692,21,Highway,Clear,40,100,0,0,0
8693,16,Urban,Clear,50,40,0,0,0
8694,5,Highway,Rain,31,100,0,0,0
8695,14,Rural,Clear,34,60,0,0,0
8696,9,Highway,Clear,95,100,0,0,0
8697,14,Highway,Rain,33,100,0,0,0
8698,9,Rural,Fog,60,60,0,0,0
8699,10,Highway,Clear,96,100,0,0,0
8700,19,Highway,Rain,96,100,0,0,0
8701,11,Rural,Fog,35,60,0,0,0
8702,7,Urban,Clear,25,40,0,0,0
8703,9,Rural,Clear,70,60,0,0,0
8704,23,Highway,Clear,38,100,1,1,1
8705,16,Highway,Clear,30,100,0,0,0
8706,21,Urban,Clear,44,40,0,0,0
8707,14,Rural,Clear,37,60,0,0,0
8708,7,Highway,Clear,37,100,0,0,0
8709,3,Highway,Fog,57,100,1,1,1
8710,1,Rural,Rain,22,60,0,0,0
8711,9,Highway,Fog,71,100,0,0,0
8712,12,Rural,Rain,23,60,0,0,0
8713,20,Rural,Clear,35,60,0,0,0
8714,16,Rural,Rain,40,60,0,0,0
8715,20,Urban,Clear,38,40,0,0,0
8716,3,Highway,Rain,33,100,1,1,1
8717,12,Rural,Clear,44,60,0,0,0
8718,6,Rural,Clear,41,60,0,0,0
8719,3,Rural,Fog,36,60,0,0,0
8720,14,Highway,Clear,45,100,0,0,0
8721,8,Rural,Fog,88,60,0,0,0
8722,14,Highway,Fog,54,100,0,0,0
8723,0,Highway,Clear,59,100,0,0,0
8724,6,Urban,Fog,33,40,0,0,0
8725,11,Rural,Clear,41,60,0,0,0
8726,23,Highway,Fog,59,100,1,1,1
8727,11,Urban,Clear,30,40,0,0,0
8728,12,Highway,Clear,60,100,0,0,0
8729,3,Rural,Rain,49,60,0,0,0
8730,10,Rural,Clear,87,60,0,0,0
8731,12,Rural,Clear,36,60,0,0,0
8732,3,Highway,Clear,42,100,1,1,1
8733,7,Urban,Clear,26,40,0,0,0
8734,22,Rural,Clear,25,60,0,0,0
8735,6,Rural,Snow,38,60,0,0,0
8736,6,Urban,Rain,34,40,0,0,0
8737,2,Urban,Clear,42,40,0,0,0
8738,10,Urban,Clear,73,40,0,0,0
8739,0,Rural,Clear,35,60,0,0,0
8740,8,Urban,Clear,82,40,0,0,0
8741,2,Urban,Clear,39,40,0,0,0
8742,15,Urban,Clear,31,40,0,0,0
8743,7,Highway,Clear,31,100,0,0,0
8744,16,Rural,Clear,45,60,0,0,0
8745,23,Rural,Rain,43,60,1,1,1
8746,15,Highway,Clear,39,100,0,0,0
8747,21,Rural,Clear,41,60,0,0,0
8748,1,Urban,Clear,50,40,0,0,0
8749,9,Highway,Clear,89,100,0,0,0
8750,18,Urban,Clear,73,40,0,0,0
8751,12,Urban,Rain,22,40,0,0,0
8752,10,Highway,Clear,76,100,0,0,0
8753,5,Urban,Clear,45,40,0,0,0
8754,17,Urban,Clear,80,40,0,0,0
8755,19,Urban,Rain,88,40,0,0,0
8756,1,Highway,Clear,44,100,1,1,1
8757,11,Urban,Clear,23,40,0,0,0
8758,11,Highway,Clear,41,100,0,0,0
8759,15,Rural,Clear,22,60,0,0,0
8760,2,Rural,Clear,32,60,0,0,0
8761,12,Rural,Fog,42,60,0,0,0
8762,14,Urban,Clear,39,40,0,0,0
8763,11,Rural,Clear,34,60,0,0,0
8764,0,Urban,Clear,39,40,0,0,0
8765,1,Rural,Rain,48,60,0,0,0
8766,21,Highway,Clear,34,100,0,0,0
8767,20,Highway,Clear,41,100,0,0,0
8768,8,Urban,Fog,68,40,0,0,0
8769,8,Urban,Rain,77,40,0,0,0
8770,23,Highway,Clear,57,100,1,1,1
8771,5,Urban,Clear,45,40,0,0,0
8772,17,Rural,Clear,77,60,0,0,0
8773,23,Urban,Clear,35,40,0,0,0
8774,3,Urban,Rain,49,40,0,0,0
8775,1,Highway,Clear,31,100,0,1,1
8776,19,Urban,Rain,63,40,0,0,0
8777,6,Urban,Clear,47,40,0,0,0
8778,15,Rural,Fog,21,60,0,0,0
8779,23,Urban,Clear,28,40,0,0,0
8780,22,Urban,Clear,45,40,0,0,0
8781,19,Rural,Clear,66,60,0,0,0
8782,22,Urban,Clear,25,40,0,0,0
8783,20,Highway,Clear,55,100,0,0,0
8784,23,Highway,Clear,32,100,0,0,0
8785,10,Rural,Clear,61,60,0,0,0
8786,8,Urban,Clear,82,40,0,0,0
8787,23,Highway,Rain,36,100,0,1,1
8788,4,Highway,Clear,31,100,0,0,0
8789,10,Rural,Rain,81,60,0,0,0
8790,9,Highway,Clear,92,100,0,0,0
8791,7,Rural,Rain,28,60,0,0,0
8792,0,Urban,Clear,26,40,0,0,0
8793,9,Urban,Clear,79,40,0,0,0
8794,11,Highway,Clear,51,100,0,0,0
8795,6,Urban,Fog,23,40,0,0,0
8796,13,Rural,Clear,26,60,0,0,0
8797,3,Highway,Rain,36,100,1,1,1
8798,16,Highway,Snow,49,100,0,0,0
8799,21,Urban,Rain,30,40,0,0,0
8800,10,Highway,Clear,89,100,0,0,0
8801,6,Urban,Clear,45,40,0,0,0
8802,7,Rural,Fog,36,60,0,0,0
8803,23,Urban,Clear,50,40,0,0,0
8804,8,Urban,Clear,67,40,0,0,0
8805,19,Highway,Rain,76,100,0,0,0
8806,6,Highway,Clear,43,100,0,0,0
8807,0,Rural,Rain,45,60,0,0,0
8808,5,Highway,Clear,52,100,0,0,0
8809,5,Urban,Clear,33,40,0,0,0
8810,12,Highway,Clear,37,100,0,0,0
8811,18,Highway,Rain,77,100,1,1,1
8812,14,Urban,Rain,22,40,0,0,0
8813,1,Urban,Clear,21,40,0,0,0
8814,16,Urban,Rain,42,40,0,0,0
8815,1,Rural,Clear,34,60,0,0,0
8816,21,Urban,Clear,24,40,0,0,0
8817,8,Highway,Rain,86,100,0,0,0
8818,11,Urban,Clear,41,40,0,0,0
8819,5,Urban,Clear,21,40,0,0,0
8820,5,Rural,Clear,20,60,0,0,0
8821,18,Highway,Clear,98,100,0,0,0
8822,5,Urban,Clear,29,40,0,0,0
8823,2,Rural,Clear,47,60,0,0,0
8824,18,Rural,Snow,83,60,0,0,0
8825,16,Highway,Rain,34,100,0,0,0
8826,17,Highway,Clear,100,100,0,0,0
8827,7,Highway,Rain,31,100,0,0,0
8828,5,Highway,Clear,42,100,0,0,0
8829,8,Urban,Rain,83,40,0,0,0
8830,19,Rural,Rain,82,60,0,0,0
8831,3,Highway,Clear,54,100,0,1,1
8832,20,Rural,Clear,37,60,0,0,0
8833,22,Highway,Snow,57,100,0,1,1
8834,6,Highway,Rain,48,100,0,0,0
8835,15,Highway,Clear,32,100,0,0,0
8836,18,Rural,Fog,66,60,0,0,0
8837,7,Rural,Clear,44,60,0,0,0
8838,8,Rural,Clear,83,60,0,0,0
8839,20,Highway,Clear,60,100,0,0,0
8840,15,Rural,Clear,38,60,0,0,0
8841,16,Rural,Clear,26,60,0,0,0
8842,20,Highway,Snow,44,100,0,0,0
8843,2,Urban,Clear,43,40,0,0,0
8844,2,Highway,Clear,33,100,1,1,1
8845,15,Urban,Clear,21,40,0,0,0
8846,15,Urban,Rain,44,40,0,0,0
8847,2,Rural,Clear,26,60,0,0,0
8848,15,Rural,Rain,36,60,0,0,0
8849,5,Highway,Clear,54,100,0,0,0
8850,1,Urban,Clear,24,40,0,0,0
8851,8,Urban,Clear,87,40,0,0,0
8852,20,Urban,Rain,48,40,0,0,0
8853,10,Highway,Clear,100,100,0,0,0
8854,2,Rural,Fog,46,60,0,0,0
8855,20,Highway,Fog,56,100,0,0,0
8856,17,Rural,Clear,70,60,0,0,0
8857,15,Rural,Rain,46,60,0,0,0
8858,2,Highway,Clear,49,100,1,1,1
8859,2,Urban,Clear,43,40,0,0,0
8860,6,Rural,Clear,20,60,0,0,0
8861,18,Rural,Clear,83,60,0,0,0
8862,7,Rural,Clear,31,60,0,0,0
8863,2,Rural,Clear,42,60,0,0,0
8864,4,Urban,Clear,46,40,0,0,0
8865,19,Urban,Clear,79,40,0,0,0
8866,9,Highway,Snow,79,100,0,0,0
8867,0,Highway,Clear,46,100,0,0,0
8868,21,Rural,Clear,32,60,0,0,0
8869,16,Highway,Clear,44,100,0,0,0
8870,11,Rural,Clear,30,60,0,0,0
8871,0,Highway,Clear,46,100,1,1,1
8872,14,Rural,Fog,45,60,0,0,0
8873,5,Urban,Clear,43,40,0,0,0
8874,0,Highway,Clear,47,100,1,1,1
8875,23,Urban,Clear,26,40,0,0,0
8876,18,Urban,Clear,65,40,0,0,0
8877,13,Rural,Clear,49,60,0,0,0
8878,20,Highway,Clear,41,100,0,0,0
8879,23,Urban,Snow,32,40,0,0,0
8880,7,Urban,Clear,24,40,0,0,0
8881,5,Highway,Clear,56,100,0,0,0
8882,7,Urban,Clear,50,40,0,0,0
8883,15,Highway,Rain,55,100,0,0,0
8884,0,Rural,Clear,33,60,0,0,0
8885,15,Highway,Clear,34,100,0,0,0
8886,15,Urban,Clear,41,40,0,0,0
8887,18,Urban,Fog,65,40,0,0,0
8888,4,Highway,Fog,58,100,1,1,1
8889,17,Highway,Snow,90,100,0,0,0
8890,2,Highway,Clear,36,100,0,1,1
8891,6,Highway,Clear,37,100,0,0,0
8892,23,Rural,Fog,25,60,0,0,0
8893,0,Urban,Clear,33,40,0,0,0
8894,11,Highway,Snow,33,100,0,0,0
8895,21,Rural,Clear,21,60,0,0,0
8896,18,Rural,Clear,77,60,0,0,0
8897,8,Urban,Clear,88,40,0,0,0
8898,16,Highway,Clear,57,100,0,0,0
8899,1,Highway,Clear,36,100,1,1,1
8900,23,Highway,Clear,53,100,0,0,0
8901,3,Highway,Clear,51,100,0,0,0
8902,23,Highway,Clear,39,100,0,0,0
8903,15,Rural,Clear,43,60,0,0,0
8904,2,Highway,Clear,39,100,1,1,1
8905,20,Rural,Clear,47,60,0,0,0
8906,18,Highway,Clear,73,100,0,0,0
8907,18,Highway,Clear,89,100,0,0,0
8908,22,Highway,Rain,43,100,1,1,1
8909,14,Highway,Rain,48,100,0,0,0
8910,1,Rural,Fog,21,60,0,0,0
8911,19,Rural,Rain,71,60,0,0,0
8912,4,Rural,Rain,21,60,0,0,0
8913,10,Rural,Rain,82,60,0,0,0
8914,3,Highway,Clear,60,100,1,1,1
8915,7,Urban,Clear,49,40,0,0,0
8916,21,Rural,Rain,31,60,0,0,0
8917,13,Rural,Fog,46,60,0,0,0
8918,7,Rural,Clear,36,60,0,0,0
8919,6,Highway,Rain,34,100,0,0,0
8920,15,Rural,Clear,43,60,0,0,0
8921,2,Rural,Fog,41,60,0,0,0
8922,11,Highway,Snow,57,100,0,0,0
8923,2,Urban,Fog,35,40,0,0,0
8924,16,Rural,Clear,50,60,0,0,0
8925,22,Rural,Clear,37,60,0,0,0
8926,19,Urban,Clear,90,40,0,0,0
8927,4,Rural,Clear,44,60,0,0,0
8928,11,Urban,Clear,25,40,0,0,0
8929,21,Highway,Fog,46,100,0,1,1
8930,5,Urban,Clear,21,40,0,0,0
8931,20,Highway,Fog,49,100,1,1,1
8932,9,Rural,Clear,73,60,0,0,0
8933,3,Urban,Snow,33,40,0,0,0
8934,14,Highway,Clear,36,100,0,0,0
8935,10,Rural,Rain,87,60,0,0,0
8936,3,Highway,Clear,57,100,0,0,0
8937,9,Rural,Clear,78,60,0,0,0
8938,18,Highway,Clear,76,100,0,0,0
8939,18,Urban,Rain,63,40,0,0,0
8940,8,Rural,Rain,89,60,0,0,0
8941,23,Urban,Clear,50,40,0,0,0
8942,8,Rural,Clear,79,60,0,0,0
8943,4,Urban,Clear,34,40,0,0,0
8944,7,Rural,Rain,43,60,0,0,0
8945,2,Highway,Clear,37,100,1,1,1
8946,5,Rural,Clear,32,60,0,0,0
8947,7,Urban,Clear,33,40,0,0,0
8948,10,Urban,Rain,83,40,0,0,0
8949,6,Highway,Clear,52,100,0,0,0
8950,10,Urban,Clear,85,40,0,0,0
8951,21,Rural,Clear,32,60,0,0,0
8952,6,Highway,Clear,32,100,0,0,0
8953,17,Rural,Clear,80,60,0,0,0
8954,21,Highway,Rain,52,100,0,0,0
8955,13,Highway,Fog,36,100,0,0,0
8956,13,Rural,Fog,24,60,0,0,0
8957,0,Rural,Rain,21,60,0,0,0
8958,5,Rural,Clear,27,60,0,0,0
8959,10,Urban,Clear,76,40,0,0,0
8960,0,Rural,Clear,36,60,0,0,0
8961,23,Rural,Rain,43,60,0,0,0
8962,9,Rural,Clear,69,60,0,0,0
8963,2,Highway,Snow,49,100,1,1,1
8964,10,Highway,Clear,96,100,0,0,0
8965,19,Rural,Clear,84,60,0,0,0
8966,15,Highway,Rain,49,100,0,0,0
8967,23,Rural,Clear,27,60,0,0,0
8968,2,Rural,Clear,33,60,0,0,0
8969,16,Rural,Rain,30,60,0,0,0
8970,5,Highway,Clear,30,100,0,0,0
8971,23,Urban,Clear,44,40,0,0,0
8972,9,Urban,Fog,62,40,0,0,0
8973,6,Rural,Clear,47,60,0,0,0
8974,17,Highway,Clear,76,100,0,0,0
8975,0,Rural,Clear,49,60,0,0,0
8976,23,Highway,Fog,46,100,1,1,1
8977,13,Highway,Rain,53,100,0,0,0
8978,1,Urban,Clear,39,40,0,0,0
8979,12,Rural,Rain,44,60,0,0,0
8980,3,Highway,Fog,30,100,0,1,1
8981,1,Highway,Rain,45,100,1,1,1
8982,2,Urban,Clear,31,40,0,0,0
8983,11,Highway,Clear,33,100,0,0,0
8984,12,Highway,Rain,59,100,0,0,0
8985,11,Urban,Rain,37,40,0,0,0
8986,6,Urban,Clear,28,40,0,0,0
8987,18,Rural,Rain,83,60,0,0,0
8988,2,Urban,Clear,41,40,0,0,0
8989,11,Urban,Rain,32,40,0,0,0
8990,0,Highway,Clear,31,100,0,0,0
8991,5,Highway,Clear,60,100,0,0,0
8992,6,Highway,Clear,53,100,0,0,0
8993,13,Rural,Clear,22,60,0,0,0
8994,16,Rural,Rain,40,60,0,0,0
8995,5,Highway,Rain,47,100,0,0,0
8996,4,Highway,Rain,39,100,1,1,1
8997,1,Urban,Clear,30,40,0,0,0
8998,4,Rural,Clear,48,60,0,0,0
8999,16,Highway,Rain,48,100,0,1,1
9000,20,Urban,Rain,39,40,0,0,0
9001,12,Highway,Clear,56,100,0,0,0
9002,0,Rural,Clear,37,60,0,0,0
9003,10,Urban,Clear,62,40,0,0,0
9004,11,Urban,Clear,50,40,0,0,0
9005,1,Urban,Fog,46,40,0,0,0
9006,0,Rural,Rain,39,60,0,0,0
9007,3,Highway,Clear,35,100,1,1,1
9008,19,Urban,Snow,60,40,0,0,0
9009,8,Rural,Clear,60,60,0,0,0
9010,11,Urban,Rain,30,40,0,0,0
9011,1,Highway,Rain,39,100,1,1,1
9012,19,Urban,Fog,62,40,0,0,0
9013,22,Rural,Clear,24,60,0,0,0
9014,22,Highway,Clear,57,100,0,0,0
9015,14,Highway,Rain,30,100,0,0,0
9016,17,Rural,Clear,87,60,0,0,0
9017,23,Urban,Rain,22,40,0,0,0
9018,15,Rural,Clear,21,60,0,0,0
9019,9,Urban,Clear,74,40,0,0,0
9020,20,Rural,Rain,20,60,0,0,0
9021,16,Highway,Rain,34,100,0,0,0
9022,15,Urban,Clear,23,40,0,0,0
9023,18,Highway,Fog,84,100,0,0,0
9024,21,Urban,Clear,42,40,0,0,0
9025,4,Highway,Clear,34,100,0,0,0
9026,1,Highway,Clear,41,100,0,0,0
9027,21,Rural,Rain,38,60,0,0,0
9028,18,Urban,Clear,62,40,0,0,0
9029,1,Highway,Clear,34,100,0,1,1
9030,20,Rural,Snow,30,60,0,0,0
9031,12,Urban,Fog,24,40,0,0,0
9032,21,Highway,Clear,48,100,0,0,0
9033,20,Highway,Clear,34,100,0,0,0
9034,0,Highway,Rain,50,100,1,1,1
9035,5,Urban,Clear,50,40,0,0,0
9036,14,Urban,Fog,30,40,0,0,0
9037,14,Urban,Clear,31,40,0,0,0
9038,5,Rural,Clear,48,60,0,0,0
9039,5,Urban,Rain,50,40,0,0,0
9040,19,Highway,Clear,92,100,0,0,0
9041,7,Highway,Clear,58,100,0,0,0
9042,11,Urban,Clear,31,40,0,0,0
9043,21,Rural,Clear,36,60,0,0,0
9044,10,Urban,Clear,75,40,0,0,0
9045,19,Highway,Rain,84,100,0,0,0
9046,13,Highway,Rain,59,100,0,0,0
9047,7,Rural,Rain,20,60,0,0,0
9048,15,Highway,Rain,45,100,0,0,0
9049,23,Rural,Clear,27,60,0,0,0
9050,8,Urban,Clear,90,40,0,0,0
9051,13,Rural,Clear,45,60,0,0,0
9052,6,Urban,Clear,33,40,0,0,0
9053,4,Urban,Clear,23,40,0,0,0
9054,2,Rural,Fog,50,60,0,0,0
9055,7,Urban,Clear,33,40,0,0,0
9056,6,Rural,Clear,24,60,0,0,0
9057,2,Highway,Clear,34,100,1,1,1
9058,13,Rural,Clear,31,60,0,0,0
9059,19,Urban,Rain,79,40,0,0,0
9060,17,Highway,Clear,83,100,0,0,0
9061,13,Urban,Rain,43,40,0,0,0
9062,3,Highway,Rain,49,100,1,1,1
9063,15,Rural,Snow,41,60,0,0,0
9064,6,Urban,Clear,22,40,0,0,0
9065,5,Highway,Clear,55,100,0,0,0
9066,17,Urban,Clear,85,40,0,0,0
9067,17,Highway,Clear,97,100,0,0,0
9068,23,Urban,Clear,26,40,0,0,0
9069,1,Urban,Clear,47,40,0,0,0
9070,9,Rural,Clear,76,60,0,0,0
9071,22,Highway,Clear,31,100,0,0,0
9072,2,Urban,Clear,35,40,0,0,0
9073,15,Rural,Clear,35,60,0,0,0
9074,8,Rural,Clear,69,60,0,0,0
9075,17,Rural,Rain,68,60,0,0,0
9076,10,Urban,Clear,83,40,0,0,0
9077,17,Rural,Clear,72,60,0,0,0
9078,20,Urban,Rain,28,40,0,0,0
9079,17,Highway,Clear,75,100,0,0,0
9080,19,Highway,Clear,80,100,0,0,0
9081,1,Urban,Clear,41,40,0,0,0
9082,19,Urban,Clear,61,40,0,0,0
9083,17,Rural,Clear,62,60,0,0,0
9084,23,Urban,Clear,42,40,0,0,0
9085,14,Rural,Snow,38,60,0,0,0
9086,20,Urban,Fog,48,40,0,0,0
9087,10,Rural,Clear,61,60,0,0,0
9088,10,Rural,Rain,65,60,0,0,0
9089,13,Rural,Clear,45,60,0,0,0
9090,16,Urban,Snow,27,40,0,0,0
9091,13,Rural,Clear,37,60,0,0,0
9092,8,Rural,Rain,87,60,0,0,0
9093,4,Urban,Rain,45,40,0,0,0
9094,20,Urban,Clear,46,40,0,0,0
9095,21,Rural,Clear,24,60,0,0,0
9096,5,Highway,Clear,30,100,0,0,0
9097,20,Rural,Clear,48,60,0,0,0
9098,14,Highway,Clear,38,100,0,0,0
9099,0,Urban,Clear,47,40,0,0,0
9100,10,Urban,Rain,84,40,0,0,0
9101,12,Rural,Rain,38,60,0,0,0
9102,11,Highway,Rain,53,100,0,0,0
9103,1,Urban,Clear,32,40,0,0,0
9104,11,Urban,Fog,22,40,0,0,0
9105,20,Highway,Rain,45,100,1,1,1
9106,8,Highway,Clear,85,100,0,0,0
9107,6,Urban,Rain,20,40,0,0,0
9108,10,Urban,Clear,79,40,0,0,0
9109,11,Rural,Clear,43,60,0,0,0
9110,12,Highway,Clear,50,100,0,0,0
9111,3,Urban,Snow,26,40,0,0,0
9112,10,Rural,Rain,67,60,0,0,0
9113,11,Rural,Clear,45,60,0,0,0
9114,17,Rural,Rain,78,60,0,0,0
9115,18,Highway,Rain,94,100,0,0,0
9116,16,Highway,Clear,54,100,0,0,0
9117,21,Rural,Rain,22,60,0,0,0
9118,2,Highway,Rain,53,100,1,1,1
9119,3,Rural,Fog,30,60,0,0,0
9120,5,Rural,Clear,45,60,0,0,0
9121,8,Rural,Fog,76,60,0,0,0
9122,13,Highway,Clear,30,100,0,0,0
9123,9,Urban,Clear,61,40,0,0,0
9124,19,Rural,Rain,85,60,0,0,0
9125,15,Urban,Rain,26,40,0,0,0
9126,18,Urban,Clear,81,40,0,0,0
9127,14,Rural,Clear,42,60,0,0,0
9128,1,Urban,Rain,23,40,0,0,0
9129,6,Rural,Clear,38,60,0,0,0
9130,13,Highway,Rain,55,100,0,0,0
9131,2,Highway,Clear,52,100,0,0,0
9132,16,Highway,Fog,43,100,0,0,0
9133,2,Highway,Rain,56,100,1,1,1
9134,23,Urban,Fog,36,40,0,0,0
9135,3,Urban,Clear,32,40,0,0,0
9136,3,Rural,Clear,46,60,0,0,0
9137,20,Urban,Fog,29,40,0,0,0
9138,11,Urban,Clear,39,40,0,0,0
9139,21,Highway,Rain,54,100,0,0,0
9140,0,Highway,Clear,58,100,0,0,0
9141,8,Rural,Clear,69,60,0,0,0
9142,0,Urban,Clear,24,40,0,0,0
9143,10,Highway,Clear,91,100,0,0,0
9144,20,Urban,Rain,25,40,0,0,0
9145,5,Rural,Rain,25,60,0,0,0
9146,22,Highway,Snow,42,100,1,1,1
9147,12,Urban,Clear,36,40,0,0,0
9148,12,Rural,Clear,46,60,0,0,0
9149,9,Urban,Rain,74,40,0,0,0
9150,1,Highway,Clear,35,100,0,1,1
9151,22,Highway,Clear,51,100,0,0,0
9152,9,Urban,Clear,64,40,0,0,0
9153,17,Urban,Clear,66,40,0,0,0
9154,21,Rural,Fog,32,60,0,0,0
9155,9,Highway,Clear,81,100,0,0,0
9156,2,Rural,Clear,37,60,0,0,0
9157,1,Urban,Clear,25,40,0,0,0
9158,22,Urban,Clear,25,40,0,0,0
9159,7,Highway,Clear,47,100,0,0,0
9160,5,Highway,Clear,37,100,0,0,0
9161,6,Urban,Clear,33,40,0,0,0
9162,22,Highway,Clear,33,100,0,0,0
9163,17,Rural,Rain,69,60,0,0,0
9164,1,Urban,Clear,49,40,0,0,0
9165,2,Highway,Rain,37,100,1,1,1
9166,2,Rural,Fog,46,60,0,0,0
9167,23,Urban,Clear,40,40,0,0,0
9168,17,Rural,Rain,87,60,0,0,0
9169,10,Highway,Rain,78,100,0,0,0
9170,14,Rural,Clear,28,60,0,0,0
9171,9,Highway,Rain,95,100,0,0,0
9172,9,Urban,Clear,66,40,0,0,0
9173,15,Highway,Clear,51,100,0,0,0
9174,1,Highway,Clear,33,100,1,1,1
9175,6,Rural,Clear,20,60,0,0,0
9176,13,Highway,Clear,31,100,0,0,0
9177,5,Urban,Clear,38,40,0,0,0
9178,16,Highway,Fog,41,100,1,1,1
9179,23,Rural,Clear,36,60,0,0,0
9180,9,Rural,Clear,84,60,0,0,0
9181,12,Rural,Fog,38,60,0,0,0
9182,16,Highway,Fog,34,100,0,0,0
9183,19,Urban,Fog,73,40,0,0,0
9184,2,Urban,Rain,49,40,0,0,0
9185,17,Highway,Rain,79,100,0,1,1
9186,23,Highway,Clear,34,100,1,1,1
9187,1,Highway,Rain,54,100,1,1,1
9188,12,Highway,Clear,59,100,0,0,0
9189,23,Rural,Rain,44,60,0,0,0
9190,23,Urban,Clear,48,40,0,0,0
9191,23,Rural,Clear,27,60,0,0,0
9192,22,Rural,Clear,25,60,0,0,0
9193,3,Highway,Clear,42,100,0,0,0
9194,1,Rural,Clear,30,60,0,0,0
9195,0,Rural,Clear,38,60,0,0,0
9196,11,Highway,Fog,36,100,0,0,0
9197,20,Urban,Clear,49,40,0,0,0
9198,21,Rural,Rain,28,60,0,0,0
9199,19,Urban,Snow,67,40,0,0,0
9200,13,Urban,Clear,32,40,0,0,0
9201,17,Highway,Clear,89,100,0,0,0
9202,4,Rural,Clear,21,60,0,0,0
9203,16,Highway,Rain,43,100,1,1,1
9204,22,Highway,Fog,33,100,1,1,1
9205,2,Rural,Clear,28,60,0,0,0
9206,9,Highway,Clear,89,100,0,0,0
9207,13,Urban,Fog,44,40,0,0,0
9208,2,Rural,Clear,49,60,0,0,0
9209,12,Rural,Clear,25,60,0,0,0
9210,21,Highway,Fog,33,100,0,0,0
9211,14,Urban,Clear,42,40,0,0,0
9212,7,Rural,Rain,45,60,0,0,0
9213,17,Rural,Clear,85,60,0,0,0
9214,19,Highway,Clear,73,100,0,0,0
9215,14,Rural,Rain,40,60,0,0,0
9216,15,Rural,Rain,47,60,0,0,0
9217,10,Urban,Clear,81,40,0,0,0
9218,11,Highway,Rain,45,100,0,0,0
9219,14,Rural,Clear,41,60,0,0,0
9220,4,Rural,Fog,32,60,0,0,0
9221,23,Rural,Clear,36,60,0,0,0
9222,3,Rural,Snow,24,60,0,0,0
9223,23,Rural,Clear,47,60,0,0,0
9224,12,Urban,Clear,38,40,0,0,0
9225,18,Rural,Clear,77,60,0,0,0
9226,12,Rural,Clear,49,60,0,0,0
9227,18,Highway,Clear,77,100,0,0,0
9228,22,Urban,Rain,50,40,0,0,0
9229,22,Rural,Clear,30,60,0,0,0
9230,20,Urban,Rain,33,40,0,0,0
9231,21,Rural,Clear,24,60,0,0,0
9232,1,Highway,Clear,39,100,0,0,0
9233,4,Highway,Rain,47,100,1,1,1
9234,20,Highway,Clear,51,100,0,0,0
9235,16,Highway,Fog,39,100,1,1,1
9236,13,Rural,Clear,46,60,0,0,0
9237,8,Rural,Fog,82,60,0,0,0
9238,1,Highway,Clear,49,100,0,0,0
9239,5,Urban,Clear,28,40,0,0,0
9240,9,Highway,Rain,83,100,1,1,1
9241,14,Urban,Rain,42,40,0,0,0
9242,18,Highway,Clear,79,100,0,0,0
9243,11,Rural,Clear,36,60,0,0,0
9244,1,Highway,Clear,46,100,1,1,1
9245,17,Rural,Fog,90,60,0,0,0
9246,21,Rural,Clear,50,60,0,0,0
9247,20,Highway,Clear,40,100,0,0,0
9248,9,Rural,Clear,80,60,0,0,0
9249,8,Urban,Clear,70,40,0,0,0
9250,7,Highway,Clear,45,100,0,0,0
9251,18,Urban,Fog,73,40,0,0,0
9252,9,Urban,Clear,75,40,0,0,0
9253,8,Urban,Clear,67,40,0,0,0
9254,20,Urban,Clear,37,40,0,0,0
9255,5,Highway,Clear,31,100,0,0,0
9256,10,Highway,Clear,95,100,0,0,0
9257,10,Highway,Clear,70,100,0,0,0
9258,11,Rural,Clear,40,60,0,0,0
9259,11,Highway,Clear,34,100,0,0,0
9260,18,Highway,Clear,98,100,0,0,0
9261,15,Urban,Rain,44,40,0,0,0
9262,20,Highway,Rain,49,100,0,0,0
9263,5,Urban,Clear,24,40,0,0,0
9264,14,Urban,Clear,25,40,0,0,0
9265,2,Urban,Clear,49,40,0,0,0
9266,7,Urban,Rain,26,40,0,0,0
9267,16,Urban,Fog,24,40,0,0,0
9268,15,Highway,Clear,41,100,0,0,0
9269,1,Highway,Clear,39,100,1,1,1
9270,22,Highway,Clear,35,100,0,0,0
9271,23,Highway,Clear,57,100,1,1,1
9272,14,Highway,Clear,39,100,0,0,0
9273,5,Urban,Rain,39,40,0,0,0
9274,5,Rural,Clear,43,60,0,0,0
9275,21,Rural,Clear,44,60,0,0,0
9276,22,Rural,Rain,41,60,0,0,0
9277,17,Rural,Clear,66,60,0,0,0
9278,14,Rural,Clear,43,60,0,0,0
9279,3,Highway,Fog,40,100,1,1,1
9280,7,Rural,Clear,26,60,0,0,0
9281,18,Rural,Clear,60,60,0,0,0
9282,23,Urban,Clear,25,40,0,0,0
9283,6,Highway,Clear,43,100,0,0,0
9284,14,Rural,Rain,23,60,0,0,0
9285,8,Highway,Clear,87,100,0,0,0
9286,11,Urban,Clear,47,40,0,0,0
9287,14,Highway,Clear,41,100,0,0,0
9288,9,Rural,Rain,82,60,0,0,0
9289,22,Rural,Clear,49,60,0,0,0
9290,17,Highway,Clear,80,100,0,0,0
9291,12,Urban,Clear,30,40,0,0,0
9292,3,Urban,Rain,43,40,0,0,0
9293,6,Urban,Rain,23,40,0,0,0
9294,0,Urban,Rain,26,40,0,0,0
9295,19,Urban,Rain,80,40,0,0,0
9296,14,Highway,Clear,53,100,0,0,0
9297,1,Urban,Rain,44,40,0,0,0
9298,15,Rural,Rain,34,60,0,0,0
9299,5,Rural,Rain,42,60,0,0,0
9300,14,Urban,Clear,35,40,0,0,0
9301,23,Urban,Clear,41,40,0,0,0
9302,18,Urban,Clear,62,40,0,0,0
9303,23,Urban,Clear,35,40,0,0,0
9304,8,Rural,Rain,81,60,0,0,0
9305,8,Highway,Clear,83,100,0,0,0
9306,11,Urban,Clear,49,40,0,0,0
9307,7,Highway,Clear,58,100,0,0,0
9308,6,Rural,Rain,48,60,0,0,0
9309,0,Rural,Rain,28,60,0,0,0
9310,9,Urban,Clear,76,40,0,0,0
9311,16,Rural,Clear,45,60,0,0,0
9312,8,Highway,Clear,90,100,0,0,0
9313,21,Urban,Clear,31,40,0,0,0
9314,6,Highway,Clear,60,100,0,0,0
9315,23,Highway,Rain,30,100,1,1,1
9316,9,Rural,Snow,67,60,0,0,0
9317,14,Rural,Clear,35,60,0,0,0
9318,4,Rural,Snow,38,60,0,0,0
9319,16,Rural,Clear,40,60,0,0,0
9320,9,Highway,Fog,79,100,0,0,0
9321,3,Highway,Clear,50,100,1,1,1
9322,19,Rural,Clear,60,60,0,0,0
9323,21,Highway,Clear,45,100,0,0,0
9324,15,Urban,Clear,28,40,0,0,0
9325,4,Urban,Clear,28,40,0,0,0
9326,12,Urban,Rain,26,40,0,0,0
9327,17,Rural,Fog,79,60,0,0,0
9328,0,Highway,Clear,42,100,0,0,0
9329,13,Urban,Rain,27,40,0,0,0
9330,1,Rural,Fog,28,60,0,0,0
9331,20,Urban,Rain,45,40,0,0,0
9332,15,Urban,Clear,31,40,0,0,0
9333,15,Urban,Clear,31,40,0,0,0
9334,16,Rural,Clear,26,60,0,0,0
9335,18,Urban,Clear,82,40,0,0,0
9336,22,Urban,Clear,35,40,0,0,0
9337,4,Urban,Snow,28,40,0,0,0
9338,19,Highway,Fog,85,100,0,0,0
9339,2,Rural,Clear,45,60,0,0,0
9340,22,Urban,Fog,43,40,0,0,0
9341,21,Urban,Rain,35,40,0,0,0
9342,16,Highway,Clear,56,100,0,0,0
9343,6,Highway,Clear,31,100,0,0,0
9344,7,Rural,Clear,42,60,0,0,0
9345,21,Rural,Clear,39,60,0,0,0
9346,0,Rural,Clear,27,60,0,0,0
9347,17,Urban,Clear,64,40,0,0,0
9348,23,Rural,Clear,35,60,0,0,0
9349,5,Rural,Clear,50,60,0,0,0
9350,9,Highway,Rain,70,100,0,0,0
9351,2,Rural,Fog,39,60,0,0,0
9352,17,Urban,Clear,71,40,0,0,0
9353,15,Rural,Clear,38,60,0,0,0
9354,4,Highway,Clear,50,100,1,1,1
9355,6,Rural,Clear,22,60,0,0,0
9356,1,Highway,Clear,59,100,0,0,0
9357,19,Highway,Rain,84,100,0,0,0
9358,12,Highway,Clear,37,100,0,0,0
9359,8,Urban,Fog,71,40,0,0,0
9360,10,Rural,Clear,79,60,0,0,0
9361,9,Rural,Rain,63,60,0,0,0
9362,20,Urban,Clear,44,40,0,0,0
9363,14,Highway,Clear,37,100,0,0,0
9364,6,Urban,Clear,45,40,0,0,0
9365,13,Highway,Rain,45,100,0,0,0
9366,0,Urban,Clear,21,40,0,0,0
9367,12,Urban,Rain,31,40,0,0,0
9368,23,Highway,Rain,44,100,0,1,1
9369,14,Urban,Clear,35,40,0,0,0
9370,4,Rural,Rain,40,60,0,0,0
9371,20,Highway,Clear,42,100,0,0,0
9372,20,Rural,Clear,22,60,0,0,0
9373,10,Urban,Clear,71,40,0,0,0
9374,23,Rural,Rain,29,60,0,0,0
9375,23,Urban,Rain,22,40,0,0,0
9376,22,Urban,Clear,49,40,0,0,0
9377,2,Rural,Clear,33,60,0,0,0
9378,1,Urban,Rain,32,40,0,0,0
9379,2,Highway,Rain,41,100,0,1,1
9380,15,Rural,Clear,23,60,0,0,0
9381,21,Rural,Clear,49,60,0,0,0
9382,16,Rural,Snow,21,60,0,0,0
9383,11,Urban,Fog,50,40,0,0,0
9384,8,Urban,Snow,80,40,0,0,0
9385,16,Highway,Rain,39,100,0,0,0
9386,2,Rural,Clear,20,60,0,0,0
9387,20,Highway,Clear,49,100,0,0,0
9388,21,Highway,Clear,42,100,0,0,0
9389,5,Rural,Clear,33,60,0,0,0
9390,16,Highway,Clear,30,100,0,0,0
9391,23,Urban,Clear,39,40,0,0,0
9392,8,Rural,Rain,82,60,0,0,0
9393,17,Highway,Clear,89,100,0,0,0
9394,19,Rural,Clear,75,60,0,0,0
9395,3,Urban,Rain,24,40,0,0,0
9396,3,Urban,Clear,32,40,0,0,0
9397,2,Highway,Rain,60,100,0,0,0
9398,7,Urban,Rain,33,40,0,0,0
9399,5,Highway,Clear,49,100,0,0,0
9400,19,Rural,Fog,78,60,0,0,0
9401,19,Urban,Clear,85,40,0,0,0
9402,7,Highway,Clear,48,100,0,0,0
9403,15,Urban,Clear,43,40,0,0,0
9404,9,Highway,Clear,92,100,0,0,0
9405,21,Urban,Clear,29,40,0,0,0
9406,17,Highway,Rain,92,100,0,0,0
9407,10,Urban,Clear,78,40,0,0,0
9408,18,Highway,Fog,76,100,0,0,0
9409,16,Urban,Rain,30,40,0,0,0
9410,18,Rural,Clear,83,60,0,0,0
9411,13,Urban,Rain,49,40,0,0,0
9412,15,Rural,Clear,45,60,0,0,0
9413,7,Rural,Rain,34,60,0,0,0
9414,22,Rural,Clear,45,60,0,0,0
9415,5,Urban,Rain,22,40,0,0,0
9416,23,Rural,Rain,48,60,0,0,0
9417,2,Rural,Clear,37,60,0,0,0
9418,20,Urban,Clear,39,40,0,0,0
9419,4,Rural,Clear,41,60,0,0,0
9420,3,Rural,Snow,35,60,0,0,0
9421,3,Rural,Rain,34,60,0,0,0
9422,16,Rural,Clear,36,60,0,0,0
9423,14,Rural,Rain,36,60,0,0,0
9424,21,Urban,Snow,32,40,0,0,0
9425,16,Rural,Snow,33,60,0,0,0
9426,15,Rural,Clear,28,60,0,0,0
9427,5,Urban,Rain,38,40,0,0,0
9428,17,Urban,Clear,79,40,0,0,0
9429,8,Rural,Rain,87,60,0,0,0
9430,20,Urban,Rain,28,40,0,0,0
9431,10,Rural,Clear,63,60,0,0,0
9432,21,Rural,Clear,49,60,0,0,0
9433,15,Urban,Clear,36,40,0,0,0
9434,6,Rural,Clear,23,60,0,0,0
9435,10,Rural,Rain,86,60,0,0,0
9436,1,Highway,Clear,30,100,0,0,0
9437,9,Urban,Clear,77,40,0,0,0
9438,21,Rural,Clear,24,60,0,0,0
9439,10,Rural,Rain,71,60,0,0,0
9440,9,Rural,Clear,84,60,0,0,0
9441,16,Urban,Clear,31,40,0,0,0
9442,1,Rural,Rain,48,60,0,0,0
9443,13,Highway,Clear,48,100,0,0,0
9444,8,Urban,Rain,83,40,0,0,0
9445,18,Rural,Rain,82,60,0,0,0
9446,3,Urban,Rain,42,40,0,0,0
9447,10,Rural,Rain,72,60,0,0,0
9448,7,Highway,Clear,33,100,0,0,0
9449,10,Rural,Clear,88,60,0,0,0
9450,11,Urban,Clear,34,40,0,0,0
9451,20,Urban,Rain,34,40,0,0,0
9452,17,Rural,Snow,79,60,0,0,0
9453,4,Urban,Clear,38,40,0,0,0
9454,6,Highway,Fog,41,100,0,0,0
9455,20,Urban,Clear,22,40,0,0,0
9456,20,Rural,Rain,24,60,0,0,0
9457,10,Highway,Clear,85,100,0,0,0
9458,17,Urban,Clear,68,40,0,0,0
9459,20,Rural,Rain,37,60,0,0,0
9460,9,Highway,Clear,72,100,0,0,0
9461,19,Rural,Clear,78,60,0,0,0
9462,18,Urban,Rain,71,40,0,0,0
9463,3,Urban,Clear,24,40,0,0,0
9464,5,Urban,Clear,37,40,0,0,0
9465,9,Highway,Rain,96,100,1,1,1
9466,16,Rural,Clear,39,60,0,0,0
9467,13,Rural,Clear,20,60,0,0,0
9468,11,Rural,Clear,29,60,0,0,0
9469,7,Highway,Clear,59,100,0,0,0
9470,2,Urban,Clear,48,40,0,0,0
9471,15,Rural,Clear,20,60,0,0,0
9472,19,Urban,Clear,87,40,0,0,0
9473,12,Rural,Rain,50,60,0,0,0
9474,6,Rural,Clear,47,60,0,0,0
9475,13,Rural,Rain,42,60,0,0,0
9476,0,Urban,Clear,37,40,0,0,0
9477,5,Highway,Clear,39,100,0,0,0
9478,2,Highway,Clear,41,100,1,1,1
9479,0,Highway,Clear,51,100,0,1,1
9480,2,Urban,Clear,50,40,0,0,0
9481,7,Urban,Clear,25,40,0,0,0
9482,16,Urban,Rain,29,40,0,0,0
9483,7,Urban,Rain,21,40,0,0,0
9484,5,Highway,Clear,54,100,0,0,0
9485,15,Urban,Rain,42,40,0,0,0
9486,1,Highway,Rain,32,100,1,1,1
9487,8,Highway,Clear,72,100,0,0,0
9488,5,Rural,Clear,36,60,0,0,0
9489,12,Highway,Clear,49,100,0,0,0
9490,7,Rural,Clear,48,60,0,0,0
9491,4,Rural,Clear,38,60,0,0,0
9492,12,Highway,Rain,51,100,0,0,0
9493,19,Highway,Clear,84,100,0,0,0
9494,21,Urban,Clear,50,40,0,0,0
9495,4,Rural,Fog,24,60,0,0,0
9496,12,Highway,Clear,57,100,0,0,0
9497,23,Urban,Rain,37,40,0,0,0
9498,7,Rural,Clear,35,60,0,0,0
9499,23,Highway,Rain,31,100,0,1,1
9500,17,Highway,Rain,85,100,1,1,1
9501,2,Highway,Rain,37,100,1,1,1
9502,12,Highway,Clear,32,100,0,0,0
9503,11,Rural,Clear,39,60,0,0,0
9504,9,Rural,Fog,69,60,0,0,0
9505,15,Highway,Clear,30,100,0,0,0
9506,16,Urban,Clear,28,40,0,0,0
9507,9,Highway,Clear,82,100,0,0,0
9508,5,Rural,Clear,27,60,0,0,0
9509,6,Urban,Clear,50,40,0,0,0
9510,2,Highway,Rain,42,100,1,1,1
9511,14,Rural,Clear,37,60,0,0,0
9512,13,Rural,Snow,48,60,0,0,0
9513,13,Highway,Clear,56,100,0,0,0
9514,19,Urban,Clear,69,40,0,0,0
9515,16,Rural,Clear,42,60,0,0,0
9516,8,Urban,Clear,84,40,0,0,0
9517,5,Rural,Rain,35,60,0,0,0
9518,23,Urban,Clear,35,40,0,0,0
9519,8,Highway,Clear,90,100,0,0,0
9520,20,Highway,Clear,37,100,0,0,0
9521,20,Highway,Clear,51,100,0,0,0
9522,19,Urban,Fog,75,40,0,0,0
9523,3,Rural,Clear,35,60,0,0,0
9524,1,Rural,Rain,41,60,0,0,0
9525,4,Urban,Rain,47,40,0,0,0
9526,9,Rural,Clear,83,60,0,0,0
9527,22,Rural,Snow,20,60,0,0,0
9528,14,Highway,Clear,43,100,0,0,0
9529,7,Rural,Clear,42,60,0,0,0
9530,10,Urban,Clear,76,40,0,0,0
9531,16,Urban,Rain,31,40,0,0,0
9532,17,Urban,Clear,72,40,0,0,0
9533,17,Highway,Clear,85,100,0,0,0
9534,7,Urban,Clear,46,40,0,0,0
9535,16,Urban,Clear,44,40,0,0,0
9536,3,Rural,Clear,22,60,0,0,0
9537,8,Highway,Rain,73,100,0,0,0
9538,18,Rural,Fog,79,60,0,0,0
9539,19,Urban,Rain,78,40,0,0,0
9540,15,Rural,Clear,47,60,0,0,0
9541,22,Rural,Clear,40,60,0,0,0
9542,1,Highway,Clear,55,100,1,1,1
9543,18,Rural,Rain,79,60,0,0,0
9544,5,Highway,Rain,60,100,1,1,1
9545,18,Rural,Clear,87,60,0,0,0
9546,22,Rural,Rain,42,60,0,0,0
9547,0,Urban,Rain,44,40,0,0,0
9548,18,Rural,Clear,76,60,0,0,0
9549,14,Rural,Rain,38,60,0,0,0
9550,0,Rural,Clear,27,60,0,0,0
9551,3,Urban,Fog,42,40,0,0,0
9552,6,Rural,Clear,24,60,0,0,0
9553,12,Highway,Clear,34,100,0,0,0
9554,11,Rural,Fog,43,60,0,0,0
9555,13,Urban,Rain,43,40,0,0,0
9556,23,Highway,Fog,59,100,0,1,1
9557,23,Rural,Rain,30,60,0,0,0
9558,1,Urban,Clear,30,40,0,0,0
9559,22,Rural,Rain,29,60,0,0,0
9560,6,Urban,Rain,38,40,0,0,0
9561,6,Urban,Rain,33,40,0,0,0
9562,2,Highway,Snow,45,100,1,1,1
9563,10,Rural,Clear,72,60,0,0,0
9564,14,Rural,Clear,50,60,0,0,0
9565,21,Urban,Clear,24,40,0,0,0
9566,20,Highway,Fog,46,100,0,0,0
9567,20,Rural,Clear,42,60,0,0,0
9568,10,Highway,Rain,88,100,0,0,0
9569,6,Rural,Clear,24,60,0,0,0
9570,12,Highway,Clear,39,100,0,0,0
9571,8,Rural,Clear,84,60,0,0,0
9572,2,Highway,Clear,35,100,1,1,1
9573,17,Rural,Clear,70,60,0,0,0
9574,20,Rural,Clear,50,60,0,0,0
9575,5,Highway,Rain,54,100,0,0,0
9576,9,Urban,Clear,66,40,0,0,0
9577,17,Highway,Clear,91,100,0,0,0
9578,21,Rural,Clear,45,60,0,0,0
9579,16,Rural,Clear,32,60,0,0,0
9580,18,Highway,Fog,97,100,1,1,1
9581,13,Urban,Clear,45,40,0,0,0
9582,18,Highway,Clear,71,100,0,0,0
9583,7,Rural,Clear,35,60,0,0,0
9584,1,Urban,Clear,41,40,0,0,0
9585,11,Rural,Clear,27,60,0,0,0
9586,22,Rural,Clear,24,60,0,0,0
9587,5,Highway,Clear,57,100,0,0,0
9588,10,Rural,Clear,90,60,0,0,0
9589,5,Rural,Fog,48,60,0,0,0
9590,2,Highway,Clear,58,100,0,0,0
9591,7,Urban,Clear,45,40,0,0,0
9592,4,Rural,Rain,34,60,0,0,0
9593,21,Rural,Clear,48,60,0,0,0
9594,12,Urban,Clear,45,40,0,0,0
9595,15,Highway,Clear,44,100,0,0,0
9596,15,Highway,Clear,45,100,0,0,0
9597,6,Rural,Clear,42,60,0,0,0
9598,17,Rural,Rain,67,60,0,0,0
9599,0,Highway,Rain,54,100,1,1,1
9600,2,Rural,Clear,47,60,0,0,0
9601,12,Highway,Fog,48,100,0,0,0
9602,19,Urban,Rain,61,40,0,0,0
9603,10,Highway,Clear,92,100,0,0,0
9604,3,Rural,Clear,44,60,0,0,0
9605,9,Rural,Rain,64,60,0,0,0
9606,3,Urban,Fog,37,40,0,0,0
9607,20,Highway,Fog,46,100,0,0,0
9608,5,Highway,Rain,41,100,0,0,0
9609,0,Urban,Rain,27,40,0,0,0
9610,0,Urban,Rain,35,40,0,0,0
9611,7,Highway,Clear,57,100,0,0,0
9612,23,Urban,Clear,31,40,0,0,0
9613,18,Urban,Clear,66,40,0,0,0
9614,2,Rural,Clear,43,60,0,0,0
9615,13,Highway,Rain,59,100,0,0,0
9616,0,Rural,Clear,42,60,0,0,0
9617,6,Urban,Rain,42,40,0,0,0
9618,0,Urban,Fog,37,40,0,0,0
9619,4,Urban,Clear,36,40,0,0,0
9620,16,Urban,Clear,36,40,0,0,0
9621,23,Highway,Fog,40,100,0,1,1
9622,13,Rural,Clear,24,60,0,0,0
9623,11,Rural,Clear,35,60,0,0,0
9624,13,Highway,Rain,44,100,1,1,1
9625,15,Rural,Clear,25,60,0,0,0
9626,10,Rural,Rain,81,60,0,0,0
9627,0,Highway,Rain,49,100,1,1,1
9628,2,Rural,Fog,46,60,0,0,0
9629,10,Rural,Rain,75,60,0,0,0
9630,18,Rural,Clear,80,60,0,0,0
9631,9,Urban,Snow,73,40,0,0,0
9632,4,Urban,Clear,28,40,0,0,0
9633,2,Rural,Clear,22,60,0,0,0
9634,23,Rural,Clear,45,60,0,0,0
9635,18,Highway,Clear,78,100,0,0,0
9636,22,Rural,Clear,40,60,0,0,0
9637,14,Urban,Clear,39,40,0,0,0
9638,21,Rural,Clear,30,60,0,0,0
9639,18,Rural,Rain,84,60,0,0,0
9640,4,Highway,Clear,44,100,1,1,1
9641,20,Rural,Clear,45,60,0,0,0
9642,16,Highway,Rain,39,100,0,0,0
9643,10,Highway,Clear,96,100,0,0,0
9644,18,Highway,Rain,93,100,1,1,1
9645,1,Rural,Rain,35,60,0,0,0
9646,22,Highway,Fog,32,100,0,1,1
9647,2,Urban,Rain,24,40,0,0,0
9648,8,Urban,Snow,83,40,0,0,0
9649,1,Urban,Clear,28,40,0,0,0
9650,2,Highway,Clear,35,100,1,1,1
9651,18,Highway,Snow,70,100,1,1,1
9652,13,Rural,Rain,37,60,0,0,0
9653,23,Urban,Rain,20,40,0,0,0
9654,6,Urban,Clear,46,40,0,0,0
9655,8,Rural,Snow,66,60,0,0,0
9656,14,Urban,Clear,44,40,0,0,0
9657,9,Rural,Fog,64,60,0,0,0
9658,9,Urban,Fog,74,40,0,0,0
9659,2,Rural,Clear,35,60,0,0,0
9660,20,Urban,Rain,27,40,0,0,0
9661,16,Highway,Clear,56,100,0,0,0
9662,5,Highway,Clear,31,100,0,0,0
9663,4,Rural,Snow,49,60,0,0,0
9664,2,Highway,Clear,35,100,0,0,0
9665,17,Rural,Fog,71,60,0,0,0
9666,15,Urban,Rain,31,40,0,0,0
9667,13,Highway,Snow,43,100,0,0,0
9668,9,Urban,Clear,62,40,0,0,0
9669,20,Highway,Clear,43,100,0,0,0
9670,15,Urban,Clear,28,40,0,0,0
9671,14,Urban,Clear,31,40,0,0,0
9672,13,Rural,Clear,21,60,0,0,0
9673,14,Rural,Snow,23,60,0,0,0
9674,11,Rural,Clear,50,60,0,0,0
9675,6,Urban,Clear,22,40,0,0,0
9676,8,Highway,Clear,96,100,0,0,0
9677,5,Highway,Clear,41,100,0,0,0
9678,9,Highway,Clear,89,100,0,0,0
9679,13,Highway,Rain,33,100,0,0,0
9680,6,Urban,Clear,28,40,0,0,0
9681,15,Urban,Rain,23,40,0,0,0
9682,2,Urban,Clear,45,40,0,0,0
9683,21,Rural,Rain,34,60,0,0,0
9684,9,Urban,Clear,73,40,0,0,0
9685,18,Highway,Clear,86,100,0,0,0
9686,22,Rural,Clear,42,60,0,0,0
9687,20,Highway,Fog,52,100,0,0,0
9688,3,Highway,Clear,58,100,0,0,0
9689,10,Urban,Rain,85,40,0,0,0
9690,17,Highway,Clear,79,100,0,0,0
9691,12,Highway,Clear,39,100,0,0,0
9692,0,Rural,Clear,41,60,0,0,0
9693,13,Rural,Clear,36,60,0,0,0
9694,6,Urban,Clear,44,40,0,0,0
9695,21,Rural,Clear,30,60,0,0,0
9696,16,Highway,Rain,58,100,0,0,0
9697,1,Highway,Clear,52,100,0,0,0
9698,13,Highway,Rain,36,100,0,0,0
9699,13,Highway,Clear,43,100,0,0,0
9700,6,Urban,Snow,34,40,0,0,0
9701,22,Highway,Clear,52,100,0,0,0
9702,19,Rural,Rain,68,60,0,0,0
9703,18,Urban,Rain,64,40,0,0,0
9704,19,Highway,Clear,71,100,0,0,0
9705,4,Urban,Snow,20,40,0,0,0
9706,7,Rural,Clear,43,60,0,0,0
9707,9,Highway,Rain,95,100,0,0,0
9708,23,Highway,Fog,58,100,1,1,1
9709,0,Urban,Rain,31,40,0,0,0
9710,18,Rural,Fog,65,60,0,0,0
9711,12,Rural,Clear,38,60,0,0,0
9712,2,Urban,Clear,25,40,0,0,0
9713,23,Highway,Clear,50,100,0,0,0
9714,9,Urban,Clear,84,40,0,0,0
9715,23,Rural,Clear,21,60,0,0,0
9716,4,Rural,Clear,39,60,0,0,0
9717,11,Urban,Clear,40,40,0,0,0
9718,9,Urban,Clear,73,40,0,0,0
9719,15,Highway,Rain,48,100,0,0,0
9720,4,Rural,Clear,46,60,0,0,0
9721,16,Urban,Snow,33,40,0,0,0
9722,10,Urban,Clear,68,40,0,0,0
9723,0,Rural,Rain,46,60,0,0,0
9724,10,Highway,Clear,92,100,0,0,0
9725,20,Urban,Rain,26,40,0,0,0
9726,10,Rural,Snow,77,60,0,0,0
9727,4,Rural,Clear,24,60,0,0,0
9728,21,Urban,Rain,46,40,0,0,0
9729,0,Highway,Fog,39,100,1,1,1
9730,9,Rural,Clear,64,60,0,0,0
9731,1,Rural,Rain,20,60,0,0,0
9732,15,Highway,Fog,37,100,0,0,0
9733,7,Urban,Clear,36,40,0,0,0
9734,19,Highway,Clear,81,100,0,0,0
9735,20,Urban,Rain,35,40,0,0,0
9736,15,Rural,Clear,24,60,0,0,0
9737,11,Urban,Rain,47,40,0,0,0
9738,11,Urban,Clear,36,40,0,0,0
9739,14,Highway,Clear,39,100,0,0,0
9740,11,Urban,Rain,35,40,0,0,0
9741,13,Highway,Rain,48,100,0,0,0
9742,2,Highway,Clear,52,100,0,0,0
9743,2,Rural,Clear,29,60,0,0,0
9744,2,Highway,Fog,33,100,1,1,1
9745,23,Rural,Rain,36,60,0,0,0
9746,14,Rural,Snow,32,60,0,0,0
9747,1,Rural,Rain,21,60,0,0,0
9748,5,Highway,Clear,60,100,0,0,0
9749,19,Urban,Snow,84,40,0,0,0
9750,8,Urban,Rain,90,40,0,0,0
9751,0,Rural,Clear,30,60,0,0,0
9752,23,Highway,Clear,38,100,1,1,1
9753,3,Highway,Clear,53,100,1,1,1
9754,17,Highway,Fog,80,100,0,1,1
9755,0,Urban,Rain,34,40,0,0,0
9756,16,Highway,Clear,49,100,0,0,0
9757,7,Highway,Clear,54,100,0,0,0
9758,17,Urban,Clear,68,40,0,0,0
9759,23,Rural,Clear,45,60,0,0,0
9760,21,Rural,Rain,45,60,0,0,0
9761,22,Rural,Clear,25,60,0,0,0
9762,3,Rural,Clear,36,60,0,0,0
9763,8,Rural,Fog,71,60,0,0,0
9764,1,Highway,Snow,51,100,0,1,1
9765,8,Highway,Clear,70,100,0,0,0
9766,12,Highway,Rain,49,100,0,0,0
9767,7,Highway,Rain,38,100,0,1,1
9768,6,Highway,Rain,44,100,0,0,0
9769,4,Urban,Clear,30,40,0,0,0
9770,21,Rural,Clear,43,60,0,0,0
9771,13,Highway,Clear,50,100,0,0,0
9772,10,Highway,Clear,75,100,0,0,0
9773,3,Urban,Rain,21,40,0,0,0
9774,2,Highway,Snow,38,100,1,1,1
9775,11,Rural,Clear,38,60,0,0,0
9776,5,Rural,Clear,23,60,0,0,0
9777,19,Highway,Clear,99,100,0,0,0
9778,13,Highway,Clear,38,100,0,0,0
9779,0,Rural,Clear,24,60,0,0,0
9780,17,Urban,Fog,81,40,0,0,0
9781,11,Rural,Clear,46,60,0,0,0
9782,5,Urban,Rain,37,40,0,0,0
9783,9,Urban,Rain,86,40,0,0,0
9784,17,Urban,Clear,69,40,0,0,0
9785,1,Rural,Rain,34,60,0,0,0
9786,7,Rural,Clear,27,60,0,0,0
9787,18,Urban,Clear,62,40,0,0,0
9788,18,Urban,Clear,61,40,0,0,0
9789,14,Urban,Clear,33,40,0,0,0
9790,23,Urban,Clear,46,40,0,0,0
9791,18,Rural,Snow,78,60,0,0,0
9792,19,Rural,Fog,89,60,0,0,0
9793,22,Highway,Snow,47,100,1,1,1
9794,19,Urban,Clear,70,40,0,0,0
9795,22,Rural,Rain,49,60,0,0,0
9796,21,Urban,Clear,40,40,0,0,0
9797,0,Highway,Clear,43,100,0,0,0
9798,23,Rural,Clear,42,60,0,0,0
9799,2,Highway,Clear,47,100,1,1,1
9800,21,Urban,Fog,23,40,0,0,0
9801,6,Urban,Clear,25,40,0,0,0
9802,13,Rural,Clear,34,60,0,0,0
9803,17,Urban,Clear,64,40,0,0,0
9804,12,Urban,Clear,28,40,0,0,0
9805,5,Urban,Clear,41,40,0,0,0
9806,0,Urban,Rain,34,40,0,0,0
9807,15,Highway,Snow,39,100,1,1,1
9808,3,Highway,Fog,34,100,0,1,1
9809,13,Urban,Rain,21,40,0,0,0
9810,1,Highway,Clear,31,100,0,0,0
9811,23,Highway,Rain,58,100,1,1,1
9812,6,Highway,Clear,36,100,0,0,0
9813,14,Urban,Clear,46,40,0,0,0
9814,23,Highway,Clear,56,100,0,0,0
9815,11,Highway,Clear,52,100,0,0,0
9816,20,Highway,Clear,46,100,0,0,0
9817,7,Rural,Clear,20,60,0,0,0
9818,16,Urban,Clear,31,40,0,0,0
9819,15,Highway,Clear,30,100,0,0,0
9820,11,Rural,Rain,46,60,0,0,0
9821,10,Highway,Clear,95,100,0,0,0
9822,21,Urban,Rain,31,40,0,0,0
9823,21,Urban,Snow,48,40,0,0,0
9824,0,Urban,Rain,43,40,0,0,0
9825,12,Urban,Clear,49,40,0,0,0
9826,20,Highway,Rain,53,100,0,0,0
9827,1,Urban,Clear,42,40,0,0,0
9828,4,Highway,Clear,46,100,0,1,1
9829,20,Rural,Clear,30,60,0,0,0
9830,2,Rural,Clear,48,60,0,0,0
9831,18,Highway,Clear,74,100,0,0,0
9832,16,Urban,Clear,26,40,0,0,0
9833,17,Rural,Clear,63,60,0,0,0
9834,16,Urban,Clear,35,40,0,0,0
9835,15,Urban,Rain,34,40,0,0,0
9836,10,Highway,Clear,93,100,0,0,0
9837,2,Highway,Rain,36,100,1,1,1
9838,4,Highway,Clear,46,100,1,1,1
9839,11,Urban,Rain,49,40,0,0,0
9840,6,Highway,Clear,58,100,0,0,0
9841,16,Highway,Clear,38,100,0,0,0
9842,15,Urban,Clear,50,40,0,0,0
9843,1,Rural,Clear,20,60,0,0,0
9844,3,Highway,Clear,44,100,0,0,0
9845,21,Rural,Rain,23,60,0,0,0
9846,7,Urban,Clear,30,40,0,0,0
9847,12,Highway,Rain,56,100,1,1,1
9848,3,Highway,Clear,40,100,0,0,0
9849,7,Rural,Clear,38,60,0,0,0
9850,6,Urban,Clear,37,40,0,0,0
9851,13,Urban,Fog,33,40,0,0,0
9852,6,Urban,Clear,33,40,0,0,0
9853,4,Urban,Clear,41,40,0,0,0
9854,23,Urban,Clear,50,40,0,0,0
9855,16,Highway,Clear,43,100,0,0,0
9856,8,Rural,Clear,87,60,0,0,0
9857,1,Urban,Clear,34,40,0,0,0
9858,21,Urban,Snow,27,40,0,0,0
9859,19,Rural,Rain,72,60,0,0,0
9860,5,Highway,Clear,53,100,0,0,0
9861,19,Highway,Rain,90,100,0,0,0
9862,18,Rural,Clear,78,60,0,0,0
9863,14,Urban,Rain,40,40,0,0,0
9864,14,Highway,Clear,54,100,0,0,0
9865,2,Rural,Clear,20,60,0,0,0
9866,5,Rural,Clear,27,60,0,0,0
9867,17,Highway,Clear,95,100,0,0,0
9868,1,Rural,Fog,36,60,0,0,0
9869,15,Highway,Clear,58,100,0,0,0
9870,7,Highway,Rain,32,100,0,0,0
9871,5,Rural,Rain,40,60,0,0,0
9872,9,Urban,Clear,85,40,0,0,0
9873,10,Rural,Clear,69,60,0,0,0
9874,22,Urban,Rain,22,40,0,0,0
9875,15,Highway,Clear,50,100,0,0,0
9876,10,Urban,Clear,81,40,0,0,0
9877,10,Highway,Fog,74,100,1,1,1
9878,23,Highway,Rain,55,100,1,1,1
9879,9,Urban,Clear,85,40,0,0,0
9880,5,Highway,Snow,59,100,0,0,0
9881,20,Rural,Clear,28,60,0,0,0
9882,5,Highway,Clear,48,100,0,0,0
9883,11,Urban,Clear,22,40,0,0,0
9884,19,Highway,Fog,94,100,0,0,0
9885,21,Highway,Clear,44,100,0,0,0
9886,2,Rural,Rain,21,60,0,0,0
9887,1,Highway,Snow,51,100,1,1,1
9888,1,Urban,Clear,25,40,0,0,0
9889,10,Highway,Fog,77,100,0,0,0
9890,8,Rural,Clear,87,60,0,0,0
9891,4,Urban,Rain,38,40,0,0,0
9892,13,Urban,Clear,30,40,0,0,0
9893,4,Rural,Rain,22,60,0,0,0
9894,17,Highway,Clear,87,100,0,0,0
9895,1,Rural,Rain,22,60,0,0,0
9896,11,Rural,Snow,36,60,0,0,0
9897,4,Highway,Rain,45,100,1,1,1
9898,12,Rural,Fog,41,60,0,0,0
9899,12,Rural,Fog,49,60,0,0,0
9900,16,Urban,Fog,33,40,0,0,0
9901,4,Urban,Clear,38,40,0,0,0
9902,11,Highway,Clear,58,100,0,0,0
9903,20,Highway,Snow,30,100,0,0,0
9904,4,Urban,Fog,22,40,0,0,0
9905,15,Rural,Fog,37,60,0,0,0
9906,7,Highway,Fog,40,100,0,0,0
9907,4,Highway,Clear,33,100,1,1,1
9908,7,Urban,Rain,25,40,0,0,0
9909,20,Urban,Clear,26,40,0,0,0
9910,22,Rural,Clear,44,60,0,0,0
9911,2,Urban,Rain,43,40,0,0,0
9912,13,Rural,Rain,43,60,0,0,0
9913,10,Rural,Clear,90,60,0,0,0
9914,2,Highway,Clear,36,100,1,1,1
9915,15,Urban,Clear,28,40,0,0,0
9916,1,Highway,Clear,37,100,0,1,1
9917,19,Rural,Snow,69,60,0,0,0
9918,17,Highway,Clear,81,100,0,0,0
9919,0,Highway,Clear,43,100,1,1,1
9920,22,Urban,Clear,47,40,0,0,0
9921,21,Urban,Rain,30,40,0,0,0
9922,19,Urban,Clear,78,40,0,0,0
9923,15,Urban,Clear,28,40,0,0,0
9924,6,Rural,Clear,31,60,0,0,0
9925,4,Urban,Clear,30,40,0,0,0
9926,18,Urban,Clear,70,40,0,0,0
9927,13,Rural,Clear,35,60,0,0,0
9928,19,Rural,Clear,70,60,0,0,0
9929,10,Rural,Clear,83,60,0,0,0
9930,7,Highway,Clear,56,100,0,0,0
9931,4,Highway,Clear,42,100,0,0,0
9932,15,Highway,Rain,30,100,0,0,0
9933,17,Rural,Clear,74,60,0,0,0
9934,4,Urban,Clear,28,40,0,0,0
9935,1,Rural,Rain,20,60,0,0,0
9936,19,Highway,Rain,100,100,0,1,1
9937,20,Rural,Clear,32,60,0,0,0
9938,9,Highway,Clear,99,100,0,0,0
9939,8,Urban,Snow,90,40,0,0,0
9940,18,Rural,Rain,75,60,0,0,0
9941,18,Highway,Clear,87,100,0,0,0
9942,9,Urban,Clear,75,40,0,0,0
9943,6,Rural,Rain,39,60,0,0,0
9944,7,Highway,Fog,42,100,0,0,0
9945,3,Rural,Rain,36,60,0,0,0
9946,18,Highway,Clear,77,100,0,0,0
9947,2,Highway,Snow,35,100,0,1,1
9948,1,Urban,Clear,47,40,0,0,0
9949,20,Highway,Rain,41,100,0,0,0
9950,7,Rural,Snow,36,60,0,0,0
9951,11,Urban,Clear,32,40,0,0,0
9952,6,Highway,Clear,49,100,0,0,0
9953,8,Highway,Clear,90,100,0,0,0
9954,13,Urban,Rain,44,40,0,0,0
9955,2,Highway,Clear,55,100,1,1,1
9956,8,Highway,Clear,82,100,0,0,0
9957,16,Highway,Clear,57,100,0,0,0
9958,22,Urban,Clear,36,40,0,0,0
9959,3,Highway,Clear,35,100,0,0,0
9960,2,Rural,Rain,46,60,0,0,0
9961,14,Urban,Rain,31,40,0,0,0
9962,22,Rural,Rain,38,60,0,0,0
9963,8,Urban,Clear,61,40,0,0,0
9964,2,Highway,Rain,36,100,0,1,1
9965,18,Rural,Rain,78,60,0,0,0
9966,14,Highway,Rain,42,100,0,0,0
9967,20,Rural,Rain,37,60,0,0,0
9968,10,Rural,Clear,71,60,0,0,0
9969,13,Highway,Clear,51,100,0,0,0
9970,14,Highway,Rain,30,100,0,0,0
9971,9,Highway,Clear,79,100,0,0,0
9972,20,Highway,Snow,39,100,0,0,0
9973,22,Highway,Clear,42,100,0,0,0
9974,11,Urban,Clear,41,40,0,0,0
9975,3,Urban,Rain,28,40,0,0,0
9976,2,Highway,Rain,50,100,1,1,1
9977,19,Rural,Clear,75,60,0,0,0
9978,18,Urban,Rain,66,40,0,0,0
9979,5,Rural,Clear,47,60,0,0,0
9980,20,Highway,Clear,47,100,0,0,0
9981,5,Highway,Clear,54,100,0,0,0
9982,8,Highway,Clear,76,100,0,0,0
9983,11,Rural,Snow,32,60,0,0,0
9984,21,Highway,Clear,43,100,0,0,0
9985,10,Highway,Clear,98,100,0,0,0
9986,15,Urban,Clear,29,40,0,0,0
9987,2,Urban,Rain,24,40,0,0,0
9988,2,Rural,Clear,33,60,0,0,0
9989,21,Highway,Clear,42,100,0,0,0
9990,1,Urban,Rain,36,40,0,0,0
9991,4,Urban,Clear,34,40,0,0,0
9992,4,Rural,Clear,49,60,0,0,0
9993,12,Highway,Clear,43,100,0,0,0
9994,11,Highway,Clear,43,100,0,0,0
9995,10,Urban,Snow,78,40,0,0,0
9996,22,Rural,Clear,45,60,0,0,0
9997,18,Highway,Clear,84,100,0,0,0
9998,3,Urban,Clear,47,40,0,0,0
9999,0,Rural,Clear,26,60,0,0,0
